"min.date","max.date","scenario","model_name","temporalDriverUncertainty","spatialDriverUncertainty","rank.name","species","fcast_type","model_id"
"20130601","20151101","Legacy only","cycl_only",TRUE,TRUE,"cellulolytic","cellulolytic","Functional","cycl_only_cellulolytic_20130601_20151101"
"20130601","20151101","Legacy only","env_cov",TRUE,TRUE,"cellulolytic","cellulolytic","Functional","env_cov_cellulolytic_20130601_20151101"
"20130601","20151101","Legacy only","env_cycl",TRUE,TRUE,"cellulolytic","cellulolytic","Functional","env_cycl_cellulolytic_20130601_20151101"
"20130601","20170101","Legacy + 1 year current methods","cycl_only",TRUE,TRUE,"cellulolytic","cellulolytic","Functional","cycl_only_cellulolytic_20130601_20170101"
"20130601","20170101","Legacy + 1 year current methods","env_cov",TRUE,TRUE,"cellulolytic","cellulolytic","Functional","env_cov_cellulolytic_20130601_20170101"
"20130601","20170101","Legacy + 1 year current methods","env_cycl",TRUE,TRUE,"cellulolytic","cellulolytic","Functional","env_cycl_cellulolytic_20130601_20170101"
"20130601","20180101","Legacy with covariate 2013-2018","cycl_only",TRUE,TRUE,"cellulolytic","cellulolytic","Functional","cycl_only_cellulolytic_20130601_20180101"
"20130601","20180101","Legacy with covariate 2013-2018","env_cov",TRUE,TRUE,"cellulolytic","cellulolytic","Functional","env_cov_cellulolytic_20130601_20180101"
"20130601","20180101","Legacy with covariate 2013-2018","env_cycl",TRUE,TRUE,"cellulolytic","cellulolytic","Functional","env_cycl_cellulolytic_20130601_20180101"
"20151101","20180101","2 year current methods","cycl_only",TRUE,TRUE,"cellulolytic","cellulolytic","Functional","cycl_only_cellulolytic_20151101_20180101"
"20151101","20180101","2 year current methods","env_cov",TRUE,TRUE,"cellulolytic","cellulolytic","Functional","env_cov_cellulolytic_20151101_20180101"
"20151101","20180101","2 year current methods","env_cycl",TRUE,TRUE,"cellulolytic","cellulolytic","Functional","env_cycl_cellulolytic_20151101_20180101"
"20151101","20180101","Legacy with covariate 2013-2018","cycl_only",TRUE,TRUE,"cellulolytic","cellulolytic","Functional","cycl_only_cellulolytic_20130601_20180101"
"20151101","20180101","Legacy with covariate 2013-2018","env_cov",TRUE,TRUE,"cellulolytic","cellulolytic","Functional","env_cov_cellulolytic_20130601_20180101"
"20151101","20180101","Legacy with covariate 2013-2018","env_cycl",TRUE,TRUE,"cellulolytic","cellulolytic","Functional","env_cycl_cellulolytic_20130601_20180101"
"20151101","20200101","Full dataset","cycl_only",TRUE,TRUE,"cellulolytic","cellulolytic","Functional","cycl_only_cellulolytic_20151101_20200101"
"20151101","20200101","Full dataset","env_cov",TRUE,TRUE,"cellulolytic","cellulolytic","Functional","env_cov_cellulolytic_20151101_20200101"
"20151101","20200101","Full dataset","env_cycl",TRUE,TRUE,"cellulolytic","cellulolytic","Functional","env_cycl_cellulolytic_20151101_20200101"
"20130601","20151101","Legacy only","cycl_only",TRUE,TRUE,"assim_nitrite_reduction","assim_nitrite_reduction","Functional","cycl_only_assim_nitrite_reduction_20130601_20151101"
"20130601","20151101","Legacy only","env_cov",TRUE,TRUE,"assim_nitrite_reduction","assim_nitrite_reduction","Functional","env_cov_assim_nitrite_reduction_20130601_20151101"
"20130601","20151101","Legacy only","env_cycl",TRUE,TRUE,"assim_nitrite_reduction","assim_nitrite_reduction","Functional","env_cycl_assim_nitrite_reduction_20130601_20151101"
"20130601","20170101","Legacy + 1 year current methods","cycl_only",TRUE,TRUE,"assim_nitrite_reduction","assim_nitrite_reduction","Functional","cycl_only_assim_nitrite_reduction_20130601_20170101"
"20130601","20170101","Legacy + 1 year current methods","env_cov",TRUE,TRUE,"assim_nitrite_reduction","assim_nitrite_reduction","Functional","env_cov_assim_nitrite_reduction_20130601_20170101"
"20130601","20170101","Legacy + 1 year current methods","env_cycl",TRUE,TRUE,"assim_nitrite_reduction","assim_nitrite_reduction","Functional","env_cycl_assim_nitrite_reduction_20130601_20170101"
"20130601","20180101","Legacy with covariate 2013-2018","cycl_only",TRUE,TRUE,"assim_nitrite_reduction","assim_nitrite_reduction","Functional","cycl_only_assim_nitrite_reduction_20130601_20180101"
"20130601","20180101","Legacy with covariate 2013-2018","env_cov",TRUE,TRUE,"assim_nitrite_reduction","assim_nitrite_reduction","Functional","env_cov_assim_nitrite_reduction_20130601_20180101"
"20130601","20180101","Legacy with covariate 2013-2018","env_cycl",TRUE,TRUE,"assim_nitrite_reduction","assim_nitrite_reduction","Functional","env_cycl_assim_nitrite_reduction_20130601_20180101"
"20151101","20180101","2 year current methods","cycl_only",TRUE,TRUE,"assim_nitrite_reduction","assim_nitrite_reduction","Functional","cycl_only_assim_nitrite_reduction_20151101_20180101"
"20151101","20180101","2 year current methods","env_cov",TRUE,TRUE,"assim_nitrite_reduction","assim_nitrite_reduction","Functional","env_cov_assim_nitrite_reduction_20151101_20180101"
"20151101","20180101","2 year current methods","env_cycl",TRUE,TRUE,"assim_nitrite_reduction","assim_nitrite_reduction","Functional","env_cycl_assim_nitrite_reduction_20151101_20180101"
"20151101","20180101","Legacy with covariate 2013-2018","cycl_only",TRUE,TRUE,"assim_nitrite_reduction","assim_nitrite_reduction","Functional","cycl_only_assim_nitrite_reduction_20130601_20180101"
"20151101","20180101","Legacy with covariate 2013-2018","env_cov",TRUE,TRUE,"assim_nitrite_reduction","assim_nitrite_reduction","Functional","env_cov_assim_nitrite_reduction_20130601_20180101"
"20151101","20180101","Legacy with covariate 2013-2018","env_cycl",TRUE,TRUE,"assim_nitrite_reduction","assim_nitrite_reduction","Functional","env_cycl_assim_nitrite_reduction_20130601_20180101"
"20151101","20200101","Full dataset","cycl_only",TRUE,TRUE,"assim_nitrite_reduction","assim_nitrite_reduction","Functional","cycl_only_assim_nitrite_reduction_20151101_20200101"
"20151101","20200101","Full dataset","env_cov",TRUE,TRUE,"assim_nitrite_reduction","assim_nitrite_reduction","Functional","env_cov_assim_nitrite_reduction_20151101_20200101"
"20151101","20200101","Full dataset","env_cycl",TRUE,TRUE,"assim_nitrite_reduction","assim_nitrite_reduction","Functional","env_cycl_assim_nitrite_reduction_20151101_20200101"
"20130601","20151101","Legacy only","cycl_only",TRUE,TRUE,"dissim_nitrite_reduction","dissim_nitrite_reduction","Functional","cycl_only_dissim_nitrite_reduction_20130601_20151101"
"20130601","20151101","Legacy only","env_cov",TRUE,TRUE,"dissim_nitrite_reduction","dissim_nitrite_reduction","Functional","env_cov_dissim_nitrite_reduction_20130601_20151101"
"20130601","20151101","Legacy only","env_cycl",TRUE,TRUE,"dissim_nitrite_reduction","dissim_nitrite_reduction","Functional","env_cycl_dissim_nitrite_reduction_20130601_20151101"
"20130601","20170101","Legacy + 1 year current methods","cycl_only",TRUE,TRUE,"dissim_nitrite_reduction","dissim_nitrite_reduction","Functional","cycl_only_dissim_nitrite_reduction_20130601_20170101"
"20130601","20170101","Legacy + 1 year current methods","env_cov",TRUE,TRUE,"dissim_nitrite_reduction","dissim_nitrite_reduction","Functional","env_cov_dissim_nitrite_reduction_20130601_20170101"
"20130601","20170101","Legacy + 1 year current methods","env_cycl",TRUE,TRUE,"dissim_nitrite_reduction","dissim_nitrite_reduction","Functional","env_cycl_dissim_nitrite_reduction_20130601_20170101"
"20130601","20180101","Legacy with covariate 2013-2018","cycl_only",TRUE,TRUE,"dissim_nitrite_reduction","dissim_nitrite_reduction","Functional","cycl_only_dissim_nitrite_reduction_20130601_20180101"
"20130601","20180101","Legacy with covariate 2013-2018","env_cov",TRUE,TRUE,"dissim_nitrite_reduction","dissim_nitrite_reduction","Functional","env_cov_dissim_nitrite_reduction_20130601_20180101"
"20130601","20180101","Legacy with covariate 2013-2018","env_cycl",TRUE,TRUE,"dissim_nitrite_reduction","dissim_nitrite_reduction","Functional","env_cycl_dissim_nitrite_reduction_20130601_20180101"
"20151101","20180101","2 year current methods","cycl_only",TRUE,TRUE,"dissim_nitrite_reduction","dissim_nitrite_reduction","Functional","cycl_only_dissim_nitrite_reduction_20151101_20180101"
"20151101","20180101","2 year current methods","env_cov",TRUE,TRUE,"dissim_nitrite_reduction","dissim_nitrite_reduction","Functional","env_cov_dissim_nitrite_reduction_20151101_20180101"
"20151101","20180101","2 year current methods","env_cycl",TRUE,TRUE,"dissim_nitrite_reduction","dissim_nitrite_reduction","Functional","env_cycl_dissim_nitrite_reduction_20151101_20180101"
"20151101","20180101","Legacy with covariate 2013-2018","cycl_only",TRUE,TRUE,"dissim_nitrite_reduction","dissim_nitrite_reduction","Functional","cycl_only_dissim_nitrite_reduction_20130601_20180101"
"20151101","20180101","Legacy with covariate 2013-2018","env_cov",TRUE,TRUE,"dissim_nitrite_reduction","dissim_nitrite_reduction","Functional","env_cov_dissim_nitrite_reduction_20130601_20180101"
"20151101","20180101","Legacy with covariate 2013-2018","env_cycl",TRUE,TRUE,"dissim_nitrite_reduction","dissim_nitrite_reduction","Functional","env_cycl_dissim_nitrite_reduction_20130601_20180101"
"20151101","20200101","Full dataset","cycl_only",TRUE,TRUE,"dissim_nitrite_reduction","dissim_nitrite_reduction","Functional","cycl_only_dissim_nitrite_reduction_20151101_20200101"
"20151101","20200101","Full dataset","env_cov",TRUE,TRUE,"dissim_nitrite_reduction","dissim_nitrite_reduction","Functional","env_cov_dissim_nitrite_reduction_20151101_20200101"
"20151101","20200101","Full dataset","env_cycl",TRUE,TRUE,"dissim_nitrite_reduction","dissim_nitrite_reduction","Functional","env_cycl_dissim_nitrite_reduction_20151101_20200101"
"20130601","20151101","Legacy only","cycl_only",TRUE,TRUE,"assim_nitrate_reduction","assim_nitrate_reduction","Functional","cycl_only_assim_nitrate_reduction_20130601_20151101"
"20130601","20151101","Legacy only","env_cov",TRUE,TRUE,"assim_nitrate_reduction","assim_nitrate_reduction","Functional","env_cov_assim_nitrate_reduction_20130601_20151101"
"20130601","20151101","Legacy only","env_cycl",TRUE,TRUE,"assim_nitrate_reduction","assim_nitrate_reduction","Functional","env_cycl_assim_nitrate_reduction_20130601_20151101"
"20130601","20170101","Legacy + 1 year current methods","cycl_only",TRUE,TRUE,"assim_nitrate_reduction","assim_nitrate_reduction","Functional","cycl_only_assim_nitrate_reduction_20130601_20170101"
"20130601","20170101","Legacy + 1 year current methods","env_cov",TRUE,TRUE,"assim_nitrate_reduction","assim_nitrate_reduction","Functional","env_cov_assim_nitrate_reduction_20130601_20170101"
"20130601","20170101","Legacy + 1 year current methods","env_cycl",TRUE,TRUE,"assim_nitrate_reduction","assim_nitrate_reduction","Functional","env_cycl_assim_nitrate_reduction_20130601_20170101"
"20130601","20180101","Legacy with covariate 2013-2018","cycl_only",TRUE,TRUE,"assim_nitrate_reduction","assim_nitrate_reduction","Functional","cycl_only_assim_nitrate_reduction_20130601_20180101"
"20130601","20180101","Legacy with covariate 2013-2018","env_cov",TRUE,TRUE,"assim_nitrate_reduction","assim_nitrate_reduction","Functional","env_cov_assim_nitrate_reduction_20130601_20180101"
"20130601","20180101","Legacy with covariate 2013-2018","env_cycl",TRUE,TRUE,"assim_nitrate_reduction","assim_nitrate_reduction","Functional","env_cycl_assim_nitrate_reduction_20130601_20180101"
"20151101","20180101","2 year current methods","cycl_only",TRUE,TRUE,"assim_nitrate_reduction","assim_nitrate_reduction","Functional","cycl_only_assim_nitrate_reduction_20151101_20180101"
"20151101","20180101","2 year current methods","env_cov",TRUE,TRUE,"assim_nitrate_reduction","assim_nitrate_reduction","Functional","env_cov_assim_nitrate_reduction_20151101_20180101"
"20151101","20180101","2 year current methods","env_cycl",TRUE,TRUE,"assim_nitrate_reduction","assim_nitrate_reduction","Functional","env_cycl_assim_nitrate_reduction_20151101_20180101"
"20151101","20180101","Legacy with covariate 2013-2018","cycl_only",TRUE,TRUE,"assim_nitrate_reduction","assim_nitrate_reduction","Functional","cycl_only_assim_nitrate_reduction_20130601_20180101"
"20151101","20180101","Legacy with covariate 2013-2018","env_cov",TRUE,TRUE,"assim_nitrate_reduction","assim_nitrate_reduction","Functional","env_cov_assim_nitrate_reduction_20130601_20180101"
"20151101","20180101","Legacy with covariate 2013-2018","env_cycl",TRUE,TRUE,"assim_nitrate_reduction","assim_nitrate_reduction","Functional","env_cycl_assim_nitrate_reduction_20130601_20180101"
"20151101","20200101","Full dataset","cycl_only",TRUE,TRUE,"assim_nitrate_reduction","assim_nitrate_reduction","Functional","cycl_only_assim_nitrate_reduction_20151101_20200101"
"20151101","20200101","Full dataset","env_cov",TRUE,TRUE,"assim_nitrate_reduction","assim_nitrate_reduction","Functional","env_cov_assim_nitrate_reduction_20151101_20200101"
"20151101","20200101","Full dataset","env_cycl",TRUE,TRUE,"assim_nitrate_reduction","assim_nitrate_reduction","Functional","env_cycl_assim_nitrate_reduction_20151101_20200101"
"20130601","20151101","Legacy only","cycl_only",TRUE,TRUE,"n_fixation","n_fixation","Functional","cycl_only_n_fixation_20130601_20151101"
"20130601","20151101","Legacy only","env_cov",TRUE,TRUE,"n_fixation","n_fixation","Functional","env_cov_n_fixation_20130601_20151101"
"20130601","20151101","Legacy only","env_cycl",TRUE,TRUE,"n_fixation","n_fixation","Functional","env_cycl_n_fixation_20130601_20151101"
"20130601","20170101","Legacy + 1 year current methods","cycl_only",TRUE,TRUE,"n_fixation","n_fixation","Functional","cycl_only_n_fixation_20130601_20170101"
"20130601","20170101","Legacy + 1 year current methods","env_cov",TRUE,TRUE,"n_fixation","n_fixation","Functional","env_cov_n_fixation_20130601_20170101"
"20130601","20170101","Legacy + 1 year current methods","env_cycl",TRUE,TRUE,"n_fixation","n_fixation","Functional","env_cycl_n_fixation_20130601_20170101"
"20130601","20180101","Legacy with covariate 2013-2018","cycl_only",TRUE,TRUE,"n_fixation","n_fixation","Functional","cycl_only_n_fixation_20130601_20180101"
"20130601","20180101","Legacy with covariate 2013-2018","env_cov",TRUE,TRUE,"n_fixation","n_fixation","Functional","env_cov_n_fixation_20130601_20180101"
"20130601","20180101","Legacy with covariate 2013-2018","env_cycl",TRUE,TRUE,"n_fixation","n_fixation","Functional","env_cycl_n_fixation_20130601_20180101"
"20151101","20180101","2 year current methods","cycl_only",TRUE,TRUE,"n_fixation","n_fixation","Functional","cycl_only_n_fixation_20151101_20180101"
"20151101","20180101","2 year current methods","env_cov",TRUE,TRUE,"n_fixation","n_fixation","Functional","env_cov_n_fixation_20151101_20180101"
"20151101","20180101","2 year current methods","env_cycl",TRUE,TRUE,"n_fixation","n_fixation","Functional","env_cycl_n_fixation_20151101_20180101"
"20151101","20180101","Legacy with covariate 2013-2018","cycl_only",TRUE,TRUE,"n_fixation","n_fixation","Functional","cycl_only_n_fixation_20130601_20180101"
"20151101","20180101","Legacy with covariate 2013-2018","env_cov",TRUE,TRUE,"n_fixation","n_fixation","Functional","env_cov_n_fixation_20130601_20180101"
"20151101","20180101","Legacy with covariate 2013-2018","env_cycl",TRUE,TRUE,"n_fixation","n_fixation","Functional","env_cycl_n_fixation_20130601_20180101"
"20151101","20200101","Full dataset","cycl_only",TRUE,TRUE,"n_fixation","n_fixation","Functional","cycl_only_n_fixation_20151101_20200101"
"20151101","20200101","Full dataset","env_cov",TRUE,TRUE,"n_fixation","n_fixation","Functional","env_cov_n_fixation_20151101_20200101"
"20151101","20200101","Full dataset","env_cycl",TRUE,TRUE,"n_fixation","n_fixation","Functional","env_cycl_n_fixation_20151101_20200101"
"20130601","20151101","Legacy only","cycl_only",TRUE,TRUE,"dissim_nitrate_reduction","dissim_nitrate_reduction","Functional","cycl_only_dissim_nitrate_reduction_20130601_20151101"
"20130601","20151101","Legacy only","env_cov",TRUE,TRUE,"dissim_nitrate_reduction","dissim_nitrate_reduction","Functional","env_cov_dissim_nitrate_reduction_20130601_20151101"
"20130601","20151101","Legacy only","env_cycl",TRUE,TRUE,"dissim_nitrate_reduction","dissim_nitrate_reduction","Functional","env_cycl_dissim_nitrate_reduction_20130601_20151101"
"20130601","20170101","Legacy + 1 year current methods","cycl_only",TRUE,TRUE,"dissim_nitrate_reduction","dissim_nitrate_reduction","Functional","cycl_only_dissim_nitrate_reduction_20130601_20170101"
"20130601","20170101","Legacy + 1 year current methods","env_cov",TRUE,TRUE,"dissim_nitrate_reduction","dissim_nitrate_reduction","Functional","env_cov_dissim_nitrate_reduction_20130601_20170101"
"20130601","20170101","Legacy + 1 year current methods","env_cycl",TRUE,TRUE,"dissim_nitrate_reduction","dissim_nitrate_reduction","Functional","env_cycl_dissim_nitrate_reduction_20130601_20170101"
"20130601","20180101","Legacy with covariate 2013-2018","cycl_only",TRUE,TRUE,"dissim_nitrate_reduction","dissim_nitrate_reduction","Functional","cycl_only_dissim_nitrate_reduction_20130601_20180101"
"20130601","20180101","Legacy with covariate 2013-2018","env_cov",TRUE,TRUE,"dissim_nitrate_reduction","dissim_nitrate_reduction","Functional","env_cov_dissim_nitrate_reduction_20130601_20180101"
"20130601","20180101","Legacy with covariate 2013-2018","env_cycl",TRUE,TRUE,"dissim_nitrate_reduction","dissim_nitrate_reduction","Functional","env_cycl_dissim_nitrate_reduction_20130601_20180101"
"20151101","20180101","2 year current methods","cycl_only",TRUE,TRUE,"dissim_nitrate_reduction","dissim_nitrate_reduction","Functional","cycl_only_dissim_nitrate_reduction_20151101_20180101"
"20151101","20180101","2 year current methods","env_cov",TRUE,TRUE,"dissim_nitrate_reduction","dissim_nitrate_reduction","Functional","env_cov_dissim_nitrate_reduction_20151101_20180101"
"20151101","20180101","2 year current methods","env_cycl",TRUE,TRUE,"dissim_nitrate_reduction","dissim_nitrate_reduction","Functional","env_cycl_dissim_nitrate_reduction_20151101_20180101"
"20151101","20180101","Legacy with covariate 2013-2018","cycl_only",TRUE,TRUE,"dissim_nitrate_reduction","dissim_nitrate_reduction","Functional","cycl_only_dissim_nitrate_reduction_20130601_20180101"
"20151101","20180101","Legacy with covariate 2013-2018","env_cov",TRUE,TRUE,"dissim_nitrate_reduction","dissim_nitrate_reduction","Functional","env_cov_dissim_nitrate_reduction_20130601_20180101"
"20151101","20180101","Legacy with covariate 2013-2018","env_cycl",TRUE,TRUE,"dissim_nitrate_reduction","dissim_nitrate_reduction","Functional","env_cycl_dissim_nitrate_reduction_20130601_20180101"
"20151101","20200101","Full dataset","cycl_only",TRUE,TRUE,"dissim_nitrate_reduction","dissim_nitrate_reduction","Functional","cycl_only_dissim_nitrate_reduction_20151101_20200101"
"20151101","20200101","Full dataset","env_cov",TRUE,TRUE,"dissim_nitrate_reduction","dissim_nitrate_reduction","Functional","env_cov_dissim_nitrate_reduction_20151101_20200101"
"20151101","20200101","Full dataset","env_cycl",TRUE,TRUE,"dissim_nitrate_reduction","dissim_nitrate_reduction","Functional","env_cycl_dissim_nitrate_reduction_20151101_20200101"
"20130601","20151101","Legacy only","cycl_only",TRUE,TRUE,"nitrification","nitrification","Functional","cycl_only_nitrification_20130601_20151101"
"20130601","20151101","Legacy only","env_cov",TRUE,TRUE,"nitrification","nitrification","Functional","env_cov_nitrification_20130601_20151101"
"20130601","20151101","Legacy only","env_cycl",TRUE,TRUE,"nitrification","nitrification","Functional","env_cycl_nitrification_20130601_20151101"
"20130601","20170101","Legacy + 1 year current methods","cycl_only",TRUE,TRUE,"nitrification","nitrification","Functional","cycl_only_nitrification_20130601_20170101"
"20130601","20170101","Legacy + 1 year current methods","env_cov",TRUE,TRUE,"nitrification","nitrification","Functional","env_cov_nitrification_20130601_20170101"
"20130601","20170101","Legacy + 1 year current methods","env_cycl",TRUE,TRUE,"nitrification","nitrification","Functional","env_cycl_nitrification_20130601_20170101"
"20130601","20180101","Legacy with covariate 2013-2018","cycl_only",TRUE,TRUE,"nitrification","nitrification","Functional","cycl_only_nitrification_20130601_20180101"
"20130601","20180101","Legacy with covariate 2013-2018","env_cov",TRUE,TRUE,"nitrification","nitrification","Functional","env_cov_nitrification_20130601_20180101"
"20130601","20180101","Legacy with covariate 2013-2018","env_cycl",TRUE,TRUE,"nitrification","nitrification","Functional","env_cycl_nitrification_20130601_20180101"
"20151101","20180101","2 year current methods","cycl_only",TRUE,TRUE,"nitrification","nitrification","Functional","cycl_only_nitrification_20151101_20180101"
"20151101","20180101","2 year current methods","env_cov",TRUE,TRUE,"nitrification","nitrification","Functional","env_cov_nitrification_20151101_20180101"
"20151101","20180101","2 year current methods","env_cycl",TRUE,TRUE,"nitrification","nitrification","Functional","env_cycl_nitrification_20151101_20180101"
"20151101","20180101","Legacy with covariate 2013-2018","cycl_only",TRUE,TRUE,"nitrification","nitrification","Functional","cycl_only_nitrification_20130601_20180101"
"20151101","20180101","Legacy with covariate 2013-2018","env_cov",TRUE,TRUE,"nitrification","nitrification","Functional","env_cov_nitrification_20130601_20180101"
"20151101","20180101","Legacy with covariate 2013-2018","env_cycl",TRUE,TRUE,"nitrification","nitrification","Functional","env_cycl_nitrification_20130601_20180101"
"20151101","20200101","Full dataset","cycl_only",TRUE,TRUE,"nitrification","nitrification","Functional","cycl_only_nitrification_20151101_20200101"
"20151101","20200101","Full dataset","env_cov",TRUE,TRUE,"nitrification","nitrification","Functional","env_cov_nitrification_20151101_20200101"
"20151101","20200101","Full dataset","env_cycl",TRUE,TRUE,"nitrification","nitrification","Functional","env_cycl_nitrification_20151101_20200101"
"20130601","20151101","Legacy only","cycl_only",TRUE,TRUE,"denitrification","denitrification","Functional","cycl_only_denitrification_20130601_20151101"
"20130601","20151101","Legacy only","env_cov",TRUE,TRUE,"denitrification","denitrification","Functional","env_cov_denitrification_20130601_20151101"
"20130601","20151101","Legacy only","env_cycl",TRUE,TRUE,"denitrification","denitrification","Functional","env_cycl_denitrification_20130601_20151101"
"20130601","20170101","Legacy + 1 year current methods","cycl_only",TRUE,TRUE,"denitrification","denitrification","Functional","cycl_only_denitrification_20130601_20170101"
"20130601","20170101","Legacy + 1 year current methods","env_cov",TRUE,TRUE,"denitrification","denitrification","Functional","env_cov_denitrification_20130601_20170101"
"20130601","20170101","Legacy + 1 year current methods","env_cycl",TRUE,TRUE,"denitrification","denitrification","Functional","env_cycl_denitrification_20130601_20170101"
"20130601","20180101","Legacy with covariate 2013-2018","cycl_only",TRUE,TRUE,"denitrification","denitrification","Functional","cycl_only_denitrification_20130601_20180101"
"20130601","20180101","Legacy with covariate 2013-2018","env_cov",TRUE,TRUE,"denitrification","denitrification","Functional","env_cov_denitrification_20130601_20180101"
"20130601","20180101","Legacy with covariate 2013-2018","env_cycl",TRUE,TRUE,"denitrification","denitrification","Functional","env_cycl_denitrification_20130601_20180101"
"20151101","20180101","2 year current methods","cycl_only",TRUE,TRUE,"denitrification","denitrification","Functional","cycl_only_denitrification_20151101_20180101"
"20151101","20180101","2 year current methods","env_cov",TRUE,TRUE,"denitrification","denitrification","Functional","env_cov_denitrification_20151101_20180101"
"20151101","20180101","2 year current methods","env_cycl",TRUE,TRUE,"denitrification","denitrification","Functional","env_cycl_denitrification_20151101_20180101"
"20151101","20180101","Legacy with covariate 2013-2018","cycl_only",TRUE,TRUE,"denitrification","denitrification","Functional","cycl_only_denitrification_20130601_20180101"
"20151101","20180101","Legacy with covariate 2013-2018","env_cov",TRUE,TRUE,"denitrification","denitrification","Functional","env_cov_denitrification_20130601_20180101"
"20151101","20180101","Legacy with covariate 2013-2018","env_cycl",TRUE,TRUE,"denitrification","denitrification","Functional","env_cycl_denitrification_20130601_20180101"
"20151101","20200101","Full dataset","cycl_only",TRUE,TRUE,"denitrification","denitrification","Functional","cycl_only_denitrification_20151101_20200101"
"20151101","20200101","Full dataset","env_cov",TRUE,TRUE,"denitrification","denitrification","Functional","env_cov_denitrification_20151101_20200101"
"20151101","20200101","Full dataset","env_cycl",TRUE,TRUE,"denitrification","denitrification","Functional","env_cycl_denitrification_20151101_20200101"
"20130601","20151101","Legacy only","cycl_only",TRUE,TRUE,"chitinolytic","chitinolytic","Functional","cycl_only_chitinolytic_20130601_20151101"
"20130601","20151101","Legacy only","env_cov",TRUE,TRUE,"chitinolytic","chitinolytic","Functional","env_cov_chitinolytic_20130601_20151101"
"20130601","20151101","Legacy only","env_cycl",TRUE,TRUE,"chitinolytic","chitinolytic","Functional","env_cycl_chitinolytic_20130601_20151101"
"20130601","20170101","Legacy + 1 year current methods","cycl_only",TRUE,TRUE,"chitinolytic","chitinolytic","Functional","cycl_only_chitinolytic_20130601_20170101"
"20130601","20170101","Legacy + 1 year current methods","env_cov",TRUE,TRUE,"chitinolytic","chitinolytic","Functional","env_cov_chitinolytic_20130601_20170101"
"20130601","20170101","Legacy + 1 year current methods","env_cycl",TRUE,TRUE,"chitinolytic","chitinolytic","Functional","env_cycl_chitinolytic_20130601_20170101"
"20130601","20180101","Legacy with covariate 2013-2018","cycl_only",TRUE,TRUE,"chitinolytic","chitinolytic","Functional","cycl_only_chitinolytic_20130601_20180101"
"20130601","20180101","Legacy with covariate 2013-2018","env_cov",TRUE,TRUE,"chitinolytic","chitinolytic","Functional","env_cov_chitinolytic_20130601_20180101"
"20130601","20180101","Legacy with covariate 2013-2018","env_cycl",TRUE,TRUE,"chitinolytic","chitinolytic","Functional","env_cycl_chitinolytic_20130601_20180101"
"20151101","20180101","2 year current methods","cycl_only",TRUE,TRUE,"chitinolytic","chitinolytic","Functional","cycl_only_chitinolytic_20151101_20180101"
"20151101","20180101","2 year current methods","env_cov",TRUE,TRUE,"chitinolytic","chitinolytic","Functional","env_cov_chitinolytic_20151101_20180101"
"20151101","20180101","2 year current methods","env_cycl",TRUE,TRUE,"chitinolytic","chitinolytic","Functional","env_cycl_chitinolytic_20151101_20180101"
"20151101","20180101","Legacy with covariate 2013-2018","cycl_only",TRUE,TRUE,"chitinolytic","chitinolytic","Functional","cycl_only_chitinolytic_20130601_20180101"
"20151101","20180101","Legacy with covariate 2013-2018","env_cov",TRUE,TRUE,"chitinolytic","chitinolytic","Functional","env_cov_chitinolytic_20130601_20180101"
"20151101","20180101","Legacy with covariate 2013-2018","env_cycl",TRUE,TRUE,"chitinolytic","chitinolytic","Functional","env_cycl_chitinolytic_20130601_20180101"
"20151101","20200101","Full dataset","cycl_only",TRUE,TRUE,"chitinolytic","chitinolytic","Functional","cycl_only_chitinolytic_20151101_20200101"
"20151101","20200101","Full dataset","env_cov",TRUE,TRUE,"chitinolytic","chitinolytic","Functional","env_cov_chitinolytic_20151101_20200101"
"20151101","20200101","Full dataset","env_cycl",TRUE,TRUE,"chitinolytic","chitinolytic","Functional","env_cycl_chitinolytic_20151101_20200101"
"20130601","20151101","Legacy only","cycl_only",TRUE,TRUE,"lignolytic","lignolytic","Functional","cycl_only_lignolytic_20130601_20151101"
"20130601","20151101","Legacy only","env_cov",TRUE,TRUE,"lignolytic","lignolytic","Functional","env_cov_lignolytic_20130601_20151101"
"20130601","20151101","Legacy only","env_cycl",TRUE,TRUE,"lignolytic","lignolytic","Functional","env_cycl_lignolytic_20130601_20151101"
"20130601","20170101","Legacy + 1 year current methods","cycl_only",TRUE,TRUE,"lignolytic","lignolytic","Functional","cycl_only_lignolytic_20130601_20170101"
"20130601","20170101","Legacy + 1 year current methods","env_cov",TRUE,TRUE,"lignolytic","lignolytic","Functional","env_cov_lignolytic_20130601_20170101"
"20130601","20170101","Legacy + 1 year current methods","env_cycl",TRUE,TRUE,"lignolytic","lignolytic","Functional","env_cycl_lignolytic_20130601_20170101"
"20130601","20180101","Legacy with covariate 2013-2018","cycl_only",TRUE,TRUE,"lignolytic","lignolytic","Functional","cycl_only_lignolytic_20130601_20180101"
"20130601","20180101","Legacy with covariate 2013-2018","env_cov",TRUE,TRUE,"lignolytic","lignolytic","Functional","env_cov_lignolytic_20130601_20180101"
"20130601","20180101","Legacy with covariate 2013-2018","env_cycl",TRUE,TRUE,"lignolytic","lignolytic","Functional","env_cycl_lignolytic_20130601_20180101"
"20151101","20180101","2 year current methods","cycl_only",TRUE,TRUE,"lignolytic","lignolytic","Functional","cycl_only_lignolytic_20151101_20180101"
"20151101","20180101","2 year current methods","env_cov",TRUE,TRUE,"lignolytic","lignolytic","Functional","env_cov_lignolytic_20151101_20180101"
"20151101","20180101","2 year current methods","env_cycl",TRUE,TRUE,"lignolytic","lignolytic","Functional","env_cycl_lignolytic_20151101_20180101"
"20151101","20180101","Legacy with covariate 2013-2018","cycl_only",TRUE,TRUE,"lignolytic","lignolytic","Functional","cycl_only_lignolytic_20130601_20180101"
"20151101","20180101","Legacy with covariate 2013-2018","env_cov",TRUE,TRUE,"lignolytic","lignolytic","Functional","env_cov_lignolytic_20130601_20180101"
"20151101","20180101","Legacy with covariate 2013-2018","env_cycl",TRUE,TRUE,"lignolytic","lignolytic","Functional","env_cycl_lignolytic_20130601_20180101"
"20151101","20200101","Full dataset","cycl_only",TRUE,TRUE,"lignolytic","lignolytic","Functional","cycl_only_lignolytic_20151101_20200101"
"20151101","20200101","Full dataset","env_cov",TRUE,TRUE,"lignolytic","lignolytic","Functional","env_cov_lignolytic_20151101_20200101"
"20151101","20200101","Full dataset","env_cycl",TRUE,TRUE,"lignolytic","lignolytic","Functional","env_cycl_lignolytic_20151101_20200101"
"20130601","20151101","Legacy only","cycl_only",TRUE,TRUE,"copiotroph","copiotroph","Functional","cycl_only_copiotroph_20130601_20151101"
"20130601","20151101","Legacy only","env_cov",TRUE,TRUE,"copiotroph","copiotroph","Functional","env_cov_copiotroph_20130601_20151101"
"20130601","20151101","Legacy only","env_cycl",TRUE,TRUE,"copiotroph","copiotroph","Functional","env_cycl_copiotroph_20130601_20151101"
"20130601","20170101","Legacy + 1 year current methods","cycl_only",TRUE,TRUE,"copiotroph","copiotroph","Functional","cycl_only_copiotroph_20130601_20170101"
"20130601","20170101","Legacy + 1 year current methods","env_cov",TRUE,TRUE,"copiotroph","copiotroph","Functional","env_cov_copiotroph_20130601_20170101"
"20130601","20170101","Legacy + 1 year current methods","env_cycl",TRUE,TRUE,"copiotroph","copiotroph","Functional","env_cycl_copiotroph_20130601_20170101"
"20130601","20180101","Legacy with covariate 2013-2018","cycl_only",TRUE,TRUE,"copiotroph","copiotroph","Functional","cycl_only_copiotroph_20130601_20180101"
"20130601","20180101","Legacy with covariate 2013-2018","env_cov",TRUE,TRUE,"copiotroph","copiotroph","Functional","env_cov_copiotroph_20130601_20180101"
"20130601","20180101","Legacy with covariate 2013-2018","env_cycl",TRUE,TRUE,"copiotroph","copiotroph","Functional","env_cycl_copiotroph_20130601_20180101"
"20151101","20180101","2 year current methods","cycl_only",TRUE,TRUE,"copiotroph","copiotroph","Functional","cycl_only_copiotroph_20151101_20180101"
"20151101","20180101","2 year current methods","env_cov",TRUE,TRUE,"copiotroph","copiotroph","Functional","env_cov_copiotroph_20151101_20180101"
"20151101","20180101","2 year current methods","env_cycl",TRUE,TRUE,"copiotroph","copiotroph","Functional","env_cycl_copiotroph_20151101_20180101"
"20151101","20180101","Legacy with covariate 2013-2018","cycl_only",TRUE,TRUE,"copiotroph","copiotroph","Functional","cycl_only_copiotroph_20130601_20180101"
"20151101","20180101","Legacy with covariate 2013-2018","env_cov",TRUE,TRUE,"copiotroph","copiotroph","Functional","env_cov_copiotroph_20130601_20180101"
"20151101","20180101","Legacy with covariate 2013-2018","env_cycl",TRUE,TRUE,"copiotroph","copiotroph","Functional","env_cycl_copiotroph_20130601_20180101"
"20151101","20200101","Full dataset","cycl_only",TRUE,TRUE,"copiotroph","copiotroph","Functional","cycl_only_copiotroph_20151101_20200101"
"20151101","20200101","Full dataset","env_cov",TRUE,TRUE,"copiotroph","copiotroph","Functional","env_cov_copiotroph_20151101_20200101"
"20151101","20200101","Full dataset","env_cycl",TRUE,TRUE,"copiotroph","copiotroph","Functional","env_cycl_copiotroph_20151101_20200101"
"20130601","20151101","Legacy only","cycl_only",TRUE,TRUE,"oligotroph","oligotroph","Functional","cycl_only_oligotroph_20130601_20151101"
"20130601","20151101","Legacy only","env_cov",TRUE,TRUE,"oligotroph","oligotroph","Functional","env_cov_oligotroph_20130601_20151101"
"20130601","20151101","Legacy only","env_cycl",TRUE,TRUE,"oligotroph","oligotroph","Functional","env_cycl_oligotroph_20130601_20151101"
"20130601","20170101","Legacy + 1 year current methods","cycl_only",TRUE,TRUE,"oligotroph","oligotroph","Functional","cycl_only_oligotroph_20130601_20170101"
"20130601","20170101","Legacy + 1 year current methods","env_cov",TRUE,TRUE,"oligotroph","oligotroph","Functional","env_cov_oligotroph_20130601_20170101"
"20130601","20170101","Legacy + 1 year current methods","env_cycl",TRUE,TRUE,"oligotroph","oligotroph","Functional","env_cycl_oligotroph_20130601_20170101"
"20130601","20180101","Legacy with covariate 2013-2018","cycl_only",TRUE,TRUE,"oligotroph","oligotroph","Functional","cycl_only_oligotroph_20130601_20180101"
"20130601","20180101","Legacy with covariate 2013-2018","env_cov",TRUE,TRUE,"oligotroph","oligotroph","Functional","env_cov_oligotroph_20130601_20180101"
"20130601","20180101","Legacy with covariate 2013-2018","env_cycl",TRUE,TRUE,"oligotroph","oligotroph","Functional","env_cycl_oligotroph_20130601_20180101"
"20151101","20180101","2 year current methods","cycl_only",TRUE,TRUE,"oligotroph","oligotroph","Functional","cycl_only_oligotroph_20151101_20180101"
"20151101","20180101","2 year current methods","env_cov",TRUE,TRUE,"oligotroph","oligotroph","Functional","env_cov_oligotroph_20151101_20180101"
"20151101","20180101","2 year current methods","env_cycl",TRUE,TRUE,"oligotroph","oligotroph","Functional","env_cycl_oligotroph_20151101_20180101"
"20151101","20180101","Legacy with covariate 2013-2018","cycl_only",TRUE,TRUE,"oligotroph","oligotroph","Functional","cycl_only_oligotroph_20130601_20180101"
"20151101","20180101","Legacy with covariate 2013-2018","env_cov",TRUE,TRUE,"oligotroph","oligotroph","Functional","env_cov_oligotroph_20130601_20180101"
"20151101","20180101","Legacy with covariate 2013-2018","env_cycl",TRUE,TRUE,"oligotroph","oligotroph","Functional","env_cycl_oligotroph_20130601_20180101"
"20151101","20200101","Full dataset","cycl_only",TRUE,TRUE,"oligotroph","oligotroph","Functional","cycl_only_oligotroph_20151101_20200101"
"20151101","20200101","Full dataset","env_cov",TRUE,TRUE,"oligotroph","oligotroph","Functional","env_cov_oligotroph_20151101_20200101"
"20151101","20200101","Full dataset","env_cycl",TRUE,TRUE,"oligotroph","oligotroph","Functional","env_cycl_oligotroph_20151101_20200101"
"20130601","20151101","Legacy only","cycl_only",TRUE,TRUE,"benomyl_antibiotic","benomyl_antibiotic","Functional","cycl_only_benomyl_antibiotic_20130601_20151101"
"20130601","20151101","Legacy only","env_cov",TRUE,TRUE,"benomyl_antibiotic","benomyl_antibiotic","Functional","env_cov_benomyl_antibiotic_20130601_20151101"
"20130601","20151101","Legacy only","env_cycl",TRUE,TRUE,"benomyl_antibiotic","benomyl_antibiotic","Functional","env_cycl_benomyl_antibiotic_20130601_20151101"
"20130601","20170101","Legacy + 1 year current methods","cycl_only",TRUE,TRUE,"benomyl_antibiotic","benomyl_antibiotic","Functional","cycl_only_benomyl_antibiotic_20130601_20170101"
"20130601","20170101","Legacy + 1 year current methods","env_cov",TRUE,TRUE,"benomyl_antibiotic","benomyl_antibiotic","Functional","env_cov_benomyl_antibiotic_20130601_20170101"
"20130601","20170101","Legacy + 1 year current methods","env_cycl",TRUE,TRUE,"benomyl_antibiotic","benomyl_antibiotic","Functional","env_cycl_benomyl_antibiotic_20130601_20170101"
"20130601","20180101","Legacy with covariate 2013-2018","cycl_only",TRUE,TRUE,"benomyl_antibiotic","benomyl_antibiotic","Functional","cycl_only_benomyl_antibiotic_20130601_20180101"
"20130601","20180101","Legacy with covariate 2013-2018","env_cov",TRUE,TRUE,"benomyl_antibiotic","benomyl_antibiotic","Functional","env_cov_benomyl_antibiotic_20130601_20180101"
"20130601","20180101","Legacy with covariate 2013-2018","env_cycl",TRUE,TRUE,"benomyl_antibiotic","benomyl_antibiotic","Functional","env_cycl_benomyl_antibiotic_20130601_20180101"
"20151101","20180101","2 year current methods","cycl_only",TRUE,TRUE,"benomyl_antibiotic","benomyl_antibiotic","Functional","cycl_only_benomyl_antibiotic_20151101_20180101"
"20151101","20180101","2 year current methods","env_cov",TRUE,TRUE,"benomyl_antibiotic","benomyl_antibiotic","Functional","env_cov_benomyl_antibiotic_20151101_20180101"
"20151101","20180101","2 year current methods","env_cycl",TRUE,TRUE,"benomyl_antibiotic","benomyl_antibiotic","Functional","env_cycl_benomyl_antibiotic_20151101_20180101"
"20151101","20180101","Legacy with covariate 2013-2018","cycl_only",TRUE,TRUE,"benomyl_antibiotic","benomyl_antibiotic","Functional","cycl_only_benomyl_antibiotic_20130601_20180101"
"20151101","20180101","Legacy with covariate 2013-2018","env_cov",TRUE,TRUE,"benomyl_antibiotic","benomyl_antibiotic","Functional","env_cov_benomyl_antibiotic_20130601_20180101"
"20151101","20180101","Legacy with covariate 2013-2018","env_cycl",TRUE,TRUE,"benomyl_antibiotic","benomyl_antibiotic","Functional","env_cycl_benomyl_antibiotic_20130601_20180101"
"20151101","20200101","Full dataset","cycl_only",TRUE,TRUE,"benomyl_antibiotic","benomyl_antibiotic","Functional","cycl_only_benomyl_antibiotic_20151101_20200101"
"20151101","20200101","Full dataset","env_cov",TRUE,TRUE,"benomyl_antibiotic","benomyl_antibiotic","Functional","env_cov_benomyl_antibiotic_20151101_20200101"
"20151101","20200101","Full dataset","env_cycl",TRUE,TRUE,"benomyl_antibiotic","benomyl_antibiotic","Functional","env_cycl_benomyl_antibiotic_20151101_20200101"
"20130601","20151101","Legacy only","cycl_only",TRUE,TRUE,"glucose_simple","glucose_simple","Functional","cycl_only_glucose_simple_20130601_20151101"
"20130601","20151101","Legacy only","env_cov",TRUE,TRUE,"glucose_simple","glucose_simple","Functional","env_cov_glucose_simple_20130601_20151101"
"20130601","20151101","Legacy only","env_cycl",TRUE,TRUE,"glucose_simple","glucose_simple","Functional","env_cycl_glucose_simple_20130601_20151101"
"20130601","20170101","Legacy + 1 year current methods","cycl_only",TRUE,TRUE,"glucose_simple","glucose_simple","Functional","cycl_only_glucose_simple_20130601_20170101"
"20130601","20170101","Legacy + 1 year current methods","env_cov",TRUE,TRUE,"glucose_simple","glucose_simple","Functional","env_cov_glucose_simple_20130601_20170101"
"20130601","20170101","Legacy + 1 year current methods","env_cycl",TRUE,TRUE,"glucose_simple","glucose_simple","Functional","env_cycl_glucose_simple_20130601_20170101"
"20130601","20180101","Legacy with covariate 2013-2018","cycl_only",TRUE,TRUE,"glucose_simple","glucose_simple","Functional","cycl_only_glucose_simple_20130601_20180101"
"20130601","20180101","Legacy with covariate 2013-2018","env_cov",TRUE,TRUE,"glucose_simple","glucose_simple","Functional","env_cov_glucose_simple_20130601_20180101"
"20130601","20180101","Legacy with covariate 2013-2018","env_cycl",TRUE,TRUE,"glucose_simple","glucose_simple","Functional","env_cycl_glucose_simple_20130601_20180101"
"20151101","20180101","2 year current methods","cycl_only",TRUE,TRUE,"glucose_simple","glucose_simple","Functional","cycl_only_glucose_simple_20151101_20180101"
"20151101","20180101","2 year current methods","env_cov",TRUE,TRUE,"glucose_simple","glucose_simple","Functional","env_cov_glucose_simple_20151101_20180101"
"20151101","20180101","2 year current methods","env_cycl",TRUE,TRUE,"glucose_simple","glucose_simple","Functional","env_cycl_glucose_simple_20151101_20180101"
"20151101","20180101","Legacy with covariate 2013-2018","cycl_only",TRUE,TRUE,"glucose_simple","glucose_simple","Functional","cycl_only_glucose_simple_20130601_20180101"
"20151101","20180101","Legacy with covariate 2013-2018","env_cov",TRUE,TRUE,"glucose_simple","glucose_simple","Functional","env_cov_glucose_simple_20130601_20180101"
"20151101","20180101","Legacy with covariate 2013-2018","env_cycl",TRUE,TRUE,"glucose_simple","glucose_simple","Functional","env_cycl_glucose_simple_20130601_20180101"
"20151101","20200101","Full dataset","cycl_only",TRUE,TRUE,"glucose_simple","glucose_simple","Functional","cycl_only_glucose_simple_20151101_20200101"
"20151101","20200101","Full dataset","env_cov",TRUE,TRUE,"glucose_simple","glucose_simple","Functional","env_cov_glucose_simple_20151101_20200101"
"20151101","20200101","Full dataset","env_cycl",TRUE,TRUE,"glucose_simple","glucose_simple","Functional","env_cycl_glucose_simple_20151101_20200101"
"20130601","20151101","Legacy only","cycl_only",TRUE,TRUE,"pyruvate_simple","pyruvate_simple","Functional","cycl_only_pyruvate_simple_20130601_20151101"
"20130601","20151101","Legacy only","env_cov",TRUE,TRUE,"pyruvate_simple","pyruvate_simple","Functional","env_cov_pyruvate_simple_20130601_20151101"
"20130601","20151101","Legacy only","env_cycl",TRUE,TRUE,"pyruvate_simple","pyruvate_simple","Functional","env_cycl_pyruvate_simple_20130601_20151101"
"20130601","20170101","Legacy + 1 year current methods","cycl_only",TRUE,TRUE,"pyruvate_simple","pyruvate_simple","Functional","cycl_only_pyruvate_simple_20130601_20170101"
"20130601","20170101","Legacy + 1 year current methods","env_cov",TRUE,TRUE,"pyruvate_simple","pyruvate_simple","Functional","env_cov_pyruvate_simple_20130601_20170101"
"20130601","20170101","Legacy + 1 year current methods","env_cycl",TRUE,TRUE,"pyruvate_simple","pyruvate_simple","Functional","env_cycl_pyruvate_simple_20130601_20170101"
"20130601","20180101","Legacy with covariate 2013-2018","cycl_only",TRUE,TRUE,"pyruvate_simple","pyruvate_simple","Functional","cycl_only_pyruvate_simple_20130601_20180101"
"20130601","20180101","Legacy with covariate 2013-2018","env_cov",TRUE,TRUE,"pyruvate_simple","pyruvate_simple","Functional","env_cov_pyruvate_simple_20130601_20180101"
"20130601","20180101","Legacy with covariate 2013-2018","env_cycl",TRUE,TRUE,"pyruvate_simple","pyruvate_simple","Functional","env_cycl_pyruvate_simple_20130601_20180101"
"20151101","20180101","2 year current methods","cycl_only",TRUE,TRUE,"pyruvate_simple","pyruvate_simple","Functional","cycl_only_pyruvate_simple_20151101_20180101"
"20151101","20180101","2 year current methods","env_cov",TRUE,TRUE,"pyruvate_simple","pyruvate_simple","Functional","env_cov_pyruvate_simple_20151101_20180101"
"20151101","20180101","2 year current methods","env_cycl",TRUE,TRUE,"pyruvate_simple","pyruvate_simple","Functional","env_cycl_pyruvate_simple_20151101_20180101"
"20151101","20180101","Legacy with covariate 2013-2018","cycl_only",TRUE,TRUE,"pyruvate_simple","pyruvate_simple","Functional","cycl_only_pyruvate_simple_20130601_20180101"
"20151101","20180101","Legacy with covariate 2013-2018","env_cov",TRUE,TRUE,"pyruvate_simple","pyruvate_simple","Functional","env_cov_pyruvate_simple_20130601_20180101"
"20151101","20180101","Legacy with covariate 2013-2018","env_cycl",TRUE,TRUE,"pyruvate_simple","pyruvate_simple","Functional","env_cycl_pyruvate_simple_20130601_20180101"
"20151101","20200101","Full dataset","cycl_only",TRUE,TRUE,"pyruvate_simple","pyruvate_simple","Functional","cycl_only_pyruvate_simple_20151101_20200101"
"20151101","20200101","Full dataset","env_cov",TRUE,TRUE,"pyruvate_simple","pyruvate_simple","Functional","env_cov_pyruvate_simple_20151101_20200101"
"20151101","20200101","Full dataset","env_cycl",TRUE,TRUE,"pyruvate_simple","pyruvate_simple","Functional","env_cycl_pyruvate_simple_20151101_20200101"
"20130601","20151101","Legacy only","cycl_only",TRUE,TRUE,"streptomycin_antibiotic","streptomycin_antibiotic","Functional","cycl_only_streptomycin_antibiotic_20130601_20151101"
"20130601","20151101","Legacy only","env_cov",TRUE,TRUE,"streptomycin_antibiotic","streptomycin_antibiotic","Functional","env_cov_streptomycin_antibiotic_20130601_20151101"
"20130601","20151101","Legacy only","env_cycl",TRUE,TRUE,"streptomycin_antibiotic","streptomycin_antibiotic","Functional","env_cycl_streptomycin_antibiotic_20130601_20151101"
"20130601","20170101","Legacy + 1 year current methods","cycl_only",TRUE,TRUE,"streptomycin_antibiotic","streptomycin_antibiotic","Functional","cycl_only_streptomycin_antibiotic_20130601_20170101"
"20130601","20170101","Legacy + 1 year current methods","env_cov",TRUE,TRUE,"streptomycin_antibiotic","streptomycin_antibiotic","Functional","env_cov_streptomycin_antibiotic_20130601_20170101"
"20130601","20170101","Legacy + 1 year current methods","env_cycl",TRUE,TRUE,"streptomycin_antibiotic","streptomycin_antibiotic","Functional","env_cycl_streptomycin_antibiotic_20130601_20170101"
"20130601","20180101","Legacy with covariate 2013-2018","cycl_only",TRUE,TRUE,"streptomycin_antibiotic","streptomycin_antibiotic","Functional","cycl_only_streptomycin_antibiotic_20130601_20180101"
"20130601","20180101","Legacy with covariate 2013-2018","env_cov",TRUE,TRUE,"streptomycin_antibiotic","streptomycin_antibiotic","Functional","env_cov_streptomycin_antibiotic_20130601_20180101"
"20130601","20180101","Legacy with covariate 2013-2018","env_cycl",TRUE,TRUE,"streptomycin_antibiotic","streptomycin_antibiotic","Functional","env_cycl_streptomycin_antibiotic_20130601_20180101"
"20151101","20180101","2 year current methods","cycl_only",TRUE,TRUE,"streptomycin_antibiotic","streptomycin_antibiotic","Functional","cycl_only_streptomycin_antibiotic_20151101_20180101"
"20151101","20180101","2 year current methods","env_cov",TRUE,TRUE,"streptomycin_antibiotic","streptomycin_antibiotic","Functional","env_cov_streptomycin_antibiotic_20151101_20180101"
"20151101","20180101","2 year current methods","env_cycl",TRUE,TRUE,"streptomycin_antibiotic","streptomycin_antibiotic","Functional","env_cycl_streptomycin_antibiotic_20151101_20180101"
"20151101","20180101","Legacy with covariate 2013-2018","cycl_only",TRUE,TRUE,"streptomycin_antibiotic","streptomycin_antibiotic","Functional","cycl_only_streptomycin_antibiotic_20130601_20180101"
"20151101","20180101","Legacy with covariate 2013-2018","env_cov",TRUE,TRUE,"streptomycin_antibiotic","streptomycin_antibiotic","Functional","env_cov_streptomycin_antibiotic_20130601_20180101"
"20151101","20180101","Legacy with covariate 2013-2018","env_cycl",TRUE,TRUE,"streptomycin_antibiotic","streptomycin_antibiotic","Functional","env_cycl_streptomycin_antibiotic_20130601_20180101"
"20151101","20200101","Full dataset","cycl_only",TRUE,TRUE,"streptomycin_antibiotic","streptomycin_antibiotic","Functional","cycl_only_streptomycin_antibiotic_20151101_20200101"
"20151101","20200101","Full dataset","env_cov",TRUE,TRUE,"streptomycin_antibiotic","streptomycin_antibiotic","Functional","env_cov_streptomycin_antibiotic_20151101_20200101"
"20151101","20200101","Full dataset","env_cycl",TRUE,TRUE,"streptomycin_antibiotic","streptomycin_antibiotic","Functional","env_cycl_streptomycin_antibiotic_20151101_20200101"
"20130601","20151101","Legacy only","cycl_only",TRUE,TRUE,"sucrose_complex","sucrose_complex","Functional","cycl_only_sucrose_complex_20130601_20151101"
"20130601","20151101","Legacy only","env_cov",TRUE,TRUE,"sucrose_complex","sucrose_complex","Functional","env_cov_sucrose_complex_20130601_20151101"
"20130601","20151101","Legacy only","env_cycl",TRUE,TRUE,"sucrose_complex","sucrose_complex","Functional","env_cycl_sucrose_complex_20130601_20151101"
"20130601","20170101","Legacy + 1 year current methods","cycl_only",TRUE,TRUE,"sucrose_complex","sucrose_complex","Functional","cycl_only_sucrose_complex_20130601_20170101"
"20130601","20170101","Legacy + 1 year current methods","env_cov",TRUE,TRUE,"sucrose_complex","sucrose_complex","Functional","env_cov_sucrose_complex_20130601_20170101"
"20130601","20170101","Legacy + 1 year current methods","env_cycl",TRUE,TRUE,"sucrose_complex","sucrose_complex","Functional","env_cycl_sucrose_complex_20130601_20170101"
"20130601","20180101","Legacy with covariate 2013-2018","cycl_only",TRUE,TRUE,"sucrose_complex","sucrose_complex","Functional","cycl_only_sucrose_complex_20130601_20180101"
"20130601","20180101","Legacy with covariate 2013-2018","env_cov",TRUE,TRUE,"sucrose_complex","sucrose_complex","Functional","env_cov_sucrose_complex_20130601_20180101"
"20130601","20180101","Legacy with covariate 2013-2018","env_cycl",TRUE,TRUE,"sucrose_complex","sucrose_complex","Functional","env_cycl_sucrose_complex_20130601_20180101"
"20151101","20180101","2 year current methods","cycl_only",TRUE,TRUE,"sucrose_complex","sucrose_complex","Functional","cycl_only_sucrose_complex_20151101_20180101"
"20151101","20180101","2 year current methods","env_cov",TRUE,TRUE,"sucrose_complex","sucrose_complex","Functional","env_cov_sucrose_complex_20151101_20180101"
"20151101","20180101","2 year current methods","env_cycl",TRUE,TRUE,"sucrose_complex","sucrose_complex","Functional","env_cycl_sucrose_complex_20151101_20180101"
"20151101","20180101","Legacy with covariate 2013-2018","cycl_only",TRUE,TRUE,"sucrose_complex","sucrose_complex","Functional","cycl_only_sucrose_complex_20130601_20180101"
"20151101","20180101","Legacy with covariate 2013-2018","env_cov",TRUE,TRUE,"sucrose_complex","sucrose_complex","Functional","env_cov_sucrose_complex_20130601_20180101"
"20151101","20180101","Legacy with covariate 2013-2018","env_cycl",TRUE,TRUE,"sucrose_complex","sucrose_complex","Functional","env_cycl_sucrose_complex_20130601_20180101"
"20151101","20200101","Full dataset","cycl_only",TRUE,TRUE,"sucrose_complex","sucrose_complex","Functional","cycl_only_sucrose_complex_20151101_20200101"
"20151101","20200101","Full dataset","env_cov",TRUE,TRUE,"sucrose_complex","sucrose_complex","Functional","env_cov_sucrose_complex_20151101_20200101"
"20151101","20200101","Full dataset","env_cycl",TRUE,TRUE,"sucrose_complex","sucrose_complex","Functional","env_cycl_sucrose_complex_20151101_20200101"
"20130601","20151101","Legacy only","cycl_only",TRUE,TRUE,"acetogen_anaerobic","acetogen_anaerobic","Functional","cycl_only_acetogen_anaerobic_20130601_20151101"
"20130601","20151101","Legacy only","env_cov",TRUE,TRUE,"acetogen_anaerobic","acetogen_anaerobic","Functional","env_cov_acetogen_anaerobic_20130601_20151101"
"20130601","20151101","Legacy only","env_cycl",TRUE,TRUE,"acetogen_anaerobic","acetogen_anaerobic","Functional","env_cycl_acetogen_anaerobic_20130601_20151101"
"20130601","20170101","Legacy + 1 year current methods","cycl_only",TRUE,TRUE,"acetogen_anaerobic","acetogen_anaerobic","Functional","cycl_only_acetogen_anaerobic_20130601_20170101"
"20130601","20170101","Legacy + 1 year current methods","env_cov",TRUE,TRUE,"acetogen_anaerobic","acetogen_anaerobic","Functional","env_cov_acetogen_anaerobic_20130601_20170101"
"20130601","20170101","Legacy + 1 year current methods","env_cycl",TRUE,TRUE,"acetogen_anaerobic","acetogen_anaerobic","Functional","env_cycl_acetogen_anaerobic_20130601_20170101"
"20130601","20180101","Legacy with covariate 2013-2018","cycl_only",TRUE,TRUE,"acetogen_anaerobic","acetogen_anaerobic","Functional","cycl_only_acetogen_anaerobic_20130601_20180101"
"20130601","20180101","Legacy with covariate 2013-2018","env_cov",TRUE,TRUE,"acetogen_anaerobic","acetogen_anaerobic","Functional","env_cov_acetogen_anaerobic_20130601_20180101"
"20130601","20180101","Legacy with covariate 2013-2018","env_cycl",TRUE,TRUE,"acetogen_anaerobic","acetogen_anaerobic","Functional","env_cycl_acetogen_anaerobic_20130601_20180101"
"20151101","20180101","2 year current methods","cycl_only",TRUE,TRUE,"acetogen_anaerobic","acetogen_anaerobic","Functional","cycl_only_acetogen_anaerobic_20151101_20180101"
"20151101","20180101","2 year current methods","env_cov",TRUE,TRUE,"acetogen_anaerobic","acetogen_anaerobic","Functional","env_cov_acetogen_anaerobic_20151101_20180101"
"20151101","20180101","2 year current methods","env_cycl",TRUE,TRUE,"acetogen_anaerobic","acetogen_anaerobic","Functional","env_cycl_acetogen_anaerobic_20151101_20180101"
"20151101","20180101","Legacy with covariate 2013-2018","cycl_only",TRUE,TRUE,"acetogen_anaerobic","acetogen_anaerobic","Functional","cycl_only_acetogen_anaerobic_20130601_20180101"
"20151101","20180101","Legacy with covariate 2013-2018","env_cov",TRUE,TRUE,"acetogen_anaerobic","acetogen_anaerobic","Functional","env_cov_acetogen_anaerobic_20130601_20180101"
"20151101","20180101","Legacy with covariate 2013-2018","env_cycl",TRUE,TRUE,"acetogen_anaerobic","acetogen_anaerobic","Functional","env_cycl_acetogen_anaerobic_20130601_20180101"
"20151101","20200101","Full dataset","cycl_only",TRUE,TRUE,"acetogen_anaerobic","acetogen_anaerobic","Functional","cycl_only_acetogen_anaerobic_20151101_20200101"
"20151101","20200101","Full dataset","env_cov",TRUE,TRUE,"acetogen_anaerobic","acetogen_anaerobic","Functional","env_cov_acetogen_anaerobic_20151101_20200101"
"20151101","20200101","Full dataset","env_cycl",TRUE,TRUE,"acetogen_anaerobic","acetogen_anaerobic","Functional","env_cycl_acetogen_anaerobic_20151101_20200101"
"20130601","20151101","Legacy only","cycl_only",TRUE,TRUE,"chloramphenicol_antibiotic","chloramphenicol_antibiotic","Functional","cycl_only_chloramphenicol_antibiotic_20130601_20151101"
"20130601","20151101","Legacy only","env_cov",TRUE,TRUE,"chloramphenicol_antibiotic","chloramphenicol_antibiotic","Functional","env_cov_chloramphenicol_antibiotic_20130601_20151101"
"20130601","20151101","Legacy only","env_cycl",TRUE,TRUE,"chloramphenicol_antibiotic","chloramphenicol_antibiotic","Functional","env_cycl_chloramphenicol_antibiotic_20130601_20151101"
"20130601","20170101","Legacy + 1 year current methods","cycl_only",TRUE,TRUE,"chloramphenicol_antibiotic","chloramphenicol_antibiotic","Functional","cycl_only_chloramphenicol_antibiotic_20130601_20170101"
"20130601","20170101","Legacy + 1 year current methods","env_cov",TRUE,TRUE,"chloramphenicol_antibiotic","chloramphenicol_antibiotic","Functional","env_cov_chloramphenicol_antibiotic_20130601_20170101"
"20130601","20170101","Legacy + 1 year current methods","env_cycl",TRUE,TRUE,"chloramphenicol_antibiotic","chloramphenicol_antibiotic","Functional","env_cycl_chloramphenicol_antibiotic_20130601_20170101"
"20130601","20180101","Legacy with covariate 2013-2018","cycl_only",TRUE,TRUE,"chloramphenicol_antibiotic","chloramphenicol_antibiotic","Functional","cycl_only_chloramphenicol_antibiotic_20130601_20180101"
"20130601","20180101","Legacy with covariate 2013-2018","env_cov",TRUE,TRUE,"chloramphenicol_antibiotic","chloramphenicol_antibiotic","Functional","env_cov_chloramphenicol_antibiotic_20130601_20180101"
"20130601","20180101","Legacy with covariate 2013-2018","env_cycl",TRUE,TRUE,"chloramphenicol_antibiotic","chloramphenicol_antibiotic","Functional","env_cycl_chloramphenicol_antibiotic_20130601_20180101"
"20151101","20180101","2 year current methods","cycl_only",TRUE,TRUE,"chloramphenicol_antibiotic","chloramphenicol_antibiotic","Functional","cycl_only_chloramphenicol_antibiotic_20151101_20180101"
"20151101","20180101","2 year current methods","env_cov",TRUE,TRUE,"chloramphenicol_antibiotic","chloramphenicol_antibiotic","Functional","env_cov_chloramphenicol_antibiotic_20151101_20180101"
"20151101","20180101","2 year current methods","env_cycl",TRUE,TRUE,"chloramphenicol_antibiotic","chloramphenicol_antibiotic","Functional","env_cycl_chloramphenicol_antibiotic_20151101_20180101"
"20151101","20180101","Legacy with covariate 2013-2018","cycl_only",TRUE,TRUE,"chloramphenicol_antibiotic","chloramphenicol_antibiotic","Functional","cycl_only_chloramphenicol_antibiotic_20130601_20180101"
"20151101","20180101","Legacy with covariate 2013-2018","env_cov",TRUE,TRUE,"chloramphenicol_antibiotic","chloramphenicol_antibiotic","Functional","env_cov_chloramphenicol_antibiotic_20130601_20180101"
"20151101","20180101","Legacy with covariate 2013-2018","env_cycl",TRUE,TRUE,"chloramphenicol_antibiotic","chloramphenicol_antibiotic","Functional","env_cycl_chloramphenicol_antibiotic_20130601_20180101"
"20151101","20200101","Full dataset","cycl_only",TRUE,TRUE,"chloramphenicol_antibiotic","chloramphenicol_antibiotic","Functional","cycl_only_chloramphenicol_antibiotic_20151101_20200101"
"20151101","20200101","Full dataset","env_cov",TRUE,TRUE,"chloramphenicol_antibiotic","chloramphenicol_antibiotic","Functional","env_cov_chloramphenicol_antibiotic_20151101_20200101"
"20151101","20200101","Full dataset","env_cycl",TRUE,TRUE,"chloramphenicol_antibiotic","chloramphenicol_antibiotic","Functional","env_cycl_chloramphenicol_antibiotic_20151101_20200101"
"20130601","20151101","Legacy only","cycl_only",TRUE,TRUE,"erythromycin_antibiotic","erythromycin_antibiotic","Functional","cycl_only_erythromycin_antibiotic_20130601_20151101"
"20130601","20151101","Legacy only","env_cov",TRUE,TRUE,"erythromycin_antibiotic","erythromycin_antibiotic","Functional","env_cov_erythromycin_antibiotic_20130601_20151101"
"20130601","20151101","Legacy only","env_cycl",TRUE,TRUE,"erythromycin_antibiotic","erythromycin_antibiotic","Functional","env_cycl_erythromycin_antibiotic_20130601_20151101"
"20130601","20170101","Legacy + 1 year current methods","cycl_only",TRUE,TRUE,"erythromycin_antibiotic","erythromycin_antibiotic","Functional","cycl_only_erythromycin_antibiotic_20130601_20170101"
"20130601","20170101","Legacy + 1 year current methods","env_cov",TRUE,TRUE,"erythromycin_antibiotic","erythromycin_antibiotic","Functional","env_cov_erythromycin_antibiotic_20130601_20170101"
"20130601","20170101","Legacy + 1 year current methods","env_cycl",TRUE,TRUE,"erythromycin_antibiotic","erythromycin_antibiotic","Functional","env_cycl_erythromycin_antibiotic_20130601_20170101"
"20130601","20180101","Legacy with covariate 2013-2018","cycl_only",TRUE,TRUE,"erythromycin_antibiotic","erythromycin_antibiotic","Functional","cycl_only_erythromycin_antibiotic_20130601_20180101"
"20130601","20180101","Legacy with covariate 2013-2018","env_cov",TRUE,TRUE,"erythromycin_antibiotic","erythromycin_antibiotic","Functional","env_cov_erythromycin_antibiotic_20130601_20180101"
"20130601","20180101","Legacy with covariate 2013-2018","env_cycl",TRUE,TRUE,"erythromycin_antibiotic","erythromycin_antibiotic","Functional","env_cycl_erythromycin_antibiotic_20130601_20180101"
"20151101","20180101","2 year current methods","cycl_only",TRUE,TRUE,"erythromycin_antibiotic","erythromycin_antibiotic","Functional","cycl_only_erythromycin_antibiotic_20151101_20180101"
"20151101","20180101","2 year current methods","env_cov",TRUE,TRUE,"erythromycin_antibiotic","erythromycin_antibiotic","Functional","env_cov_erythromycin_antibiotic_20151101_20180101"
"20151101","20180101","2 year current methods","env_cycl",TRUE,TRUE,"erythromycin_antibiotic","erythromycin_antibiotic","Functional","env_cycl_erythromycin_antibiotic_20151101_20180101"
"20151101","20180101","Legacy with covariate 2013-2018","cycl_only",TRUE,TRUE,"erythromycin_antibiotic","erythromycin_antibiotic","Functional","cycl_only_erythromycin_antibiotic_20130601_20180101"
"20151101","20180101","Legacy with covariate 2013-2018","env_cov",TRUE,TRUE,"erythromycin_antibiotic","erythromycin_antibiotic","Functional","env_cov_erythromycin_antibiotic_20130601_20180101"
"20151101","20180101","Legacy with covariate 2013-2018","env_cycl",TRUE,TRUE,"erythromycin_antibiotic","erythromycin_antibiotic","Functional","env_cycl_erythromycin_antibiotic_20130601_20180101"
"20151101","20200101","Full dataset","cycl_only",TRUE,TRUE,"erythromycin_antibiotic","erythromycin_antibiotic","Functional","cycl_only_erythromycin_antibiotic_20151101_20200101"
"20151101","20200101","Full dataset","env_cov",TRUE,TRUE,"erythromycin_antibiotic","erythromycin_antibiotic","Functional","env_cov_erythromycin_antibiotic_20151101_20200101"
"20151101","20200101","Full dataset","env_cycl",TRUE,TRUE,"erythromycin_antibiotic","erythromycin_antibiotic","Functional","env_cycl_erythromycin_antibiotic_20151101_20200101"
"20130601","20151101","Legacy only","cycl_only",TRUE,TRUE,"gentamycin_antibiotic","gentamycin_antibiotic","Functional","cycl_only_gentamycin_antibiotic_20130601_20151101"
"20130601","20151101","Legacy only","env_cov",TRUE,TRUE,"gentamycin_antibiotic","gentamycin_antibiotic","Functional","env_cov_gentamycin_antibiotic_20130601_20151101"
"20130601","20151101","Legacy only","env_cycl",TRUE,TRUE,"gentamycin_antibiotic","gentamycin_antibiotic","Functional","env_cycl_gentamycin_antibiotic_20130601_20151101"
"20130601","20170101","Legacy + 1 year current methods","cycl_only",TRUE,TRUE,"gentamycin_antibiotic","gentamycin_antibiotic","Functional","cycl_only_gentamycin_antibiotic_20130601_20170101"
"20130601","20170101","Legacy + 1 year current methods","env_cov",TRUE,TRUE,"gentamycin_antibiotic","gentamycin_antibiotic","Functional","env_cov_gentamycin_antibiotic_20130601_20170101"
"20130601","20170101","Legacy + 1 year current methods","env_cycl",TRUE,TRUE,"gentamycin_antibiotic","gentamycin_antibiotic","Functional","env_cycl_gentamycin_antibiotic_20130601_20170101"
"20130601","20180101","Legacy with covariate 2013-2018","cycl_only",TRUE,TRUE,"gentamycin_antibiotic","gentamycin_antibiotic","Functional","cycl_only_gentamycin_antibiotic_20130601_20180101"
"20130601","20180101","Legacy with covariate 2013-2018","env_cov",TRUE,TRUE,"gentamycin_antibiotic","gentamycin_antibiotic","Functional","env_cov_gentamycin_antibiotic_20130601_20180101"
"20130601","20180101","Legacy with covariate 2013-2018","env_cycl",TRUE,TRUE,"gentamycin_antibiotic","gentamycin_antibiotic","Functional","env_cycl_gentamycin_antibiotic_20130601_20180101"
"20151101","20180101","2 year current methods","cycl_only",TRUE,TRUE,"gentamycin_antibiotic","gentamycin_antibiotic","Functional","cycl_only_gentamycin_antibiotic_20151101_20180101"
"20151101","20180101","2 year current methods","env_cov",TRUE,TRUE,"gentamycin_antibiotic","gentamycin_antibiotic","Functional","env_cov_gentamycin_antibiotic_20151101_20180101"
"20151101","20180101","2 year current methods","env_cycl",TRUE,TRUE,"gentamycin_antibiotic","gentamycin_antibiotic","Functional","env_cycl_gentamycin_antibiotic_20151101_20180101"
"20151101","20180101","Legacy with covariate 2013-2018","cycl_only",TRUE,TRUE,"gentamycin_antibiotic","gentamycin_antibiotic","Functional","cycl_only_gentamycin_antibiotic_20130601_20180101"
"20151101","20180101","Legacy with covariate 2013-2018","env_cov",TRUE,TRUE,"gentamycin_antibiotic","gentamycin_antibiotic","Functional","env_cov_gentamycin_antibiotic_20130601_20180101"
"20151101","20180101","Legacy with covariate 2013-2018","env_cycl",TRUE,TRUE,"gentamycin_antibiotic","gentamycin_antibiotic","Functional","env_cycl_gentamycin_antibiotic_20130601_20180101"
"20151101","20200101","Full dataset","cycl_only",TRUE,TRUE,"gentamycin_antibiotic","gentamycin_antibiotic","Functional","cycl_only_gentamycin_antibiotic_20151101_20200101"
"20151101","20200101","Full dataset","env_cov",TRUE,TRUE,"gentamycin_antibiotic","gentamycin_antibiotic","Functional","env_cov_gentamycin_antibiotic_20151101_20200101"
"20151101","20200101","Full dataset","env_cycl",TRUE,TRUE,"gentamycin_antibiotic","gentamycin_antibiotic","Functional","env_cycl_gentamycin_antibiotic_20151101_20200101"
"20130601","20151101","Legacy only","cycl_only",TRUE,TRUE,"glycerol_simple","glycerol_simple","Functional","cycl_only_glycerol_simple_20130601_20151101"
"20130601","20151101","Legacy only","env_cov",TRUE,TRUE,"glycerol_simple","glycerol_simple","Functional","env_cov_glycerol_simple_20130601_20151101"
"20130601","20151101","Legacy only","env_cycl",TRUE,TRUE,"glycerol_simple","glycerol_simple","Functional","env_cycl_glycerol_simple_20130601_20151101"
"20130601","20170101","Legacy + 1 year current methods","cycl_only",TRUE,TRUE,"glycerol_simple","glycerol_simple","Functional","cycl_only_glycerol_simple_20130601_20170101"
"20130601","20170101","Legacy + 1 year current methods","env_cov",TRUE,TRUE,"glycerol_simple","glycerol_simple","Functional","env_cov_glycerol_simple_20130601_20170101"
"20130601","20170101","Legacy + 1 year current methods","env_cycl",TRUE,TRUE,"glycerol_simple","glycerol_simple","Functional","env_cycl_glycerol_simple_20130601_20170101"
"20130601","20180101","Legacy with covariate 2013-2018","cycl_only",TRUE,TRUE,"glycerol_simple","glycerol_simple","Functional","cycl_only_glycerol_simple_20130601_20180101"
"20130601","20180101","Legacy with covariate 2013-2018","env_cov",TRUE,TRUE,"glycerol_simple","glycerol_simple","Functional","env_cov_glycerol_simple_20130601_20180101"
"20130601","20180101","Legacy with covariate 2013-2018","env_cycl",TRUE,TRUE,"glycerol_simple","glycerol_simple","Functional","env_cycl_glycerol_simple_20130601_20180101"
"20151101","20180101","2 year current methods","cycl_only",TRUE,TRUE,"glycerol_simple","glycerol_simple","Functional","cycl_only_glycerol_simple_20151101_20180101"
"20151101","20180101","2 year current methods","env_cov",TRUE,TRUE,"glycerol_simple","glycerol_simple","Functional","env_cov_glycerol_simple_20151101_20180101"
"20151101","20180101","2 year current methods","env_cycl",TRUE,TRUE,"glycerol_simple","glycerol_simple","Functional","env_cycl_glycerol_simple_20151101_20180101"
"20151101","20180101","Legacy with covariate 2013-2018","cycl_only",TRUE,TRUE,"glycerol_simple","glycerol_simple","Functional","cycl_only_glycerol_simple_20130601_20180101"
"20151101","20180101","Legacy with covariate 2013-2018","env_cov",TRUE,TRUE,"glycerol_simple","glycerol_simple","Functional","env_cov_glycerol_simple_20130601_20180101"
"20151101","20180101","Legacy with covariate 2013-2018","env_cycl",TRUE,TRUE,"glycerol_simple","glycerol_simple","Functional","env_cycl_glycerol_simple_20130601_20180101"
"20151101","20200101","Full dataset","cycl_only",TRUE,TRUE,"glycerol_simple","glycerol_simple","Functional","cycl_only_glycerol_simple_20151101_20200101"
"20151101","20200101","Full dataset","env_cov",TRUE,TRUE,"glycerol_simple","glycerol_simple","Functional","env_cov_glycerol_simple_20151101_20200101"
"20151101","20200101","Full dataset","env_cycl",TRUE,TRUE,"glycerol_simple","glycerol_simple","Functional","env_cycl_glycerol_simple_20151101_20200101"
"20130601","20151101","Legacy only","cycl_only",TRUE,TRUE,"acetate_simple","acetate_simple","Functional","cycl_only_acetate_simple_20130601_20151101"
"20130601","20151101","Legacy only","env_cov",TRUE,TRUE,"acetate_simple","acetate_simple","Functional","env_cov_acetate_simple_20130601_20151101"
"20130601","20151101","Legacy only","env_cycl",TRUE,TRUE,"acetate_simple","acetate_simple","Functional","env_cycl_acetate_simple_20130601_20151101"
"20130601","20170101","Legacy + 1 year current methods","cycl_only",TRUE,TRUE,"acetate_simple","acetate_simple","Functional","cycl_only_acetate_simple_20130601_20170101"
"20130601","20170101","Legacy + 1 year current methods","env_cov",TRUE,TRUE,"acetate_simple","acetate_simple","Functional","env_cov_acetate_simple_20130601_20170101"
"20130601","20170101","Legacy + 1 year current methods","env_cycl",TRUE,TRUE,"acetate_simple","acetate_simple","Functional","env_cycl_acetate_simple_20130601_20170101"
"20130601","20180101","Legacy with covariate 2013-2018","cycl_only",TRUE,TRUE,"acetate_simple","acetate_simple","Functional","cycl_only_acetate_simple_20130601_20180101"
"20130601","20180101","Legacy with covariate 2013-2018","env_cov",TRUE,TRUE,"acetate_simple","acetate_simple","Functional","env_cov_acetate_simple_20130601_20180101"
"20130601","20180101","Legacy with covariate 2013-2018","env_cycl",TRUE,TRUE,"acetate_simple","acetate_simple","Functional","env_cycl_acetate_simple_20130601_20180101"
"20151101","20180101","2 year current methods","cycl_only",TRUE,TRUE,"acetate_simple","acetate_simple","Functional","cycl_only_acetate_simple_20151101_20180101"
"20151101","20180101","2 year current methods","env_cov",TRUE,TRUE,"acetate_simple","acetate_simple","Functional","env_cov_acetate_simple_20151101_20180101"
"20151101","20180101","2 year current methods","env_cycl",TRUE,TRUE,"acetate_simple","acetate_simple","Functional","env_cycl_acetate_simple_20151101_20180101"
"20151101","20180101","Legacy with covariate 2013-2018","cycl_only",TRUE,TRUE,"acetate_simple","acetate_simple","Functional","cycl_only_acetate_simple_20130601_20180101"
"20151101","20180101","Legacy with covariate 2013-2018","env_cov",TRUE,TRUE,"acetate_simple","acetate_simple","Functional","env_cov_acetate_simple_20130601_20180101"
"20151101","20180101","Legacy with covariate 2013-2018","env_cycl",TRUE,TRUE,"acetate_simple","acetate_simple","Functional","env_cycl_acetate_simple_20130601_20180101"
"20151101","20200101","Full dataset","cycl_only",TRUE,TRUE,"acetate_simple","acetate_simple","Functional","cycl_only_acetate_simple_20151101_20200101"
"20151101","20200101","Full dataset","env_cov",TRUE,TRUE,"acetate_simple","acetate_simple","Functional","env_cov_acetate_simple_20151101_20200101"
"20151101","20200101","Full dataset","env_cycl",TRUE,TRUE,"acetate_simple","acetate_simple","Functional","env_cycl_acetate_simple_20151101_20200101"
"20130601","20151101","Legacy only","cycl_only",TRUE,TRUE,"acidic_stress","acidic_stress","Functional","cycl_only_acidic_stress_20130601_20151101"
"20130601","20151101","Legacy only","env_cov",TRUE,TRUE,"acidic_stress","acidic_stress","Functional","env_cov_acidic_stress_20130601_20151101"
"20130601","20151101","Legacy only","env_cycl",TRUE,TRUE,"acidic_stress","acidic_stress","Functional","env_cycl_acidic_stress_20130601_20151101"
"20130601","20170101","Legacy + 1 year current methods","cycl_only",TRUE,TRUE,"acidic_stress","acidic_stress","Functional","cycl_only_acidic_stress_20130601_20170101"
"20130601","20170101","Legacy + 1 year current methods","env_cov",TRUE,TRUE,"acidic_stress","acidic_stress","Functional","env_cov_acidic_stress_20130601_20170101"
"20130601","20170101","Legacy + 1 year current methods","env_cycl",TRUE,TRUE,"acidic_stress","acidic_stress","Functional","env_cycl_acidic_stress_20130601_20170101"
"20130601","20180101","Legacy with covariate 2013-2018","cycl_only",TRUE,TRUE,"acidic_stress","acidic_stress","Functional","cycl_only_acidic_stress_20130601_20180101"
"20130601","20180101","Legacy with covariate 2013-2018","env_cov",TRUE,TRUE,"acidic_stress","acidic_stress","Functional","env_cov_acidic_stress_20130601_20180101"
"20130601","20180101","Legacy with covariate 2013-2018","env_cycl",TRUE,TRUE,"acidic_stress","acidic_stress","Functional","env_cycl_acidic_stress_20130601_20180101"
"20151101","20180101","2 year current methods","cycl_only",TRUE,TRUE,"acidic_stress","acidic_stress","Functional","cycl_only_acidic_stress_20151101_20180101"
"20151101","20180101","2 year current methods","env_cov",TRUE,TRUE,"acidic_stress","acidic_stress","Functional","env_cov_acidic_stress_20151101_20180101"
"20151101","20180101","2 year current methods","env_cycl",TRUE,TRUE,"acidic_stress","acidic_stress","Functional","env_cycl_acidic_stress_20151101_20180101"
"20151101","20180101","Legacy with covariate 2013-2018","cycl_only",TRUE,TRUE,"acidic_stress","acidic_stress","Functional","cycl_only_acidic_stress_20130601_20180101"
"20151101","20180101","Legacy with covariate 2013-2018","env_cov",TRUE,TRUE,"acidic_stress","acidic_stress","Functional","env_cov_acidic_stress_20130601_20180101"
"20151101","20180101","Legacy with covariate 2013-2018","env_cycl",TRUE,TRUE,"acidic_stress","acidic_stress","Functional","env_cycl_acidic_stress_20130601_20180101"
"20151101","20200101","Full dataset","cycl_only",TRUE,TRUE,"acidic_stress","acidic_stress","Functional","cycl_only_acidic_stress_20151101_20200101"
"20151101","20200101","Full dataset","env_cov",TRUE,TRUE,"acidic_stress","acidic_stress","Functional","env_cov_acidic_stress_20151101_20200101"
"20151101","20200101","Full dataset","env_cycl",TRUE,TRUE,"acidic_stress","acidic_stress","Functional","env_cycl_acidic_stress_20151101_20200101"
"20130601","20151101","Legacy only","cycl_only",TRUE,TRUE,"cellobiose_complex","cellobiose_complex","Functional","cycl_only_cellobiose_complex_20130601_20151101"
"20130601","20151101","Legacy only","env_cov",TRUE,TRUE,"cellobiose_complex","cellobiose_complex","Functional","env_cov_cellobiose_complex_20130601_20151101"
"20130601","20151101","Legacy only","env_cycl",TRUE,TRUE,"cellobiose_complex","cellobiose_complex","Functional","env_cycl_cellobiose_complex_20130601_20151101"
"20130601","20170101","Legacy + 1 year current methods","cycl_only",TRUE,TRUE,"cellobiose_complex","cellobiose_complex","Functional","cycl_only_cellobiose_complex_20130601_20170101"
"20130601","20170101","Legacy + 1 year current methods","env_cov",TRUE,TRUE,"cellobiose_complex","cellobiose_complex","Functional","env_cov_cellobiose_complex_20130601_20170101"
"20130601","20170101","Legacy + 1 year current methods","env_cycl",TRUE,TRUE,"cellobiose_complex","cellobiose_complex","Functional","env_cycl_cellobiose_complex_20130601_20170101"
"20130601","20180101","Legacy with covariate 2013-2018","cycl_only",TRUE,TRUE,"cellobiose_complex","cellobiose_complex","Functional","cycl_only_cellobiose_complex_20130601_20180101"
"20130601","20180101","Legacy with covariate 2013-2018","env_cov",TRUE,TRUE,"cellobiose_complex","cellobiose_complex","Functional","env_cov_cellobiose_complex_20130601_20180101"
"20130601","20180101","Legacy with covariate 2013-2018","env_cycl",TRUE,TRUE,"cellobiose_complex","cellobiose_complex","Functional","env_cycl_cellobiose_complex_20130601_20180101"
"20151101","20180101","2 year current methods","cycl_only",TRUE,TRUE,"cellobiose_complex","cellobiose_complex","Functional","cycl_only_cellobiose_complex_20151101_20180101"
"20151101","20180101","2 year current methods","env_cov",TRUE,TRUE,"cellobiose_complex","cellobiose_complex","Functional","env_cov_cellobiose_complex_20151101_20180101"
"20151101","20180101","2 year current methods","env_cycl",TRUE,TRUE,"cellobiose_complex","cellobiose_complex","Functional","env_cycl_cellobiose_complex_20151101_20180101"
"20151101","20180101","Legacy with covariate 2013-2018","cycl_only",TRUE,TRUE,"cellobiose_complex","cellobiose_complex","Functional","cycl_only_cellobiose_complex_20130601_20180101"
"20151101","20180101","Legacy with covariate 2013-2018","env_cov",TRUE,TRUE,"cellobiose_complex","cellobiose_complex","Functional","env_cov_cellobiose_complex_20130601_20180101"
"20151101","20180101","Legacy with covariate 2013-2018","env_cycl",TRUE,TRUE,"cellobiose_complex","cellobiose_complex","Functional","env_cycl_cellobiose_complex_20130601_20180101"
"20151101","20200101","Full dataset","cycl_only",TRUE,TRUE,"cellobiose_complex","cellobiose_complex","Functional","cycl_only_cellobiose_complex_20151101_20200101"
"20151101","20200101","Full dataset","env_cov",TRUE,TRUE,"cellobiose_complex","cellobiose_complex","Functional","env_cov_cellobiose_complex_20151101_20200101"
"20151101","20200101","Full dataset","env_cycl",TRUE,TRUE,"cellobiose_complex","cellobiose_complex","Functional","env_cycl_cellobiose_complex_20151101_20200101"
"20130601","20151101","Legacy only","cycl_only",TRUE,TRUE,"cellulose_complex","cellulose_complex","Functional","cycl_only_cellulose_complex_20130601_20151101"
"20130601","20151101","Legacy only","env_cov",TRUE,TRUE,"cellulose_complex","cellulose_complex","Functional","env_cov_cellulose_complex_20130601_20151101"
"20130601","20151101","Legacy only","env_cycl",TRUE,TRUE,"cellulose_complex","cellulose_complex","Functional","env_cycl_cellulose_complex_20130601_20151101"
"20130601","20170101","Legacy + 1 year current methods","cycl_only",TRUE,TRUE,"cellulose_complex","cellulose_complex","Functional","cycl_only_cellulose_complex_20130601_20170101"
"20130601","20170101","Legacy + 1 year current methods","env_cov",TRUE,TRUE,"cellulose_complex","cellulose_complex","Functional","env_cov_cellulose_complex_20130601_20170101"
"20130601","20170101","Legacy + 1 year current methods","env_cycl",TRUE,TRUE,"cellulose_complex","cellulose_complex","Functional","env_cycl_cellulose_complex_20130601_20170101"
"20130601","20180101","Legacy with covariate 2013-2018","cycl_only",TRUE,TRUE,"cellulose_complex","cellulose_complex","Functional","cycl_only_cellulose_complex_20130601_20180101"
"20130601","20180101","Legacy with covariate 2013-2018","env_cov",TRUE,TRUE,"cellulose_complex","cellulose_complex","Functional","env_cov_cellulose_complex_20130601_20180101"
"20130601","20180101","Legacy with covariate 2013-2018","env_cycl",TRUE,TRUE,"cellulose_complex","cellulose_complex","Functional","env_cycl_cellulose_complex_20130601_20180101"
"20151101","20180101","2 year current methods","cycl_only",TRUE,TRUE,"cellulose_complex","cellulose_complex","Functional","cycl_only_cellulose_complex_20151101_20180101"
"20151101","20180101","2 year current methods","env_cov",TRUE,TRUE,"cellulose_complex","cellulose_complex","Functional","env_cov_cellulose_complex_20151101_20180101"
"20151101","20180101","2 year current methods","env_cycl",TRUE,TRUE,"cellulose_complex","cellulose_complex","Functional","env_cycl_cellulose_complex_20151101_20180101"
"20151101","20180101","Legacy with covariate 2013-2018","cycl_only",TRUE,TRUE,"cellulose_complex","cellulose_complex","Functional","cycl_only_cellulose_complex_20130601_20180101"
"20151101","20180101","Legacy with covariate 2013-2018","env_cov",TRUE,TRUE,"cellulose_complex","cellulose_complex","Functional","env_cov_cellulose_complex_20130601_20180101"
"20151101","20180101","Legacy with covariate 2013-2018","env_cycl",TRUE,TRUE,"cellulose_complex","cellulose_complex","Functional","env_cycl_cellulose_complex_20130601_20180101"
"20151101","20200101","Full dataset","cycl_only",TRUE,TRUE,"cellulose_complex","cellulose_complex","Functional","cycl_only_cellulose_complex_20151101_20200101"
"20151101","20200101","Full dataset","env_cov",TRUE,TRUE,"cellulose_complex","cellulose_complex","Functional","env_cov_cellulose_complex_20151101_20200101"
"20151101","20200101","Full dataset","env_cycl",TRUE,TRUE,"cellulose_complex","cellulose_complex","Functional","env_cycl_cellulose_complex_20151101_20200101"
"20130601","20151101","Legacy only","cycl_only",TRUE,TRUE,"chitin_complex","chitin_complex","Functional","cycl_only_chitin_complex_20130601_20151101"
"20130601","20151101","Legacy only","env_cov",TRUE,TRUE,"chitin_complex","chitin_complex","Functional","env_cov_chitin_complex_20130601_20151101"
"20130601","20151101","Legacy only","env_cycl",TRUE,TRUE,"chitin_complex","chitin_complex","Functional","env_cycl_chitin_complex_20130601_20151101"
"20130601","20170101","Legacy + 1 year current methods","cycl_only",TRUE,TRUE,"chitin_complex","chitin_complex","Functional","cycl_only_chitin_complex_20130601_20170101"
"20130601","20170101","Legacy + 1 year current methods","env_cov",TRUE,TRUE,"chitin_complex","chitin_complex","Functional","env_cov_chitin_complex_20130601_20170101"
"20130601","20170101","Legacy + 1 year current methods","env_cycl",TRUE,TRUE,"chitin_complex","chitin_complex","Functional","env_cycl_chitin_complex_20130601_20170101"
"20130601","20180101","Legacy with covariate 2013-2018","cycl_only",TRUE,TRUE,"chitin_complex","chitin_complex","Functional","cycl_only_chitin_complex_20130601_20180101"
"20130601","20180101","Legacy with covariate 2013-2018","env_cov",TRUE,TRUE,"chitin_complex","chitin_complex","Functional","env_cov_chitin_complex_20130601_20180101"
"20130601","20180101","Legacy with covariate 2013-2018","env_cycl",TRUE,TRUE,"chitin_complex","chitin_complex","Functional","env_cycl_chitin_complex_20130601_20180101"
"20151101","20180101","2 year current methods","cycl_only",TRUE,TRUE,"chitin_complex","chitin_complex","Functional","cycl_only_chitin_complex_20151101_20180101"
"20151101","20180101","2 year current methods","env_cov",TRUE,TRUE,"chitin_complex","chitin_complex","Functional","env_cov_chitin_complex_20151101_20180101"
"20151101","20180101","2 year current methods","env_cycl",TRUE,TRUE,"chitin_complex","chitin_complex","Functional","env_cycl_chitin_complex_20151101_20180101"
"20151101","20180101","Legacy with covariate 2013-2018","cycl_only",TRUE,TRUE,"chitin_complex","chitin_complex","Functional","cycl_only_chitin_complex_20130601_20180101"
"20151101","20180101","Legacy with covariate 2013-2018","env_cov",TRUE,TRUE,"chitin_complex","chitin_complex","Functional","env_cov_chitin_complex_20130601_20180101"
"20151101","20180101","Legacy with covariate 2013-2018","env_cycl",TRUE,TRUE,"chitin_complex","chitin_complex","Functional","env_cycl_chitin_complex_20130601_20180101"
"20151101","20200101","Full dataset","cycl_only",TRUE,TRUE,"chitin_complex","chitin_complex","Functional","cycl_only_chitin_complex_20151101_20200101"
"20151101","20200101","Full dataset","env_cov",TRUE,TRUE,"chitin_complex","chitin_complex","Functional","env_cov_chitin_complex_20151101_20200101"
"20151101","20200101","Full dataset","env_cycl",TRUE,TRUE,"chitin_complex","chitin_complex","Functional","env_cycl_chitin_complex_20151101_20200101"
"20130601","20151101","Legacy only","cycl_only",TRUE,TRUE,"galactose_simple","galactose_simple","Functional","cycl_only_galactose_simple_20130601_20151101"
"20130601","20151101","Legacy only","env_cov",TRUE,TRUE,"galactose_simple","galactose_simple","Functional","env_cov_galactose_simple_20130601_20151101"
"20130601","20151101","Legacy only","env_cycl",TRUE,TRUE,"galactose_simple","galactose_simple","Functional","env_cycl_galactose_simple_20130601_20151101"
"20130601","20170101","Legacy + 1 year current methods","cycl_only",TRUE,TRUE,"galactose_simple","galactose_simple","Functional","cycl_only_galactose_simple_20130601_20170101"
"20130601","20170101","Legacy + 1 year current methods","env_cov",TRUE,TRUE,"galactose_simple","galactose_simple","Functional","env_cov_galactose_simple_20130601_20170101"
"20130601","20170101","Legacy + 1 year current methods","env_cycl",TRUE,TRUE,"galactose_simple","galactose_simple","Functional","env_cycl_galactose_simple_20130601_20170101"
"20130601","20180101","Legacy with covariate 2013-2018","cycl_only",TRUE,TRUE,"galactose_simple","galactose_simple","Functional","cycl_only_galactose_simple_20130601_20180101"
"20130601","20180101","Legacy with covariate 2013-2018","env_cov",TRUE,TRUE,"galactose_simple","galactose_simple","Functional","env_cov_galactose_simple_20130601_20180101"
"20130601","20180101","Legacy with covariate 2013-2018","env_cycl",TRUE,TRUE,"galactose_simple","galactose_simple","Functional","env_cycl_galactose_simple_20130601_20180101"
"20151101","20180101","2 year current methods","cycl_only",TRUE,TRUE,"galactose_simple","galactose_simple","Functional","cycl_only_galactose_simple_20151101_20180101"
"20151101","20180101","2 year current methods","env_cov",TRUE,TRUE,"galactose_simple","galactose_simple","Functional","env_cov_galactose_simple_20151101_20180101"
"20151101","20180101","2 year current methods","env_cycl",TRUE,TRUE,"galactose_simple","galactose_simple","Functional","env_cycl_galactose_simple_20151101_20180101"
"20151101","20180101","Legacy with covariate 2013-2018","cycl_only",TRUE,TRUE,"galactose_simple","galactose_simple","Functional","cycl_only_galactose_simple_20130601_20180101"
"20151101","20180101","Legacy with covariate 2013-2018","env_cov",TRUE,TRUE,"galactose_simple","galactose_simple","Functional","env_cov_galactose_simple_20130601_20180101"
"20151101","20180101","Legacy with covariate 2013-2018","env_cycl",TRUE,TRUE,"galactose_simple","galactose_simple","Functional","env_cycl_galactose_simple_20130601_20180101"
"20151101","20200101","Full dataset","cycl_only",TRUE,TRUE,"galactose_simple","galactose_simple","Functional","cycl_only_galactose_simple_20151101_20200101"
"20151101","20200101","Full dataset","env_cov",TRUE,TRUE,"galactose_simple","galactose_simple","Functional","env_cov_galactose_simple_20151101_20200101"
"20151101","20200101","Full dataset","env_cycl",TRUE,TRUE,"galactose_simple","galactose_simple","Functional","env_cycl_galactose_simple_20151101_20200101"
"20130601","20151101","Legacy only","cycl_only",TRUE,TRUE,"xylose_simple","xylose_simple","Functional","cycl_only_xylose_simple_20130601_20151101"
"20130601","20151101","Legacy only","env_cov",TRUE,TRUE,"xylose_simple","xylose_simple","Functional","env_cov_xylose_simple_20130601_20151101"
"20130601","20151101","Legacy only","env_cycl",TRUE,TRUE,"xylose_simple","xylose_simple","Functional","env_cycl_xylose_simple_20130601_20151101"
"20130601","20170101","Legacy + 1 year current methods","cycl_only",TRUE,TRUE,"xylose_simple","xylose_simple","Functional","cycl_only_xylose_simple_20130601_20170101"
"20130601","20170101","Legacy + 1 year current methods","env_cov",TRUE,TRUE,"xylose_simple","xylose_simple","Functional","env_cov_xylose_simple_20130601_20170101"
"20130601","20170101","Legacy + 1 year current methods","env_cycl",TRUE,TRUE,"xylose_simple","xylose_simple","Functional","env_cycl_xylose_simple_20130601_20170101"
"20130601","20180101","Legacy with covariate 2013-2018","cycl_only",TRUE,TRUE,"xylose_simple","xylose_simple","Functional","cycl_only_xylose_simple_20130601_20180101"
"20130601","20180101","Legacy with covariate 2013-2018","env_cov",TRUE,TRUE,"xylose_simple","xylose_simple","Functional","env_cov_xylose_simple_20130601_20180101"
"20130601","20180101","Legacy with covariate 2013-2018","env_cycl",TRUE,TRUE,"xylose_simple","xylose_simple","Functional","env_cycl_xylose_simple_20130601_20180101"
"20151101","20180101","2 year current methods","cycl_only",TRUE,TRUE,"xylose_simple","xylose_simple","Functional","cycl_only_xylose_simple_20151101_20180101"
"20151101","20180101","2 year current methods","env_cov",TRUE,TRUE,"xylose_simple","xylose_simple","Functional","env_cov_xylose_simple_20151101_20180101"
"20151101","20180101","2 year current methods","env_cycl",TRUE,TRUE,"xylose_simple","xylose_simple","Functional","env_cycl_xylose_simple_20151101_20180101"
"20151101","20180101","Legacy with covariate 2013-2018","cycl_only",TRUE,TRUE,"xylose_simple","xylose_simple","Functional","cycl_only_xylose_simple_20130601_20180101"
"20151101","20180101","Legacy with covariate 2013-2018","env_cov",TRUE,TRUE,"xylose_simple","xylose_simple","Functional","env_cov_xylose_simple_20130601_20180101"
"20151101","20180101","Legacy with covariate 2013-2018","env_cycl",TRUE,TRUE,"xylose_simple","xylose_simple","Functional","env_cycl_xylose_simple_20130601_20180101"
"20151101","20200101","Full dataset","cycl_only",TRUE,TRUE,"xylose_simple","xylose_simple","Functional","cycl_only_xylose_simple_20151101_20200101"
"20151101","20200101","Full dataset","env_cov",TRUE,TRUE,"xylose_simple","xylose_simple","Functional","env_cov_xylose_simple_20151101_20200101"
"20151101","20200101","Full dataset","env_cycl",TRUE,TRUE,"xylose_simple","xylose_simple","Functional","env_cycl_xylose_simple_20151101_20200101"
"20130601","20151101","Legacy only","cycl_only",TRUE,TRUE,"salt_stress","salt_stress","Functional","cycl_only_salt_stress_20130601_20151101"
"20130601","20151101","Legacy only","env_cov",TRUE,TRUE,"salt_stress","salt_stress","Functional","env_cov_salt_stress_20130601_20151101"
"20130601","20151101","Legacy only","env_cycl",TRUE,TRUE,"salt_stress","salt_stress","Functional","env_cycl_salt_stress_20130601_20151101"
"20130601","20170101","Legacy + 1 year current methods","cycl_only",TRUE,TRUE,"salt_stress","salt_stress","Functional","cycl_only_salt_stress_20130601_20170101"
"20130601","20170101","Legacy + 1 year current methods","env_cov",TRUE,TRUE,"salt_stress","salt_stress","Functional","env_cov_salt_stress_20130601_20170101"
"20130601","20170101","Legacy + 1 year current methods","env_cycl",TRUE,TRUE,"salt_stress","salt_stress","Functional","env_cycl_salt_stress_20130601_20170101"
"20130601","20180101","Legacy with covariate 2013-2018","cycl_only",TRUE,TRUE,"salt_stress","salt_stress","Functional","cycl_only_salt_stress_20130601_20180101"
"20130601","20180101","Legacy with covariate 2013-2018","env_cov",TRUE,TRUE,"salt_stress","salt_stress","Functional","env_cov_salt_stress_20130601_20180101"
"20130601","20180101","Legacy with covariate 2013-2018","env_cycl",TRUE,TRUE,"salt_stress","salt_stress","Functional","env_cycl_salt_stress_20130601_20180101"
"20151101","20180101","2 year current methods","cycl_only",TRUE,TRUE,"salt_stress","salt_stress","Functional","cycl_only_salt_stress_20151101_20180101"
"20151101","20180101","2 year current methods","env_cov",TRUE,TRUE,"salt_stress","salt_stress","Functional","env_cov_salt_stress_20151101_20180101"
"20151101","20180101","2 year current methods","env_cycl",TRUE,TRUE,"salt_stress","salt_stress","Functional","env_cycl_salt_stress_20151101_20180101"
"20151101","20180101","Legacy with covariate 2013-2018","cycl_only",TRUE,TRUE,"salt_stress","salt_stress","Functional","cycl_only_salt_stress_20130601_20180101"
"20151101","20180101","Legacy with covariate 2013-2018","env_cov",TRUE,TRUE,"salt_stress","salt_stress","Functional","env_cov_salt_stress_20130601_20180101"
"20151101","20180101","Legacy with covariate 2013-2018","env_cycl",TRUE,TRUE,"salt_stress","salt_stress","Functional","env_cycl_salt_stress_20130601_20180101"
"20151101","20200101","Full dataset","cycl_only",TRUE,TRUE,"salt_stress","salt_stress","Functional","cycl_only_salt_stress_20151101_20200101"
"20151101","20200101","Full dataset","env_cov",TRUE,TRUE,"salt_stress","salt_stress","Functional","env_cov_salt_stress_20151101_20200101"
"20151101","20200101","Full dataset","env_cycl",TRUE,TRUE,"salt_stress","salt_stress","Functional","env_cycl_salt_stress_20151101_20200101"
"20130601","20151101","Legacy only","cycl_only",TRUE,TRUE,"herbicide_stress","herbicide_stress","Functional","cycl_only_herbicide_stress_20130601_20151101"
"20130601","20151101","Legacy only","env_cov",TRUE,TRUE,"herbicide_stress","herbicide_stress","Functional","env_cov_herbicide_stress_20130601_20151101"
"20130601","20151101","Legacy only","env_cycl",TRUE,TRUE,"herbicide_stress","herbicide_stress","Functional","env_cycl_herbicide_stress_20130601_20151101"
"20130601","20170101","Legacy + 1 year current methods","cycl_only",TRUE,TRUE,"herbicide_stress","herbicide_stress","Functional","cycl_only_herbicide_stress_20130601_20170101"
"20130601","20170101","Legacy + 1 year current methods","env_cov",TRUE,TRUE,"herbicide_stress","herbicide_stress","Functional","env_cov_herbicide_stress_20130601_20170101"
"20130601","20170101","Legacy + 1 year current methods","env_cycl",TRUE,TRUE,"herbicide_stress","herbicide_stress","Functional","env_cycl_herbicide_stress_20130601_20170101"
"20130601","20180101","Legacy with covariate 2013-2018","cycl_only",TRUE,TRUE,"herbicide_stress","herbicide_stress","Functional","cycl_only_herbicide_stress_20130601_20180101"
"20130601","20180101","Legacy with covariate 2013-2018","env_cov",TRUE,TRUE,"herbicide_stress","herbicide_stress","Functional","env_cov_herbicide_stress_20130601_20180101"
"20130601","20180101","Legacy with covariate 2013-2018","env_cycl",TRUE,TRUE,"herbicide_stress","herbicide_stress","Functional","env_cycl_herbicide_stress_20130601_20180101"
"20151101","20180101","2 year current methods","cycl_only",TRUE,TRUE,"herbicide_stress","herbicide_stress","Functional","cycl_only_herbicide_stress_20151101_20180101"
"20151101","20180101","2 year current methods","env_cov",TRUE,TRUE,"herbicide_stress","herbicide_stress","Functional","env_cov_herbicide_stress_20151101_20180101"
"20151101","20180101","2 year current methods","env_cycl",TRUE,TRUE,"herbicide_stress","herbicide_stress","Functional","env_cycl_herbicide_stress_20151101_20180101"
"20151101","20180101","Legacy with covariate 2013-2018","cycl_only",TRUE,TRUE,"herbicide_stress","herbicide_stress","Functional","cycl_only_herbicide_stress_20130601_20180101"
"20151101","20180101","Legacy with covariate 2013-2018","env_cov",TRUE,TRUE,"herbicide_stress","herbicide_stress","Functional","env_cov_herbicide_stress_20130601_20180101"
"20151101","20180101","Legacy with covariate 2013-2018","env_cycl",TRUE,TRUE,"herbicide_stress","herbicide_stress","Functional","env_cycl_herbicide_stress_20130601_20180101"
"20151101","20200101","Full dataset","cycl_only",TRUE,TRUE,"herbicide_stress","herbicide_stress","Functional","cycl_only_herbicide_stress_20151101_20200101"
"20151101","20200101","Full dataset","env_cov",TRUE,TRUE,"herbicide_stress","herbicide_stress","Functional","env_cov_herbicide_stress_20151101_20200101"
"20151101","20200101","Full dataset","env_cycl",TRUE,TRUE,"herbicide_stress","herbicide_stress","Functional","env_cycl_herbicide_stress_20151101_20200101"
"20130601","20151101","Legacy only","cycl_only",TRUE,TRUE,"osmotic_stress","osmotic_stress","Functional","cycl_only_osmotic_stress_20130601_20151101"
"20130601","20151101","Legacy only","env_cov",TRUE,TRUE,"osmotic_stress","osmotic_stress","Functional","env_cov_osmotic_stress_20130601_20151101"
"20130601","20151101","Legacy only","env_cycl",TRUE,TRUE,"osmotic_stress","osmotic_stress","Functional","env_cycl_osmotic_stress_20130601_20151101"
"20130601","20170101","Legacy + 1 year current methods","cycl_only",TRUE,TRUE,"osmotic_stress","osmotic_stress","Functional","cycl_only_osmotic_stress_20130601_20170101"
"20130601","20170101","Legacy + 1 year current methods","env_cov",TRUE,TRUE,"osmotic_stress","osmotic_stress","Functional","env_cov_osmotic_stress_20130601_20170101"
"20130601","20170101","Legacy + 1 year current methods","env_cycl",TRUE,TRUE,"osmotic_stress","osmotic_stress","Functional","env_cycl_osmotic_stress_20130601_20170101"
"20130601","20180101","Legacy with covariate 2013-2018","cycl_only",TRUE,TRUE,"osmotic_stress","osmotic_stress","Functional","cycl_only_osmotic_stress_20130601_20180101"
"20130601","20180101","Legacy with covariate 2013-2018","env_cov",TRUE,TRUE,"osmotic_stress","osmotic_stress","Functional","env_cov_osmotic_stress_20130601_20180101"
"20130601","20180101","Legacy with covariate 2013-2018","env_cycl",TRUE,TRUE,"osmotic_stress","osmotic_stress","Functional","env_cycl_osmotic_stress_20130601_20180101"
"20151101","20180101","2 year current methods","cycl_only",TRUE,TRUE,"osmotic_stress","osmotic_stress","Functional","cycl_only_osmotic_stress_20151101_20180101"
"20151101","20180101","2 year current methods","env_cov",TRUE,TRUE,"osmotic_stress","osmotic_stress","Functional","env_cov_osmotic_stress_20151101_20180101"
"20151101","20180101","2 year current methods","env_cycl",TRUE,TRUE,"osmotic_stress","osmotic_stress","Functional","env_cycl_osmotic_stress_20151101_20180101"
"20151101","20180101","Legacy with covariate 2013-2018","cycl_only",TRUE,TRUE,"osmotic_stress","osmotic_stress","Functional","cycl_only_osmotic_stress_20130601_20180101"
"20151101","20180101","Legacy with covariate 2013-2018","env_cov",TRUE,TRUE,"osmotic_stress","osmotic_stress","Functional","env_cov_osmotic_stress_20130601_20180101"
"20151101","20180101","Legacy with covariate 2013-2018","env_cycl",TRUE,TRUE,"osmotic_stress","osmotic_stress","Functional","env_cycl_osmotic_stress_20130601_20180101"
"20151101","20200101","Full dataset","cycl_only",TRUE,TRUE,"osmotic_stress","osmotic_stress","Functional","cycl_only_osmotic_stress_20151101_20200101"
"20151101","20200101","Full dataset","env_cov",TRUE,TRUE,"osmotic_stress","osmotic_stress","Functional","env_cov_osmotic_stress_20151101_20200101"
"20151101","20200101","Full dataset","env_cycl",TRUE,TRUE,"osmotic_stress","osmotic_stress","Functional","env_cycl_osmotic_stress_20151101_20200101"
"20130601","20151101","Legacy only","cycl_only",TRUE,TRUE,"heat_stress","heat_stress","Functional","cycl_only_heat_stress_20130601_20151101"
"20130601","20151101","Legacy only","env_cov",TRUE,TRUE,"heat_stress","heat_stress","Functional","env_cov_heat_stress_20130601_20151101"
"20130601","20151101","Legacy only","env_cycl",TRUE,TRUE,"heat_stress","heat_stress","Functional","env_cycl_heat_stress_20130601_20151101"
"20130601","20170101","Legacy + 1 year current methods","cycl_only",TRUE,TRUE,"heat_stress","heat_stress","Functional","cycl_only_heat_stress_20130601_20170101"
"20130601","20170101","Legacy + 1 year current methods","env_cov",TRUE,TRUE,"heat_stress","heat_stress","Functional","env_cov_heat_stress_20130601_20170101"
"20130601","20170101","Legacy + 1 year current methods","env_cycl",TRUE,TRUE,"heat_stress","heat_stress","Functional","env_cycl_heat_stress_20130601_20170101"
"20130601","20180101","Legacy with covariate 2013-2018","cycl_only",TRUE,TRUE,"heat_stress","heat_stress","Functional","cycl_only_heat_stress_20130601_20180101"
"20130601","20180101","Legacy with covariate 2013-2018","env_cov",TRUE,TRUE,"heat_stress","heat_stress","Functional","env_cov_heat_stress_20130601_20180101"
"20130601","20180101","Legacy with covariate 2013-2018","env_cycl",TRUE,TRUE,"heat_stress","heat_stress","Functional","env_cycl_heat_stress_20130601_20180101"
"20151101","20180101","2 year current methods","cycl_only",TRUE,TRUE,"heat_stress","heat_stress","Functional","cycl_only_heat_stress_20151101_20180101"
"20151101","20180101","2 year current methods","env_cov",TRUE,TRUE,"heat_stress","heat_stress","Functional","env_cov_heat_stress_20151101_20180101"
"20151101","20180101","2 year current methods","env_cycl",TRUE,TRUE,"heat_stress","heat_stress","Functional","env_cycl_heat_stress_20151101_20180101"
"20151101","20180101","Legacy with covariate 2013-2018","cycl_only",TRUE,TRUE,"heat_stress","heat_stress","Functional","cycl_only_heat_stress_20130601_20180101"
"20151101","20180101","Legacy with covariate 2013-2018","env_cov",TRUE,TRUE,"heat_stress","heat_stress","Functional","env_cov_heat_stress_20130601_20180101"
"20151101","20180101","Legacy with covariate 2013-2018","env_cycl",TRUE,TRUE,"heat_stress","heat_stress","Functional","env_cycl_heat_stress_20130601_20180101"
"20151101","20200101","Full dataset","cycl_only",TRUE,TRUE,"heat_stress","heat_stress","Functional","cycl_only_heat_stress_20151101_20200101"
"20151101","20200101","Full dataset","env_cov",TRUE,TRUE,"heat_stress","heat_stress","Functional","env_cov_heat_stress_20151101_20200101"
"20151101","20200101","Full dataset","env_cycl",TRUE,TRUE,"heat_stress","heat_stress","Functional","env_cycl_heat_stress_20151101_20200101"
"20130601","20151101","Legacy only","cycl_only",TRUE,TRUE,"light_stress","light_stress","Functional","cycl_only_light_stress_20130601_20151101"
"20130601","20151101","Legacy only","env_cov",TRUE,TRUE,"light_stress","light_stress","Functional","env_cov_light_stress_20130601_20151101"
"20130601","20151101","Legacy only","env_cycl",TRUE,TRUE,"light_stress","light_stress","Functional","env_cycl_light_stress_20130601_20151101"
"20130601","20170101","Legacy + 1 year current methods","cycl_only",TRUE,TRUE,"light_stress","light_stress","Functional","cycl_only_light_stress_20130601_20170101"
"20130601","20170101","Legacy + 1 year current methods","env_cov",TRUE,TRUE,"light_stress","light_stress","Functional","env_cov_light_stress_20130601_20170101"
"20130601","20170101","Legacy + 1 year current methods","env_cycl",TRUE,TRUE,"light_stress","light_stress","Functional","env_cycl_light_stress_20130601_20170101"
"20130601","20180101","Legacy with covariate 2013-2018","cycl_only",TRUE,TRUE,"light_stress","light_stress","Functional","cycl_only_light_stress_20130601_20180101"
"20130601","20180101","Legacy with covariate 2013-2018","env_cov",TRUE,TRUE,"light_stress","light_stress","Functional","env_cov_light_stress_20130601_20180101"
"20130601","20180101","Legacy with covariate 2013-2018","env_cycl",TRUE,TRUE,"light_stress","light_stress","Functional","env_cycl_light_stress_20130601_20180101"
"20151101","20180101","2 year current methods","cycl_only",TRUE,TRUE,"light_stress","light_stress","Functional","cycl_only_light_stress_20151101_20180101"
"20151101","20180101","2 year current methods","env_cov",TRUE,TRUE,"light_stress","light_stress","Functional","env_cov_light_stress_20151101_20180101"
"20151101","20180101","2 year current methods","env_cycl",TRUE,TRUE,"light_stress","light_stress","Functional","env_cycl_light_stress_20151101_20180101"
"20151101","20180101","Legacy with covariate 2013-2018","cycl_only",TRUE,TRUE,"light_stress","light_stress","Functional","cycl_only_light_stress_20130601_20180101"
"20151101","20180101","Legacy with covariate 2013-2018","env_cov",TRUE,TRUE,"light_stress","light_stress","Functional","env_cov_light_stress_20130601_20180101"
"20151101","20180101","Legacy with covariate 2013-2018","env_cycl",TRUE,TRUE,"light_stress","light_stress","Functional","env_cycl_light_stress_20130601_20180101"
"20151101","20200101","Full dataset","cycl_only",TRUE,TRUE,"light_stress","light_stress","Functional","cycl_only_light_stress_20151101_20200101"
"20151101","20200101","Full dataset","env_cov",TRUE,TRUE,"light_stress","light_stress","Functional","env_cov_light_stress_20151101_20200101"
"20151101","20200101","Full dataset","env_cycl",TRUE,TRUE,"light_stress","light_stress","Functional","env_cycl_light_stress_20151101_20200101"
"20130601","20151101","Legacy only","cycl_only",TRUE,TRUE,"endophyte","endophyte","Functional","cycl_only_endophyte_20130601_20151101"
"20130601","20151101","Legacy only","env_cov",TRUE,TRUE,"endophyte","endophyte","Functional","env_cov_endophyte_20130601_20151101"
"20130601","20151101","Legacy only","env_cycl",TRUE,TRUE,"endophyte","endophyte","Functional","env_cycl_endophyte_20130601_20151101"
"20130601","20170101","Legacy + 1 year current methods","cycl_only",TRUE,TRUE,"endophyte","endophyte","Functional","cycl_only_endophyte_20130601_20170101"
"20130601","20170101","Legacy + 1 year current methods","env_cov",TRUE,TRUE,"endophyte","endophyte","Functional","env_cov_endophyte_20130601_20170101"
"20130601","20170101","Legacy + 1 year current methods","env_cycl",TRUE,TRUE,"endophyte","endophyte","Functional","env_cycl_endophyte_20130601_20170101"
"20130601","20180101","Legacy with covariate 2013-2018","cycl_only",TRUE,TRUE,"endophyte","endophyte","Functional","cycl_only_endophyte_20130601_20180101"
"20130601","20180101","Legacy with covariate 2013-2018","env_cov",TRUE,TRUE,"endophyte","endophyte","Functional","env_cov_endophyte_20130601_20180101"
"20130601","20180101","Legacy with covariate 2013-2018","env_cycl",TRUE,TRUE,"endophyte","endophyte","Functional","env_cycl_endophyte_20130601_20180101"
"20151101","20180101","2 year current methods","cycl_only",TRUE,TRUE,"endophyte","endophyte","Functional","cycl_only_endophyte_20151101_20180101"
"20151101","20180101","2 year current methods","env_cov",TRUE,TRUE,"endophyte","endophyte","Functional","env_cov_endophyte_20151101_20180101"
"20151101","20180101","2 year current methods","env_cycl",TRUE,TRUE,"endophyte","endophyte","Functional","env_cycl_endophyte_20151101_20180101"
"20151101","20180101","Legacy with covariate 2013-2018","cycl_only",TRUE,TRUE,"endophyte","endophyte","Functional","cycl_only_endophyte_20130601_20180101"
"20151101","20180101","Legacy with covariate 2013-2018","env_cov",TRUE,TRUE,"endophyte","endophyte","Functional","env_cov_endophyte_20130601_20180101"
"20151101","20180101","Legacy with covariate 2013-2018","env_cycl",TRUE,TRUE,"endophyte","endophyte","Functional","env_cycl_endophyte_20130601_20180101"
"20151101","20200101","Full dataset","cycl_only",TRUE,TRUE,"endophyte","endophyte","Functional","cycl_only_endophyte_20151101_20200101"
"20151101","20200101","Full dataset","env_cov",TRUE,TRUE,"endophyte","endophyte","Functional","env_cov_endophyte_20151101_20200101"
"20151101","20200101","Full dataset","env_cycl",TRUE,TRUE,"endophyte","endophyte","Functional","env_cycl_endophyte_20151101_20200101"
"20130601","20151101","Legacy only","cycl_only",TRUE,TRUE,"plant_pathogen","plant_pathogen","Functional","cycl_only_plant_pathogen_20130601_20151101"
"20130601","20151101","Legacy only","env_cov",TRUE,TRUE,"plant_pathogen","plant_pathogen","Functional","env_cov_plant_pathogen_20130601_20151101"
"20130601","20151101","Legacy only","env_cycl",TRUE,TRUE,"plant_pathogen","plant_pathogen","Functional","env_cycl_plant_pathogen_20130601_20151101"
"20130601","20170101","Legacy + 1 year current methods","cycl_only",TRUE,TRUE,"plant_pathogen","plant_pathogen","Functional","cycl_only_plant_pathogen_20130601_20170101"
"20130601","20170101","Legacy + 1 year current methods","env_cov",TRUE,TRUE,"plant_pathogen","plant_pathogen","Functional","env_cov_plant_pathogen_20130601_20170101"
"20130601","20170101","Legacy + 1 year current methods","env_cycl",TRUE,TRUE,"plant_pathogen","plant_pathogen","Functional","env_cycl_plant_pathogen_20130601_20170101"
"20130601","20180101","Legacy with covariate 2013-2018","cycl_only",TRUE,TRUE,"plant_pathogen","plant_pathogen","Functional","cycl_only_plant_pathogen_20130601_20180101"
"20130601","20180101","Legacy with covariate 2013-2018","env_cov",TRUE,TRUE,"plant_pathogen","plant_pathogen","Functional","env_cov_plant_pathogen_20130601_20180101"
"20130601","20180101","Legacy with covariate 2013-2018","env_cycl",TRUE,TRUE,"plant_pathogen","plant_pathogen","Functional","env_cycl_plant_pathogen_20130601_20180101"
"20151101","20180101","2 year current methods","cycl_only",TRUE,TRUE,"plant_pathogen","plant_pathogen","Functional","cycl_only_plant_pathogen_20151101_20180101"
"20151101","20180101","2 year current methods","env_cov",TRUE,TRUE,"plant_pathogen","plant_pathogen","Functional","env_cov_plant_pathogen_20151101_20180101"
"20151101","20180101","2 year current methods","env_cycl",TRUE,TRUE,"plant_pathogen","plant_pathogen","Functional","env_cycl_plant_pathogen_20151101_20180101"
"20151101","20180101","Legacy with covariate 2013-2018","cycl_only",TRUE,TRUE,"plant_pathogen","plant_pathogen","Functional","cycl_only_plant_pathogen_20130601_20180101"
"20151101","20180101","Legacy with covariate 2013-2018","env_cov",TRUE,TRUE,"plant_pathogen","plant_pathogen","Functional","env_cov_plant_pathogen_20130601_20180101"
"20151101","20180101","Legacy with covariate 2013-2018","env_cycl",TRUE,TRUE,"plant_pathogen","plant_pathogen","Functional","env_cycl_plant_pathogen_20130601_20180101"
"20151101","20200101","Full dataset","cycl_only",TRUE,TRUE,"plant_pathogen","plant_pathogen","Functional","cycl_only_plant_pathogen_20151101_20200101"
"20151101","20200101","Full dataset","env_cov",TRUE,TRUE,"plant_pathogen","plant_pathogen","Functional","env_cov_plant_pathogen_20151101_20200101"
"20151101","20200101","Full dataset","env_cycl",TRUE,TRUE,"plant_pathogen","plant_pathogen","Functional","env_cycl_plant_pathogen_20151101_20200101"
"20130601","20151101","Legacy only","cycl_only",TRUE,TRUE,"animal_pathogen","animal_pathogen","Functional","cycl_only_animal_pathogen_20130601_20151101"
"20130601","20151101","Legacy only","env_cov",TRUE,TRUE,"animal_pathogen","animal_pathogen","Functional","env_cov_animal_pathogen_20130601_20151101"
"20130601","20151101","Legacy only","env_cycl",TRUE,TRUE,"animal_pathogen","animal_pathogen","Functional","env_cycl_animal_pathogen_20130601_20151101"
"20130601","20170101","Legacy + 1 year current methods","cycl_only",TRUE,TRUE,"animal_pathogen","animal_pathogen","Functional","cycl_only_animal_pathogen_20130601_20170101"
"20130601","20170101","Legacy + 1 year current methods","env_cov",TRUE,TRUE,"animal_pathogen","animal_pathogen","Functional","env_cov_animal_pathogen_20130601_20170101"
"20130601","20170101","Legacy + 1 year current methods","env_cycl",TRUE,TRUE,"animal_pathogen","animal_pathogen","Functional","env_cycl_animal_pathogen_20130601_20170101"
"20130601","20180101","Legacy with covariate 2013-2018","cycl_only",TRUE,TRUE,"animal_pathogen","animal_pathogen","Functional","cycl_only_animal_pathogen_20130601_20180101"
"20130601","20180101","Legacy with covariate 2013-2018","env_cov",TRUE,TRUE,"animal_pathogen","animal_pathogen","Functional","env_cov_animal_pathogen_20130601_20180101"
"20130601","20180101","Legacy with covariate 2013-2018","env_cycl",TRUE,TRUE,"animal_pathogen","animal_pathogen","Functional","env_cycl_animal_pathogen_20130601_20180101"
"20151101","20180101","2 year current methods","cycl_only",TRUE,TRUE,"animal_pathogen","animal_pathogen","Functional","cycl_only_animal_pathogen_20151101_20180101"
"20151101","20180101","2 year current methods","env_cov",TRUE,TRUE,"animal_pathogen","animal_pathogen","Functional","env_cov_animal_pathogen_20151101_20180101"
"20151101","20180101","2 year current methods","env_cycl",TRUE,TRUE,"animal_pathogen","animal_pathogen","Functional","env_cycl_animal_pathogen_20151101_20180101"
"20151101","20180101","Legacy with covariate 2013-2018","cycl_only",TRUE,TRUE,"animal_pathogen","animal_pathogen","Functional","cycl_only_animal_pathogen_20130601_20180101"
"20151101","20180101","Legacy with covariate 2013-2018","env_cov",TRUE,TRUE,"animal_pathogen","animal_pathogen","Functional","env_cov_animal_pathogen_20130601_20180101"
"20151101","20180101","Legacy with covariate 2013-2018","env_cycl",TRUE,TRUE,"animal_pathogen","animal_pathogen","Functional","env_cycl_animal_pathogen_20130601_20180101"
"20151101","20200101","Full dataset","cycl_only",TRUE,TRUE,"animal_pathogen","animal_pathogen","Functional","cycl_only_animal_pathogen_20151101_20200101"
"20151101","20200101","Full dataset","env_cov",TRUE,TRUE,"animal_pathogen","animal_pathogen","Functional","env_cov_animal_pathogen_20151101_20200101"
"20151101","20200101","Full dataset","env_cycl",TRUE,TRUE,"animal_pathogen","animal_pathogen","Functional","env_cycl_animal_pathogen_20151101_20200101"
"20130601","20151101","Legacy only","cycl_only",TRUE,TRUE,"ectomycorrhizal","ectomycorrhizal","Functional","cycl_only_ectomycorrhizal_20130601_20151101"
"20130601","20151101","Legacy only","env_cov",TRUE,TRUE,"ectomycorrhizal","ectomycorrhizal","Functional","env_cov_ectomycorrhizal_20130601_20151101"
"20130601","20151101","Legacy only","env_cycl",TRUE,TRUE,"ectomycorrhizal","ectomycorrhizal","Functional","env_cycl_ectomycorrhizal_20130601_20151101"
"20130601","20170101","Legacy + 1 year current methods","cycl_only",TRUE,TRUE,"ectomycorrhizal","ectomycorrhizal","Functional","cycl_only_ectomycorrhizal_20130601_20170101"
"20130601","20170101","Legacy + 1 year current methods","env_cov",TRUE,TRUE,"ectomycorrhizal","ectomycorrhizal","Functional","env_cov_ectomycorrhizal_20130601_20170101"
"20130601","20170101","Legacy + 1 year current methods","env_cycl",TRUE,TRUE,"ectomycorrhizal","ectomycorrhizal","Functional","env_cycl_ectomycorrhizal_20130601_20170101"
"20130601","20180101","Legacy with covariate 2013-2018","cycl_only",TRUE,TRUE,"ectomycorrhizal","ectomycorrhizal","Functional","cycl_only_ectomycorrhizal_20130601_20180101"
"20130601","20180101","Legacy with covariate 2013-2018","env_cov",TRUE,TRUE,"ectomycorrhizal","ectomycorrhizal","Functional","env_cov_ectomycorrhizal_20130601_20180101"
"20130601","20180101","Legacy with covariate 2013-2018","env_cycl",TRUE,TRUE,"ectomycorrhizal","ectomycorrhizal","Functional","env_cycl_ectomycorrhizal_20130601_20180101"
"20151101","20180101","2 year current methods","cycl_only",TRUE,TRUE,"ectomycorrhizal","ectomycorrhizal","Functional","cycl_only_ectomycorrhizal_20151101_20180101"
"20151101","20180101","2 year current methods","env_cov",TRUE,TRUE,"ectomycorrhizal","ectomycorrhizal","Functional","env_cov_ectomycorrhizal_20151101_20180101"
"20151101","20180101","2 year current methods","env_cycl",TRUE,TRUE,"ectomycorrhizal","ectomycorrhizal","Functional","env_cycl_ectomycorrhizal_20151101_20180101"
"20151101","20180101","Legacy with covariate 2013-2018","cycl_only",TRUE,TRUE,"ectomycorrhizal","ectomycorrhizal","Functional","cycl_only_ectomycorrhizal_20130601_20180101"
"20151101","20180101","Legacy with covariate 2013-2018","env_cov",TRUE,TRUE,"ectomycorrhizal","ectomycorrhizal","Functional","env_cov_ectomycorrhizal_20130601_20180101"
"20151101","20180101","Legacy with covariate 2013-2018","env_cycl",TRUE,TRUE,"ectomycorrhizal","ectomycorrhizal","Functional","env_cycl_ectomycorrhizal_20130601_20180101"
"20151101","20200101","Full dataset","cycl_only",TRUE,TRUE,"ectomycorrhizal","ectomycorrhizal","Functional","cycl_only_ectomycorrhizal_20151101_20200101"
"20151101","20200101","Full dataset","env_cov",TRUE,TRUE,"ectomycorrhizal","ectomycorrhizal","Functional","env_cov_ectomycorrhizal_20151101_20200101"
"20151101","20200101","Full dataset","env_cycl",TRUE,TRUE,"ectomycorrhizal","ectomycorrhizal","Functional","env_cycl_ectomycorrhizal_20151101_20200101"
"20130601","20151101","Legacy only","cycl_only",TRUE,TRUE,"lichenized","lichenized","Functional","cycl_only_lichenized_20130601_20151101"
"20130601","20151101","Legacy only","env_cov",TRUE,TRUE,"lichenized","lichenized","Functional","env_cov_lichenized_20130601_20151101"
"20130601","20151101","Legacy only","env_cycl",TRUE,TRUE,"lichenized","lichenized","Functional","env_cycl_lichenized_20130601_20151101"
"20130601","20170101","Legacy + 1 year current methods","cycl_only",TRUE,TRUE,"lichenized","lichenized","Functional","cycl_only_lichenized_20130601_20170101"
"20130601","20170101","Legacy + 1 year current methods","env_cov",TRUE,TRUE,"lichenized","lichenized","Functional","env_cov_lichenized_20130601_20170101"
"20130601","20170101","Legacy + 1 year current methods","env_cycl",TRUE,TRUE,"lichenized","lichenized","Functional","env_cycl_lichenized_20130601_20170101"
"20130601","20180101","Legacy with covariate 2013-2018","cycl_only",TRUE,TRUE,"lichenized","lichenized","Functional","cycl_only_lichenized_20130601_20180101"
"20130601","20180101","Legacy with covariate 2013-2018","env_cov",TRUE,TRUE,"lichenized","lichenized","Functional","env_cov_lichenized_20130601_20180101"
"20130601","20180101","Legacy with covariate 2013-2018","env_cycl",TRUE,TRUE,"lichenized","lichenized","Functional","env_cycl_lichenized_20130601_20180101"
"20151101","20180101","2 year current methods","cycl_only",TRUE,TRUE,"lichenized","lichenized","Functional","cycl_only_lichenized_20151101_20180101"
"20151101","20180101","2 year current methods","env_cov",TRUE,TRUE,"lichenized","lichenized","Functional","env_cov_lichenized_20151101_20180101"
"20151101","20180101","2 year current methods","env_cycl",TRUE,TRUE,"lichenized","lichenized","Functional","env_cycl_lichenized_20151101_20180101"
"20151101","20180101","Legacy with covariate 2013-2018","cycl_only",TRUE,TRUE,"lichenized","lichenized","Functional","cycl_only_lichenized_20130601_20180101"
"20151101","20180101","Legacy with covariate 2013-2018","env_cov",TRUE,TRUE,"lichenized","lichenized","Functional","env_cov_lichenized_20130601_20180101"
"20151101","20180101","Legacy with covariate 2013-2018","env_cycl",TRUE,TRUE,"lichenized","lichenized","Functional","env_cycl_lichenized_20130601_20180101"
"20151101","20200101","Full dataset","cycl_only",TRUE,TRUE,"lichenized","lichenized","Functional","cycl_only_lichenized_20151101_20200101"
"20151101","20200101","Full dataset","env_cov",TRUE,TRUE,"lichenized","lichenized","Functional","env_cov_lichenized_20151101_20200101"
"20151101","20200101","Full dataset","env_cycl",TRUE,TRUE,"lichenized","lichenized","Functional","env_cycl_lichenized_20151101_20200101"
"20130601","20151101","Legacy only","cycl_only",TRUE,TRUE,"saprotroph","saprotroph","Functional","cycl_only_saprotroph_20130601_20151101"
"20130601","20151101","Legacy only","env_cov",TRUE,TRUE,"saprotroph","saprotroph","Functional","env_cov_saprotroph_20130601_20151101"
"20130601","20151101","Legacy only","env_cycl",TRUE,TRUE,"saprotroph","saprotroph","Functional","env_cycl_saprotroph_20130601_20151101"
"20130601","20170101","Legacy + 1 year current methods","cycl_only",TRUE,TRUE,"saprotroph","saprotroph","Functional","cycl_only_saprotroph_20130601_20170101"
"20130601","20170101","Legacy + 1 year current methods","env_cov",TRUE,TRUE,"saprotroph","saprotroph","Functional","env_cov_saprotroph_20130601_20170101"
"20130601","20170101","Legacy + 1 year current methods","env_cycl",TRUE,TRUE,"saprotroph","saprotroph","Functional","env_cycl_saprotroph_20130601_20170101"
"20130601","20180101","Legacy with covariate 2013-2018","cycl_only",TRUE,TRUE,"saprotroph","saprotroph","Functional","cycl_only_saprotroph_20130601_20180101"
"20130601","20180101","Legacy with covariate 2013-2018","env_cov",TRUE,TRUE,"saprotroph","saprotroph","Functional","env_cov_saprotroph_20130601_20180101"
"20130601","20180101","Legacy with covariate 2013-2018","env_cycl",TRUE,TRUE,"saprotroph","saprotroph","Functional","env_cycl_saprotroph_20130601_20180101"
"20151101","20180101","2 year current methods","cycl_only",TRUE,TRUE,"saprotroph","saprotroph","Functional","cycl_only_saprotroph_20151101_20180101"
"20151101","20180101","2 year current methods","env_cov",TRUE,TRUE,"saprotroph","saprotroph","Functional","env_cov_saprotroph_20151101_20180101"
"20151101","20180101","2 year current methods","env_cycl",TRUE,TRUE,"saprotroph","saprotroph","Functional","env_cycl_saprotroph_20151101_20180101"
"20151101","20180101","Legacy with covariate 2013-2018","cycl_only",TRUE,TRUE,"saprotroph","saprotroph","Functional","cycl_only_saprotroph_20130601_20180101"
"20151101","20180101","Legacy with covariate 2013-2018","env_cov",TRUE,TRUE,"saprotroph","saprotroph","Functional","env_cov_saprotroph_20130601_20180101"
"20151101","20180101","Legacy with covariate 2013-2018","env_cycl",TRUE,TRUE,"saprotroph","saprotroph","Functional","env_cycl_saprotroph_20130601_20180101"
"20151101","20200101","Full dataset","cycl_only",TRUE,TRUE,"saprotroph","saprotroph","Functional","cycl_only_saprotroph_20151101_20200101"
"20151101","20200101","Full dataset","env_cov",TRUE,TRUE,"saprotroph","saprotroph","Functional","env_cov_saprotroph_20151101_20200101"
"20151101","20200101","Full dataset","env_cycl",TRUE,TRUE,"saprotroph","saprotroph","Functional","env_cycl_saprotroph_20151101_20200101"
"20130601","20151101","Legacy only","cycl_only",TRUE,TRUE,"phylum_bac","acidobacteriota","Taxonomic","cycl_only_acidobacteriota_20130601_20151101"
"20130601","20151101","Legacy only","env_cov",TRUE,TRUE,"phylum_bac","acidobacteriota","Taxonomic","env_cov_acidobacteriota_20130601_20151101"
"20130601","20151101","Legacy only","env_cycl",TRUE,TRUE,"phylum_bac","acidobacteriota","Taxonomic","env_cycl_acidobacteriota_20130601_20151101"
"20130601","20170101","Legacy + 1 year current methods","cycl_only",TRUE,TRUE,"phylum_bac","acidobacteriota","Taxonomic","cycl_only_acidobacteriota_20130601_20170101"
"20130601","20170101","Legacy + 1 year current methods","env_cov",TRUE,TRUE,"phylum_bac","acidobacteriota","Taxonomic","env_cov_acidobacteriota_20130601_20170101"
"20130601","20170101","Legacy + 1 year current methods","env_cycl",TRUE,TRUE,"phylum_bac","acidobacteriota","Taxonomic","env_cycl_acidobacteriota_20130601_20170101"
"20130601","20180101","Legacy with covariate 2013-2018","cycl_only",TRUE,TRUE,"phylum_bac","acidobacteriota","Taxonomic","cycl_only_acidobacteriota_20130601_20180101"
"20130601","20180101","Legacy with covariate 2013-2018","env_cov",TRUE,TRUE,"phylum_bac","acidobacteriota","Taxonomic","env_cov_acidobacteriota_20130601_20180101"
"20130601","20180101","Legacy with covariate 2013-2018","env_cycl",TRUE,TRUE,"phylum_bac","acidobacteriota","Taxonomic","env_cycl_acidobacteriota_20130601_20180101"
"20151101","20180101","2 year current methods","cycl_only",TRUE,TRUE,"phylum_bac","acidobacteriota","Taxonomic","cycl_only_acidobacteriota_20151101_20180101"
"20151101","20180101","2 year current methods","env_cov",TRUE,TRUE,"phylum_bac","acidobacteriota","Taxonomic","env_cov_acidobacteriota_20151101_20180101"
"20151101","20180101","2 year current methods","env_cycl",TRUE,TRUE,"phylum_bac","acidobacteriota","Taxonomic","env_cycl_acidobacteriota_20151101_20180101"
"20151101","20180101","Legacy with covariate 2013-2018","cycl_only",TRUE,TRUE,"phylum_bac","acidobacteriota","Taxonomic","cycl_only_acidobacteriota_20130601_20180101"
"20151101","20180101","Legacy with covariate 2013-2018","env_cov",TRUE,TRUE,"phylum_bac","acidobacteriota","Taxonomic","env_cov_acidobacteriota_20130601_20180101"
"20151101","20180101","Legacy with covariate 2013-2018","env_cycl",TRUE,TRUE,"phylum_bac","acidobacteriota","Taxonomic","env_cycl_acidobacteriota_20130601_20180101"
"20151101","20200101","Full dataset","cycl_only",TRUE,TRUE,"phylum_bac","acidobacteriota","Taxonomic","cycl_only_acidobacteriota_20151101_20200101"
"20151101","20200101","Full dataset","env_cov",TRUE,TRUE,"phylum_bac","acidobacteriota","Taxonomic","env_cov_acidobacteriota_20151101_20200101"
"20151101","20200101","Full dataset","env_cycl",TRUE,TRUE,"phylum_bac","acidobacteriota","Taxonomic","env_cycl_acidobacteriota_20151101_20200101"
"20130601","20151101","Legacy only","cycl_only",TRUE,TRUE,"phylum_bac","actinobacteriota","Taxonomic","cycl_only_actinobacteriota_20130601_20151101"
"20130601","20151101","Legacy only","env_cov",TRUE,TRUE,"phylum_bac","actinobacteriota","Taxonomic","env_cov_actinobacteriota_20130601_20151101"
"20130601","20151101","Legacy only","env_cycl",TRUE,TRUE,"phylum_bac","actinobacteriota","Taxonomic","env_cycl_actinobacteriota_20130601_20151101"
"20130601","20170101","Legacy + 1 year current methods","cycl_only",TRUE,TRUE,"phylum_bac","actinobacteriota","Taxonomic","cycl_only_actinobacteriota_20130601_20170101"
"20130601","20170101","Legacy + 1 year current methods","env_cov",TRUE,TRUE,"phylum_bac","actinobacteriota","Taxonomic","env_cov_actinobacteriota_20130601_20170101"
"20130601","20170101","Legacy + 1 year current methods","env_cycl",TRUE,TRUE,"phylum_bac","actinobacteriota","Taxonomic","env_cycl_actinobacteriota_20130601_20170101"
"20130601","20180101","Legacy with covariate 2013-2018","cycl_only",TRUE,TRUE,"phylum_bac","actinobacteriota","Taxonomic","cycl_only_actinobacteriota_20130601_20180101"
"20130601","20180101","Legacy with covariate 2013-2018","env_cov",TRUE,TRUE,"phylum_bac","actinobacteriota","Taxonomic","env_cov_actinobacteriota_20130601_20180101"
"20130601","20180101","Legacy with covariate 2013-2018","env_cycl",TRUE,TRUE,"phylum_bac","actinobacteriota","Taxonomic","env_cycl_actinobacteriota_20130601_20180101"
"20151101","20180101","2 year current methods","cycl_only",TRUE,TRUE,"phylum_bac","actinobacteriota","Taxonomic","cycl_only_actinobacteriota_20151101_20180101"
"20151101","20180101","2 year current methods","env_cov",TRUE,TRUE,"phylum_bac","actinobacteriota","Taxonomic","env_cov_actinobacteriota_20151101_20180101"
"20151101","20180101","2 year current methods","env_cycl",TRUE,TRUE,"phylum_bac","actinobacteriota","Taxonomic","env_cycl_actinobacteriota_20151101_20180101"
"20151101","20180101","Legacy with covariate 2013-2018","cycl_only",TRUE,TRUE,"phylum_bac","actinobacteriota","Taxonomic","cycl_only_actinobacteriota_20130601_20180101"
"20151101","20180101","Legacy with covariate 2013-2018","env_cov",TRUE,TRUE,"phylum_bac","actinobacteriota","Taxonomic","env_cov_actinobacteriota_20130601_20180101"
"20151101","20180101","Legacy with covariate 2013-2018","env_cycl",TRUE,TRUE,"phylum_bac","actinobacteriota","Taxonomic","env_cycl_actinobacteriota_20130601_20180101"
"20151101","20200101","Full dataset","cycl_only",TRUE,TRUE,"phylum_bac","actinobacteriota","Taxonomic","cycl_only_actinobacteriota_20151101_20200101"
"20151101","20200101","Full dataset","env_cov",TRUE,TRUE,"phylum_bac","actinobacteriota","Taxonomic","env_cov_actinobacteriota_20151101_20200101"
"20151101","20200101","Full dataset","env_cycl",TRUE,TRUE,"phylum_bac","actinobacteriota","Taxonomic","env_cycl_actinobacteriota_20151101_20200101"
"20130601","20151101","Legacy only","cycl_only",TRUE,TRUE,"phylum_bac","armatimonadota","Taxonomic","cycl_only_armatimonadota_20130601_20151101"
"20130601","20151101","Legacy only","env_cov",TRUE,TRUE,"phylum_bac","armatimonadota","Taxonomic","env_cov_armatimonadota_20130601_20151101"
"20130601","20151101","Legacy only","env_cycl",TRUE,TRUE,"phylum_bac","armatimonadota","Taxonomic","env_cycl_armatimonadota_20130601_20151101"
"20130601","20170101","Legacy + 1 year current methods","cycl_only",TRUE,TRUE,"phylum_bac","armatimonadota","Taxonomic","cycl_only_armatimonadota_20130601_20170101"
"20130601","20170101","Legacy + 1 year current methods","env_cov",TRUE,TRUE,"phylum_bac","armatimonadota","Taxonomic","env_cov_armatimonadota_20130601_20170101"
"20130601","20170101","Legacy + 1 year current methods","env_cycl",TRUE,TRUE,"phylum_bac","armatimonadota","Taxonomic","env_cycl_armatimonadota_20130601_20170101"
"20130601","20180101","Legacy with covariate 2013-2018","cycl_only",TRUE,TRUE,"phylum_bac","armatimonadota","Taxonomic","cycl_only_armatimonadota_20130601_20180101"
"20130601","20180101","Legacy with covariate 2013-2018","env_cov",TRUE,TRUE,"phylum_bac","armatimonadota","Taxonomic","env_cov_armatimonadota_20130601_20180101"
"20130601","20180101","Legacy with covariate 2013-2018","env_cycl",TRUE,TRUE,"phylum_bac","armatimonadota","Taxonomic","env_cycl_armatimonadota_20130601_20180101"
"20151101","20180101","2 year current methods","cycl_only",TRUE,TRUE,"phylum_bac","armatimonadota","Taxonomic","cycl_only_armatimonadota_20151101_20180101"
"20151101","20180101","2 year current methods","env_cov",TRUE,TRUE,"phylum_bac","armatimonadota","Taxonomic","env_cov_armatimonadota_20151101_20180101"
"20151101","20180101","2 year current methods","env_cycl",TRUE,TRUE,"phylum_bac","armatimonadota","Taxonomic","env_cycl_armatimonadota_20151101_20180101"
"20151101","20180101","Legacy with covariate 2013-2018","cycl_only",TRUE,TRUE,"phylum_bac","armatimonadota","Taxonomic","cycl_only_armatimonadota_20130601_20180101"
"20151101","20180101","Legacy with covariate 2013-2018","env_cov",TRUE,TRUE,"phylum_bac","armatimonadota","Taxonomic","env_cov_armatimonadota_20130601_20180101"
"20151101","20180101","Legacy with covariate 2013-2018","env_cycl",TRUE,TRUE,"phylum_bac","armatimonadota","Taxonomic","env_cycl_armatimonadota_20130601_20180101"
"20151101","20200101","Full dataset","cycl_only",TRUE,TRUE,"phylum_bac","armatimonadota","Taxonomic","cycl_only_armatimonadota_20151101_20200101"
"20151101","20200101","Full dataset","env_cov",TRUE,TRUE,"phylum_bac","armatimonadota","Taxonomic","env_cov_armatimonadota_20151101_20200101"
"20151101","20200101","Full dataset","env_cycl",TRUE,TRUE,"phylum_bac","armatimonadota","Taxonomic","env_cycl_armatimonadota_20151101_20200101"
"20130601","20151101","Legacy only","cycl_only",TRUE,TRUE,"phylum_bac","bacteroidota","Taxonomic","cycl_only_bacteroidota_20130601_20151101"
"20130601","20151101","Legacy only","env_cov",TRUE,TRUE,"phylum_bac","bacteroidota","Taxonomic","env_cov_bacteroidota_20130601_20151101"
"20130601","20151101","Legacy only","env_cycl",TRUE,TRUE,"phylum_bac","bacteroidota","Taxonomic","env_cycl_bacteroidota_20130601_20151101"
"20130601","20170101","Legacy + 1 year current methods","cycl_only",TRUE,TRUE,"phylum_bac","bacteroidota","Taxonomic","cycl_only_bacteroidota_20130601_20170101"
"20130601","20170101","Legacy + 1 year current methods","env_cov",TRUE,TRUE,"phylum_bac","bacteroidota","Taxonomic","env_cov_bacteroidota_20130601_20170101"
"20130601","20170101","Legacy + 1 year current methods","env_cycl",TRUE,TRUE,"phylum_bac","bacteroidota","Taxonomic","env_cycl_bacteroidota_20130601_20170101"
"20130601","20180101","Legacy with covariate 2013-2018","cycl_only",TRUE,TRUE,"phylum_bac","bacteroidota","Taxonomic","cycl_only_bacteroidota_20130601_20180101"
"20130601","20180101","Legacy with covariate 2013-2018","env_cov",TRUE,TRUE,"phylum_bac","bacteroidota","Taxonomic","env_cov_bacteroidota_20130601_20180101"
"20130601","20180101","Legacy with covariate 2013-2018","env_cycl",TRUE,TRUE,"phylum_bac","bacteroidota","Taxonomic","env_cycl_bacteroidota_20130601_20180101"
"20151101","20180101","2 year current methods","cycl_only",TRUE,TRUE,"phylum_bac","bacteroidota","Taxonomic","cycl_only_bacteroidota_20151101_20180101"
"20151101","20180101","2 year current methods","env_cov",TRUE,TRUE,"phylum_bac","bacteroidota","Taxonomic","env_cov_bacteroidota_20151101_20180101"
"20151101","20180101","2 year current methods","env_cycl",TRUE,TRUE,"phylum_bac","bacteroidota","Taxonomic","env_cycl_bacteroidota_20151101_20180101"
"20151101","20180101","Legacy with covariate 2013-2018","cycl_only",TRUE,TRUE,"phylum_bac","bacteroidota","Taxonomic","cycl_only_bacteroidota_20130601_20180101"
"20151101","20180101","Legacy with covariate 2013-2018","env_cov",TRUE,TRUE,"phylum_bac","bacteroidota","Taxonomic","env_cov_bacteroidota_20130601_20180101"
"20151101","20180101","Legacy with covariate 2013-2018","env_cycl",TRUE,TRUE,"phylum_bac","bacteroidota","Taxonomic","env_cycl_bacteroidota_20130601_20180101"
"20151101","20200101","Full dataset","cycl_only",TRUE,TRUE,"phylum_bac","bacteroidota","Taxonomic","cycl_only_bacteroidota_20151101_20200101"
"20151101","20200101","Full dataset","env_cov",TRUE,TRUE,"phylum_bac","bacteroidota","Taxonomic","env_cov_bacteroidota_20151101_20200101"
"20151101","20200101","Full dataset","env_cycl",TRUE,TRUE,"phylum_bac","bacteroidota","Taxonomic","env_cycl_bacteroidota_20151101_20200101"
"20130601","20151101","Legacy only","cycl_only",TRUE,TRUE,"phylum_bac","chloroflexi","Taxonomic","cycl_only_chloroflexi_20130601_20151101"
"20130601","20151101","Legacy only","env_cov",TRUE,TRUE,"phylum_bac","chloroflexi","Taxonomic","env_cov_chloroflexi_20130601_20151101"
"20130601","20151101","Legacy only","env_cycl",TRUE,TRUE,"phylum_bac","chloroflexi","Taxonomic","env_cycl_chloroflexi_20130601_20151101"
"20130601","20170101","Legacy + 1 year current methods","cycl_only",TRUE,TRUE,"phylum_bac","chloroflexi","Taxonomic","cycl_only_chloroflexi_20130601_20170101"
"20130601","20170101","Legacy + 1 year current methods","env_cov",TRUE,TRUE,"phylum_bac","chloroflexi","Taxonomic","env_cov_chloroflexi_20130601_20170101"
"20130601","20170101","Legacy + 1 year current methods","env_cycl",TRUE,TRUE,"phylum_bac","chloroflexi","Taxonomic","env_cycl_chloroflexi_20130601_20170101"
"20130601","20180101","Legacy with covariate 2013-2018","cycl_only",TRUE,TRUE,"phylum_bac","chloroflexi","Taxonomic","cycl_only_chloroflexi_20130601_20180101"
"20130601","20180101","Legacy with covariate 2013-2018","env_cov",TRUE,TRUE,"phylum_bac","chloroflexi","Taxonomic","env_cov_chloroflexi_20130601_20180101"
"20130601","20180101","Legacy with covariate 2013-2018","env_cycl",TRUE,TRUE,"phylum_bac","chloroflexi","Taxonomic","env_cycl_chloroflexi_20130601_20180101"
"20151101","20180101","2 year current methods","cycl_only",TRUE,TRUE,"phylum_bac","chloroflexi","Taxonomic","cycl_only_chloroflexi_20151101_20180101"
"20151101","20180101","2 year current methods","env_cov",TRUE,TRUE,"phylum_bac","chloroflexi","Taxonomic","env_cov_chloroflexi_20151101_20180101"
"20151101","20180101","2 year current methods","env_cycl",TRUE,TRUE,"phylum_bac","chloroflexi","Taxonomic","env_cycl_chloroflexi_20151101_20180101"
"20151101","20180101","Legacy with covariate 2013-2018","cycl_only",TRUE,TRUE,"phylum_bac","chloroflexi","Taxonomic","cycl_only_chloroflexi_20130601_20180101"
"20151101","20180101","Legacy with covariate 2013-2018","env_cov",TRUE,TRUE,"phylum_bac","chloroflexi","Taxonomic","env_cov_chloroflexi_20130601_20180101"
"20151101","20180101","Legacy with covariate 2013-2018","env_cycl",TRUE,TRUE,"phylum_bac","chloroflexi","Taxonomic","env_cycl_chloroflexi_20130601_20180101"
"20151101","20200101","Full dataset","cycl_only",TRUE,TRUE,"phylum_bac","chloroflexi","Taxonomic","cycl_only_chloroflexi_20151101_20200101"
"20151101","20200101","Full dataset","env_cov",TRUE,TRUE,"phylum_bac","chloroflexi","Taxonomic","env_cov_chloroflexi_20151101_20200101"
"20151101","20200101","Full dataset","env_cycl",TRUE,TRUE,"phylum_bac","chloroflexi","Taxonomic","env_cycl_chloroflexi_20151101_20200101"
"20130601","20151101","Legacy only","cycl_only",TRUE,TRUE,"phylum_bac","cyanobacteria","Taxonomic","cycl_only_cyanobacteria_20130601_20151101"
"20130601","20151101","Legacy only","env_cov",TRUE,TRUE,"phylum_bac","cyanobacteria","Taxonomic","env_cov_cyanobacteria_20130601_20151101"
"20130601","20151101","Legacy only","env_cycl",TRUE,TRUE,"phylum_bac","cyanobacteria","Taxonomic","env_cycl_cyanobacteria_20130601_20151101"
"20130601","20170101","Legacy + 1 year current methods","cycl_only",TRUE,TRUE,"phylum_bac","cyanobacteria","Taxonomic","cycl_only_cyanobacteria_20130601_20170101"
"20130601","20170101","Legacy + 1 year current methods","env_cov",TRUE,TRUE,"phylum_bac","cyanobacteria","Taxonomic","env_cov_cyanobacteria_20130601_20170101"
"20130601","20170101","Legacy + 1 year current methods","env_cycl",TRUE,TRUE,"phylum_bac","cyanobacteria","Taxonomic","env_cycl_cyanobacteria_20130601_20170101"
"20130601","20180101","Legacy with covariate 2013-2018","cycl_only",TRUE,TRUE,"phylum_bac","cyanobacteria","Taxonomic","cycl_only_cyanobacteria_20130601_20180101"
"20130601","20180101","Legacy with covariate 2013-2018","env_cov",TRUE,TRUE,"phylum_bac","cyanobacteria","Taxonomic","env_cov_cyanobacteria_20130601_20180101"
"20130601","20180101","Legacy with covariate 2013-2018","env_cycl",TRUE,TRUE,"phylum_bac","cyanobacteria","Taxonomic","env_cycl_cyanobacteria_20130601_20180101"
"20151101","20180101","2 year current methods","cycl_only",TRUE,TRUE,"phylum_bac","cyanobacteria","Taxonomic","cycl_only_cyanobacteria_20151101_20180101"
"20151101","20180101","2 year current methods","env_cov",TRUE,TRUE,"phylum_bac","cyanobacteria","Taxonomic","env_cov_cyanobacteria_20151101_20180101"
"20151101","20180101","2 year current methods","env_cycl",TRUE,TRUE,"phylum_bac","cyanobacteria","Taxonomic","env_cycl_cyanobacteria_20151101_20180101"
"20151101","20180101","Legacy with covariate 2013-2018","cycl_only",TRUE,TRUE,"phylum_bac","cyanobacteria","Taxonomic","cycl_only_cyanobacteria_20130601_20180101"
"20151101","20180101","Legacy with covariate 2013-2018","env_cov",TRUE,TRUE,"phylum_bac","cyanobacteria","Taxonomic","env_cov_cyanobacteria_20130601_20180101"
"20151101","20180101","Legacy with covariate 2013-2018","env_cycl",TRUE,TRUE,"phylum_bac","cyanobacteria","Taxonomic","env_cycl_cyanobacteria_20130601_20180101"
"20151101","20200101","Full dataset","cycl_only",TRUE,TRUE,"phylum_bac","cyanobacteria","Taxonomic","cycl_only_cyanobacteria_20151101_20200101"
"20151101","20200101","Full dataset","env_cov",TRUE,TRUE,"phylum_bac","cyanobacteria","Taxonomic","env_cov_cyanobacteria_20151101_20200101"
"20151101","20200101","Full dataset","env_cycl",TRUE,TRUE,"phylum_bac","cyanobacteria","Taxonomic","env_cycl_cyanobacteria_20151101_20200101"
"20130601","20151101","Legacy only","cycl_only",TRUE,TRUE,"phylum_bac","dependentiae","Taxonomic","cycl_only_dependentiae_20130601_20151101"
"20130601","20151101","Legacy only","env_cov",TRUE,TRUE,"phylum_bac","dependentiae","Taxonomic","env_cov_dependentiae_20130601_20151101"
"20130601","20151101","Legacy only","env_cycl",TRUE,TRUE,"phylum_bac","dependentiae","Taxonomic","env_cycl_dependentiae_20130601_20151101"
"20130601","20170101","Legacy + 1 year current methods","cycl_only",TRUE,TRUE,"phylum_bac","dependentiae","Taxonomic","cycl_only_dependentiae_20130601_20170101"
"20130601","20170101","Legacy + 1 year current methods","env_cov",TRUE,TRUE,"phylum_bac","dependentiae","Taxonomic","env_cov_dependentiae_20130601_20170101"
"20130601","20170101","Legacy + 1 year current methods","env_cycl",TRUE,TRUE,"phylum_bac","dependentiae","Taxonomic","env_cycl_dependentiae_20130601_20170101"
"20130601","20180101","Legacy with covariate 2013-2018","cycl_only",TRUE,TRUE,"phylum_bac","dependentiae","Taxonomic","cycl_only_dependentiae_20130601_20180101"
"20130601","20180101","Legacy with covariate 2013-2018","env_cov",TRUE,TRUE,"phylum_bac","dependentiae","Taxonomic","env_cov_dependentiae_20130601_20180101"
"20130601","20180101","Legacy with covariate 2013-2018","env_cycl",TRUE,TRUE,"phylum_bac","dependentiae","Taxonomic","env_cycl_dependentiae_20130601_20180101"
"20151101","20180101","2 year current methods","cycl_only",TRUE,TRUE,"phylum_bac","dependentiae","Taxonomic","cycl_only_dependentiae_20151101_20180101"
"20151101","20180101","2 year current methods","env_cov",TRUE,TRUE,"phylum_bac","dependentiae","Taxonomic","env_cov_dependentiae_20151101_20180101"
"20151101","20180101","2 year current methods","env_cycl",TRUE,TRUE,"phylum_bac","dependentiae","Taxonomic","env_cycl_dependentiae_20151101_20180101"
"20151101","20180101","Legacy with covariate 2013-2018","cycl_only",TRUE,TRUE,"phylum_bac","dependentiae","Taxonomic","cycl_only_dependentiae_20130601_20180101"
"20151101","20180101","Legacy with covariate 2013-2018","env_cov",TRUE,TRUE,"phylum_bac","dependentiae","Taxonomic","env_cov_dependentiae_20130601_20180101"
"20151101","20180101","Legacy with covariate 2013-2018","env_cycl",TRUE,TRUE,"phylum_bac","dependentiae","Taxonomic","env_cycl_dependentiae_20130601_20180101"
"20151101","20200101","Full dataset","cycl_only",TRUE,TRUE,"phylum_bac","dependentiae","Taxonomic","cycl_only_dependentiae_20151101_20200101"
"20151101","20200101","Full dataset","env_cov",TRUE,TRUE,"phylum_bac","dependentiae","Taxonomic","env_cov_dependentiae_20151101_20200101"
"20151101","20200101","Full dataset","env_cycl",TRUE,TRUE,"phylum_bac","dependentiae","Taxonomic","env_cycl_dependentiae_20151101_20200101"
"20130601","20151101","Legacy only","cycl_only",TRUE,TRUE,"phylum_bac","desulfobacterota","Taxonomic","cycl_only_desulfobacterota_20130601_20151101"
"20130601","20151101","Legacy only","env_cov",TRUE,TRUE,"phylum_bac","desulfobacterota","Taxonomic","env_cov_desulfobacterota_20130601_20151101"
"20130601","20151101","Legacy only","env_cycl",TRUE,TRUE,"phylum_bac","desulfobacterota","Taxonomic","env_cycl_desulfobacterota_20130601_20151101"
"20130601","20170101","Legacy + 1 year current methods","cycl_only",TRUE,TRUE,"phylum_bac","desulfobacterota","Taxonomic","cycl_only_desulfobacterota_20130601_20170101"
"20130601","20170101","Legacy + 1 year current methods","env_cov",TRUE,TRUE,"phylum_bac","desulfobacterota","Taxonomic","env_cov_desulfobacterota_20130601_20170101"
"20130601","20170101","Legacy + 1 year current methods","env_cycl",TRUE,TRUE,"phylum_bac","desulfobacterota","Taxonomic","env_cycl_desulfobacterota_20130601_20170101"
"20130601","20180101","Legacy with covariate 2013-2018","cycl_only",TRUE,TRUE,"phylum_bac","desulfobacterota","Taxonomic","cycl_only_desulfobacterota_20130601_20180101"
"20130601","20180101","Legacy with covariate 2013-2018","env_cov",TRUE,TRUE,"phylum_bac","desulfobacterota","Taxonomic","env_cov_desulfobacterota_20130601_20180101"
"20130601","20180101","Legacy with covariate 2013-2018","env_cycl",TRUE,TRUE,"phylum_bac","desulfobacterota","Taxonomic","env_cycl_desulfobacterota_20130601_20180101"
"20151101","20180101","2 year current methods","cycl_only",TRUE,TRUE,"phylum_bac","desulfobacterota","Taxonomic","cycl_only_desulfobacterota_20151101_20180101"
"20151101","20180101","2 year current methods","env_cov",TRUE,TRUE,"phylum_bac","desulfobacterota","Taxonomic","env_cov_desulfobacterota_20151101_20180101"
"20151101","20180101","2 year current methods","env_cycl",TRUE,TRUE,"phylum_bac","desulfobacterota","Taxonomic","env_cycl_desulfobacterota_20151101_20180101"
"20151101","20180101","Legacy with covariate 2013-2018","cycl_only",TRUE,TRUE,"phylum_bac","desulfobacterota","Taxonomic","cycl_only_desulfobacterota_20130601_20180101"
"20151101","20180101","Legacy with covariate 2013-2018","env_cov",TRUE,TRUE,"phylum_bac","desulfobacterota","Taxonomic","env_cov_desulfobacterota_20130601_20180101"
"20151101","20180101","Legacy with covariate 2013-2018","env_cycl",TRUE,TRUE,"phylum_bac","desulfobacterota","Taxonomic","env_cycl_desulfobacterota_20130601_20180101"
"20151101","20200101","Full dataset","cycl_only",TRUE,TRUE,"phylum_bac","desulfobacterota","Taxonomic","cycl_only_desulfobacterota_20151101_20200101"
"20151101","20200101","Full dataset","env_cov",TRUE,TRUE,"phylum_bac","desulfobacterota","Taxonomic","env_cov_desulfobacterota_20151101_20200101"
"20151101","20200101","Full dataset","env_cycl",TRUE,TRUE,"phylum_bac","desulfobacterota","Taxonomic","env_cycl_desulfobacterota_20151101_20200101"
"20130601","20151101","Legacy only","cycl_only",TRUE,TRUE,"phylum_bac","firmicutes","Taxonomic","cycl_only_firmicutes_20130601_20151101"
"20130601","20151101","Legacy only","env_cov",TRUE,TRUE,"phylum_bac","firmicutes","Taxonomic","env_cov_firmicutes_20130601_20151101"
"20130601","20151101","Legacy only","env_cycl",TRUE,TRUE,"phylum_bac","firmicutes","Taxonomic","env_cycl_firmicutes_20130601_20151101"
"20130601","20170101","Legacy + 1 year current methods","cycl_only",TRUE,TRUE,"phylum_bac","firmicutes","Taxonomic","cycl_only_firmicutes_20130601_20170101"
"20130601","20170101","Legacy + 1 year current methods","env_cov",TRUE,TRUE,"phylum_bac","firmicutes","Taxonomic","env_cov_firmicutes_20130601_20170101"
"20130601","20170101","Legacy + 1 year current methods","env_cycl",TRUE,TRUE,"phylum_bac","firmicutes","Taxonomic","env_cycl_firmicutes_20130601_20170101"
"20130601","20180101","Legacy with covariate 2013-2018","cycl_only",TRUE,TRUE,"phylum_bac","firmicutes","Taxonomic","cycl_only_firmicutes_20130601_20180101"
"20130601","20180101","Legacy with covariate 2013-2018","env_cov",TRUE,TRUE,"phylum_bac","firmicutes","Taxonomic","env_cov_firmicutes_20130601_20180101"
"20130601","20180101","Legacy with covariate 2013-2018","env_cycl",TRUE,TRUE,"phylum_bac","firmicutes","Taxonomic","env_cycl_firmicutes_20130601_20180101"
"20151101","20180101","2 year current methods","cycl_only",TRUE,TRUE,"phylum_bac","firmicutes","Taxonomic","cycl_only_firmicutes_20151101_20180101"
"20151101","20180101","2 year current methods","env_cov",TRUE,TRUE,"phylum_bac","firmicutes","Taxonomic","env_cov_firmicutes_20151101_20180101"
"20151101","20180101","2 year current methods","env_cycl",TRUE,TRUE,"phylum_bac","firmicutes","Taxonomic","env_cycl_firmicutes_20151101_20180101"
"20151101","20180101","Legacy with covariate 2013-2018","cycl_only",TRUE,TRUE,"phylum_bac","firmicutes","Taxonomic","cycl_only_firmicutes_20130601_20180101"
"20151101","20180101","Legacy with covariate 2013-2018","env_cov",TRUE,TRUE,"phylum_bac","firmicutes","Taxonomic","env_cov_firmicutes_20130601_20180101"
"20151101","20180101","Legacy with covariate 2013-2018","env_cycl",TRUE,TRUE,"phylum_bac","firmicutes","Taxonomic","env_cycl_firmicutes_20130601_20180101"
"20151101","20200101","Full dataset","cycl_only",TRUE,TRUE,"phylum_bac","firmicutes","Taxonomic","cycl_only_firmicutes_20151101_20200101"
"20151101","20200101","Full dataset","env_cov",TRUE,TRUE,"phylum_bac","firmicutes","Taxonomic","env_cov_firmicutes_20151101_20200101"
"20151101","20200101","Full dataset","env_cycl",TRUE,TRUE,"phylum_bac","firmicutes","Taxonomic","env_cycl_firmicutes_20151101_20200101"
"20130601","20151101","Legacy only","cycl_only",TRUE,TRUE,"phylum_bac","firmicutes_a","Taxonomic","cycl_only_firmicutes_a_20130601_20151101"
"20130601","20151101","Legacy only","env_cov",TRUE,TRUE,"phylum_bac","firmicutes_a","Taxonomic","env_cov_firmicutes_a_20130601_20151101"
"20130601","20151101","Legacy only","env_cycl",TRUE,TRUE,"phylum_bac","firmicutes_a","Taxonomic","env_cycl_firmicutes_a_20130601_20151101"
"20130601","20170101","Legacy + 1 year current methods","cycl_only",TRUE,TRUE,"phylum_bac","firmicutes_a","Taxonomic","cycl_only_firmicutes_a_20130601_20170101"
"20130601","20170101","Legacy + 1 year current methods","env_cov",TRUE,TRUE,"phylum_bac","firmicutes_a","Taxonomic","env_cov_firmicutes_a_20130601_20170101"
"20130601","20170101","Legacy + 1 year current methods","env_cycl",TRUE,TRUE,"phylum_bac","firmicutes_a","Taxonomic","env_cycl_firmicutes_a_20130601_20170101"
"20130601","20180101","Legacy with covariate 2013-2018","cycl_only",TRUE,TRUE,"phylum_bac","firmicutes_a","Taxonomic","cycl_only_firmicutes_a_20130601_20180101"
"20130601","20180101","Legacy with covariate 2013-2018","env_cov",TRUE,TRUE,"phylum_bac","firmicutes_a","Taxonomic","env_cov_firmicutes_a_20130601_20180101"
"20130601","20180101","Legacy with covariate 2013-2018","env_cycl",TRUE,TRUE,"phylum_bac","firmicutes_a","Taxonomic","env_cycl_firmicutes_a_20130601_20180101"
"20151101","20180101","2 year current methods","cycl_only",TRUE,TRUE,"phylum_bac","firmicutes_a","Taxonomic","cycl_only_firmicutes_a_20151101_20180101"
"20151101","20180101","2 year current methods","env_cov",TRUE,TRUE,"phylum_bac","firmicutes_a","Taxonomic","env_cov_firmicutes_a_20151101_20180101"
"20151101","20180101","2 year current methods","env_cycl",TRUE,TRUE,"phylum_bac","firmicutes_a","Taxonomic","env_cycl_firmicutes_a_20151101_20180101"
"20151101","20180101","Legacy with covariate 2013-2018","cycl_only",TRUE,TRUE,"phylum_bac","firmicutes_a","Taxonomic","cycl_only_firmicutes_a_20130601_20180101"
"20151101","20180101","Legacy with covariate 2013-2018","env_cov",TRUE,TRUE,"phylum_bac","firmicutes_a","Taxonomic","env_cov_firmicutes_a_20130601_20180101"
"20151101","20180101","Legacy with covariate 2013-2018","env_cycl",TRUE,TRUE,"phylum_bac","firmicutes_a","Taxonomic","env_cycl_firmicutes_a_20130601_20180101"
"20151101","20200101","Full dataset","cycl_only",TRUE,TRUE,"phylum_bac","firmicutes_a","Taxonomic","cycl_only_firmicutes_a_20151101_20200101"
"20151101","20200101","Full dataset","env_cov",TRUE,TRUE,"phylum_bac","firmicutes_a","Taxonomic","env_cov_firmicutes_a_20151101_20200101"
"20151101","20200101","Full dataset","env_cycl",TRUE,TRUE,"phylum_bac","firmicutes_a","Taxonomic","env_cycl_firmicutes_a_20151101_20200101"
"20130601","20151101","Legacy only","cycl_only",TRUE,TRUE,"phylum_bac","gemmatimonadota","Taxonomic","cycl_only_gemmatimonadota_20130601_20151101"
"20130601","20151101","Legacy only","env_cov",TRUE,TRUE,"phylum_bac","gemmatimonadota","Taxonomic","env_cov_gemmatimonadota_20130601_20151101"
"20130601","20151101","Legacy only","env_cycl",TRUE,TRUE,"phylum_bac","gemmatimonadota","Taxonomic","env_cycl_gemmatimonadota_20130601_20151101"
"20130601","20170101","Legacy + 1 year current methods","cycl_only",TRUE,TRUE,"phylum_bac","gemmatimonadota","Taxonomic","cycl_only_gemmatimonadota_20130601_20170101"
"20130601","20170101","Legacy + 1 year current methods","env_cov",TRUE,TRUE,"phylum_bac","gemmatimonadota","Taxonomic","env_cov_gemmatimonadota_20130601_20170101"
"20130601","20170101","Legacy + 1 year current methods","env_cycl",TRUE,TRUE,"phylum_bac","gemmatimonadota","Taxonomic","env_cycl_gemmatimonadota_20130601_20170101"
"20130601","20180101","Legacy with covariate 2013-2018","cycl_only",TRUE,TRUE,"phylum_bac","gemmatimonadota","Taxonomic","cycl_only_gemmatimonadota_20130601_20180101"
"20130601","20180101","Legacy with covariate 2013-2018","env_cov",TRUE,TRUE,"phylum_bac","gemmatimonadota","Taxonomic","env_cov_gemmatimonadota_20130601_20180101"
"20130601","20180101","Legacy with covariate 2013-2018","env_cycl",TRUE,TRUE,"phylum_bac","gemmatimonadota","Taxonomic","env_cycl_gemmatimonadota_20130601_20180101"
"20151101","20180101","2 year current methods","cycl_only",TRUE,TRUE,"phylum_bac","gemmatimonadota","Taxonomic","cycl_only_gemmatimonadota_20151101_20180101"
"20151101","20180101","2 year current methods","env_cov",TRUE,TRUE,"phylum_bac","gemmatimonadota","Taxonomic","env_cov_gemmatimonadota_20151101_20180101"
"20151101","20180101","2 year current methods","env_cycl",TRUE,TRUE,"phylum_bac","gemmatimonadota","Taxonomic","env_cycl_gemmatimonadota_20151101_20180101"
"20151101","20180101","Legacy with covariate 2013-2018","cycl_only",TRUE,TRUE,"phylum_bac","gemmatimonadota","Taxonomic","cycl_only_gemmatimonadota_20130601_20180101"
"20151101","20180101","Legacy with covariate 2013-2018","env_cov",TRUE,TRUE,"phylum_bac","gemmatimonadota","Taxonomic","env_cov_gemmatimonadota_20130601_20180101"
"20151101","20180101","Legacy with covariate 2013-2018","env_cycl",TRUE,TRUE,"phylum_bac","gemmatimonadota","Taxonomic","env_cycl_gemmatimonadota_20130601_20180101"
"20151101","20200101","Full dataset","cycl_only",TRUE,TRUE,"phylum_bac","gemmatimonadota","Taxonomic","cycl_only_gemmatimonadota_20151101_20200101"
"20151101","20200101","Full dataset","env_cov",TRUE,TRUE,"phylum_bac","gemmatimonadota","Taxonomic","env_cov_gemmatimonadota_20151101_20200101"
"20151101","20200101","Full dataset","env_cycl",TRUE,TRUE,"phylum_bac","gemmatimonadota","Taxonomic","env_cycl_gemmatimonadota_20151101_20200101"
"20130601","20151101","Legacy only","cycl_only",TRUE,TRUE,"phylum_bac","myxococcota","Taxonomic","cycl_only_myxococcota_20130601_20151101"
"20130601","20151101","Legacy only","env_cov",TRUE,TRUE,"phylum_bac","myxococcota","Taxonomic","env_cov_myxococcota_20130601_20151101"
"20130601","20151101","Legacy only","env_cycl",TRUE,TRUE,"phylum_bac","myxococcota","Taxonomic","env_cycl_myxococcota_20130601_20151101"
"20130601","20170101","Legacy + 1 year current methods","cycl_only",TRUE,TRUE,"phylum_bac","myxococcota","Taxonomic","cycl_only_myxococcota_20130601_20170101"
"20130601","20170101","Legacy + 1 year current methods","env_cov",TRUE,TRUE,"phylum_bac","myxococcota","Taxonomic","env_cov_myxococcota_20130601_20170101"
"20130601","20170101","Legacy + 1 year current methods","env_cycl",TRUE,TRUE,"phylum_bac","myxococcota","Taxonomic","env_cycl_myxococcota_20130601_20170101"
"20130601","20180101","Legacy with covariate 2013-2018","cycl_only",TRUE,TRUE,"phylum_bac","myxococcota","Taxonomic","cycl_only_myxococcota_20130601_20180101"
"20130601","20180101","Legacy with covariate 2013-2018","env_cov",TRUE,TRUE,"phylum_bac","myxococcota","Taxonomic","env_cov_myxococcota_20130601_20180101"
"20130601","20180101","Legacy with covariate 2013-2018","env_cycl",TRUE,TRUE,"phylum_bac","myxococcota","Taxonomic","env_cycl_myxococcota_20130601_20180101"
"20151101","20180101","2 year current methods","cycl_only",TRUE,TRUE,"phylum_bac","myxococcota","Taxonomic","cycl_only_myxococcota_20151101_20180101"
"20151101","20180101","2 year current methods","env_cov",TRUE,TRUE,"phylum_bac","myxococcota","Taxonomic","env_cov_myxococcota_20151101_20180101"
"20151101","20180101","2 year current methods","env_cycl",TRUE,TRUE,"phylum_bac","myxococcota","Taxonomic","env_cycl_myxococcota_20151101_20180101"
"20151101","20180101","Legacy with covariate 2013-2018","cycl_only",TRUE,TRUE,"phylum_bac","myxococcota","Taxonomic","cycl_only_myxococcota_20130601_20180101"
"20151101","20180101","Legacy with covariate 2013-2018","env_cov",TRUE,TRUE,"phylum_bac","myxococcota","Taxonomic","env_cov_myxococcota_20130601_20180101"
"20151101","20180101","Legacy with covariate 2013-2018","env_cycl",TRUE,TRUE,"phylum_bac","myxococcota","Taxonomic","env_cycl_myxococcota_20130601_20180101"
"20151101","20200101","Full dataset","cycl_only",TRUE,TRUE,"phylum_bac","myxococcota","Taxonomic","cycl_only_myxococcota_20151101_20200101"
"20151101","20200101","Full dataset","env_cov",TRUE,TRUE,"phylum_bac","myxococcota","Taxonomic","env_cov_myxococcota_20151101_20200101"
"20151101","20200101","Full dataset","env_cycl",TRUE,TRUE,"phylum_bac","myxococcota","Taxonomic","env_cycl_myxococcota_20151101_20200101"
"20130601","20151101","Legacy only","cycl_only",TRUE,TRUE,"phylum_bac","nb1.j","Taxonomic","cycl_only_nb1.j_20130601_20151101"
"20130601","20151101","Legacy only","env_cov",TRUE,TRUE,"phylum_bac","nb1.j","Taxonomic","env_cov_nb1.j_20130601_20151101"
"20130601","20151101","Legacy only","env_cycl",TRUE,TRUE,"phylum_bac","nb1.j","Taxonomic","env_cycl_nb1.j_20130601_20151101"
"20130601","20170101","Legacy + 1 year current methods","cycl_only",TRUE,TRUE,"phylum_bac","nb1.j","Taxonomic","cycl_only_nb1.j_20130601_20170101"
"20130601","20170101","Legacy + 1 year current methods","env_cov",TRUE,TRUE,"phylum_bac","nb1.j","Taxonomic","env_cov_nb1.j_20130601_20170101"
"20130601","20170101","Legacy + 1 year current methods","env_cycl",TRUE,TRUE,"phylum_bac","nb1.j","Taxonomic","env_cycl_nb1.j_20130601_20170101"
"20130601","20180101","Legacy with covariate 2013-2018","cycl_only",TRUE,TRUE,"phylum_bac","nb1.j","Taxonomic","cycl_only_nb1.j_20130601_20180101"
"20130601","20180101","Legacy with covariate 2013-2018","env_cov",TRUE,TRUE,"phylum_bac","nb1.j","Taxonomic","env_cov_nb1.j_20130601_20180101"
"20130601","20180101","Legacy with covariate 2013-2018","env_cycl",TRUE,TRUE,"phylum_bac","nb1.j","Taxonomic","env_cycl_nb1.j_20130601_20180101"
"20151101","20180101","2 year current methods","cycl_only",TRUE,TRUE,"phylum_bac","nb1.j","Taxonomic","cycl_only_nb1.j_20151101_20180101"
"20151101","20180101","2 year current methods","env_cov",TRUE,TRUE,"phylum_bac","nb1.j","Taxonomic","env_cov_nb1.j_20151101_20180101"
"20151101","20180101","2 year current methods","env_cycl",TRUE,TRUE,"phylum_bac","nb1.j","Taxonomic","env_cycl_nb1.j_20151101_20180101"
"20151101","20180101","Legacy with covariate 2013-2018","cycl_only",TRUE,TRUE,"phylum_bac","nb1.j","Taxonomic","cycl_only_nb1.j_20130601_20180101"
"20151101","20180101","Legacy with covariate 2013-2018","env_cov",TRUE,TRUE,"phylum_bac","nb1.j","Taxonomic","env_cov_nb1.j_20130601_20180101"
"20151101","20180101","Legacy with covariate 2013-2018","env_cycl",TRUE,TRUE,"phylum_bac","nb1.j","Taxonomic","env_cycl_nb1.j_20130601_20180101"
"20151101","20200101","Full dataset","cycl_only",TRUE,TRUE,"phylum_bac","nb1.j","Taxonomic","cycl_only_nb1.j_20151101_20200101"
"20151101","20200101","Full dataset","env_cov",TRUE,TRUE,"phylum_bac","nb1.j","Taxonomic","env_cov_nb1.j_20151101_20200101"
"20151101","20200101","Full dataset","env_cycl",TRUE,TRUE,"phylum_bac","nb1.j","Taxonomic","env_cycl_nb1.j_20151101_20200101"
"20130601","20151101","Legacy only","cycl_only",TRUE,TRUE,"phylum_bac","nitrospirota","Taxonomic","cycl_only_nitrospirota_20130601_20151101"
"20130601","20151101","Legacy only","env_cov",TRUE,TRUE,"phylum_bac","nitrospirota","Taxonomic","env_cov_nitrospirota_20130601_20151101"
"20130601","20151101","Legacy only","env_cycl",TRUE,TRUE,"phylum_bac","nitrospirota","Taxonomic","env_cycl_nitrospirota_20130601_20151101"
"20130601","20170101","Legacy + 1 year current methods","cycl_only",TRUE,TRUE,"phylum_bac","nitrospirota","Taxonomic","cycl_only_nitrospirota_20130601_20170101"
"20130601","20170101","Legacy + 1 year current methods","env_cov",TRUE,TRUE,"phylum_bac","nitrospirota","Taxonomic","env_cov_nitrospirota_20130601_20170101"
"20130601","20170101","Legacy + 1 year current methods","env_cycl",TRUE,TRUE,"phylum_bac","nitrospirota","Taxonomic","env_cycl_nitrospirota_20130601_20170101"
"20130601","20180101","Legacy with covariate 2013-2018","cycl_only",TRUE,TRUE,"phylum_bac","nitrospirota","Taxonomic","cycl_only_nitrospirota_20130601_20180101"
"20130601","20180101","Legacy with covariate 2013-2018","env_cov",TRUE,TRUE,"phylum_bac","nitrospirota","Taxonomic","env_cov_nitrospirota_20130601_20180101"
"20130601","20180101","Legacy with covariate 2013-2018","env_cycl",TRUE,TRUE,"phylum_bac","nitrospirota","Taxonomic","env_cycl_nitrospirota_20130601_20180101"
"20151101","20180101","2 year current methods","cycl_only",TRUE,TRUE,"phylum_bac","nitrospirota","Taxonomic","cycl_only_nitrospirota_20151101_20180101"
"20151101","20180101","2 year current methods","env_cov",TRUE,TRUE,"phylum_bac","nitrospirota","Taxonomic","env_cov_nitrospirota_20151101_20180101"
"20151101","20180101","2 year current methods","env_cycl",TRUE,TRUE,"phylum_bac","nitrospirota","Taxonomic","env_cycl_nitrospirota_20151101_20180101"
"20151101","20180101","Legacy with covariate 2013-2018","cycl_only",TRUE,TRUE,"phylum_bac","nitrospirota","Taxonomic","cycl_only_nitrospirota_20130601_20180101"
"20151101","20180101","Legacy with covariate 2013-2018","env_cov",TRUE,TRUE,"phylum_bac","nitrospirota","Taxonomic","env_cov_nitrospirota_20130601_20180101"
"20151101","20180101","Legacy with covariate 2013-2018","env_cycl",TRUE,TRUE,"phylum_bac","nitrospirota","Taxonomic","env_cycl_nitrospirota_20130601_20180101"
"20151101","20200101","Full dataset","cycl_only",TRUE,TRUE,"phylum_bac","nitrospirota","Taxonomic","cycl_only_nitrospirota_20151101_20200101"
"20151101","20200101","Full dataset","env_cov",TRUE,TRUE,"phylum_bac","nitrospirota","Taxonomic","env_cov_nitrospirota_20151101_20200101"
"20151101","20200101","Full dataset","env_cycl",TRUE,TRUE,"phylum_bac","nitrospirota","Taxonomic","env_cycl_nitrospirota_20151101_20200101"
"20130601","20151101","Legacy only","cycl_only",TRUE,TRUE,"phylum_bac","patescibacteria","Taxonomic","cycl_only_patescibacteria_20130601_20151101"
"20130601","20151101","Legacy only","env_cov",TRUE,TRUE,"phylum_bac","patescibacteria","Taxonomic","env_cov_patescibacteria_20130601_20151101"
"20130601","20151101","Legacy only","env_cycl",TRUE,TRUE,"phylum_bac","patescibacteria","Taxonomic","env_cycl_patescibacteria_20130601_20151101"
"20130601","20170101","Legacy + 1 year current methods","cycl_only",TRUE,TRUE,"phylum_bac","patescibacteria","Taxonomic","cycl_only_patescibacteria_20130601_20170101"
"20130601","20170101","Legacy + 1 year current methods","env_cov",TRUE,TRUE,"phylum_bac","patescibacteria","Taxonomic","env_cov_patescibacteria_20130601_20170101"
"20130601","20170101","Legacy + 1 year current methods","env_cycl",TRUE,TRUE,"phylum_bac","patescibacteria","Taxonomic","env_cycl_patescibacteria_20130601_20170101"
"20130601","20180101","Legacy with covariate 2013-2018","cycl_only",TRUE,TRUE,"phylum_bac","patescibacteria","Taxonomic","cycl_only_patescibacteria_20130601_20180101"
"20130601","20180101","Legacy with covariate 2013-2018","env_cov",TRUE,TRUE,"phylum_bac","patescibacteria","Taxonomic","env_cov_patescibacteria_20130601_20180101"
"20130601","20180101","Legacy with covariate 2013-2018","env_cycl",TRUE,TRUE,"phylum_bac","patescibacteria","Taxonomic","env_cycl_patescibacteria_20130601_20180101"
"20151101","20180101","2 year current methods","cycl_only",TRUE,TRUE,"phylum_bac","patescibacteria","Taxonomic","cycl_only_patescibacteria_20151101_20180101"
"20151101","20180101","2 year current methods","env_cov",TRUE,TRUE,"phylum_bac","patescibacteria","Taxonomic","env_cov_patescibacteria_20151101_20180101"
"20151101","20180101","2 year current methods","env_cycl",TRUE,TRUE,"phylum_bac","patescibacteria","Taxonomic","env_cycl_patescibacteria_20151101_20180101"
"20151101","20180101","Legacy with covariate 2013-2018","cycl_only",TRUE,TRUE,"phylum_bac","patescibacteria","Taxonomic","cycl_only_patescibacteria_20130601_20180101"
"20151101","20180101","Legacy with covariate 2013-2018","env_cov",TRUE,TRUE,"phylum_bac","patescibacteria","Taxonomic","env_cov_patescibacteria_20130601_20180101"
"20151101","20180101","Legacy with covariate 2013-2018","env_cycl",TRUE,TRUE,"phylum_bac","patescibacteria","Taxonomic","env_cycl_patescibacteria_20130601_20180101"
"20151101","20200101","Full dataset","cycl_only",TRUE,TRUE,"phylum_bac","patescibacteria","Taxonomic","cycl_only_patescibacteria_20151101_20200101"
"20151101","20200101","Full dataset","env_cov",TRUE,TRUE,"phylum_bac","patescibacteria","Taxonomic","env_cov_patescibacteria_20151101_20200101"
"20151101","20200101","Full dataset","env_cycl",TRUE,TRUE,"phylum_bac","patescibacteria","Taxonomic","env_cycl_patescibacteria_20151101_20200101"
"20130601","20151101","Legacy only","cycl_only",TRUE,TRUE,"phylum_bac","planctomycetota","Taxonomic","cycl_only_planctomycetota_20130601_20151101"
"20130601","20151101","Legacy only","env_cov",TRUE,TRUE,"phylum_bac","planctomycetota","Taxonomic","env_cov_planctomycetota_20130601_20151101"
"20130601","20151101","Legacy only","env_cycl",TRUE,TRUE,"phylum_bac","planctomycetota","Taxonomic","env_cycl_planctomycetota_20130601_20151101"
"20130601","20170101","Legacy + 1 year current methods","cycl_only",TRUE,TRUE,"phylum_bac","planctomycetota","Taxonomic","cycl_only_planctomycetota_20130601_20170101"
"20130601","20170101","Legacy + 1 year current methods","env_cov",TRUE,TRUE,"phylum_bac","planctomycetota","Taxonomic","env_cov_planctomycetota_20130601_20170101"
"20130601","20170101","Legacy + 1 year current methods","env_cycl",TRUE,TRUE,"phylum_bac","planctomycetota","Taxonomic","env_cycl_planctomycetota_20130601_20170101"
"20130601","20180101","Legacy with covariate 2013-2018","cycl_only",TRUE,TRUE,"phylum_bac","planctomycetota","Taxonomic","cycl_only_planctomycetota_20130601_20180101"
"20130601","20180101","Legacy with covariate 2013-2018","env_cov",TRUE,TRUE,"phylum_bac","planctomycetota","Taxonomic","env_cov_planctomycetota_20130601_20180101"
"20130601","20180101","Legacy with covariate 2013-2018","env_cycl",TRUE,TRUE,"phylum_bac","planctomycetota","Taxonomic","env_cycl_planctomycetota_20130601_20180101"
"20151101","20180101","2 year current methods","cycl_only",TRUE,TRUE,"phylum_bac","planctomycetota","Taxonomic","cycl_only_planctomycetota_20151101_20180101"
"20151101","20180101","2 year current methods","env_cov",TRUE,TRUE,"phylum_bac","planctomycetota","Taxonomic","env_cov_planctomycetota_20151101_20180101"
"20151101","20180101","2 year current methods","env_cycl",TRUE,TRUE,"phylum_bac","planctomycetota","Taxonomic","env_cycl_planctomycetota_20151101_20180101"
"20151101","20180101","Legacy with covariate 2013-2018","cycl_only",TRUE,TRUE,"phylum_bac","planctomycetota","Taxonomic","cycl_only_planctomycetota_20130601_20180101"
"20151101","20180101","Legacy with covariate 2013-2018","env_cov",TRUE,TRUE,"phylum_bac","planctomycetota","Taxonomic","env_cov_planctomycetota_20130601_20180101"
"20151101","20180101","Legacy with covariate 2013-2018","env_cycl",TRUE,TRUE,"phylum_bac","planctomycetota","Taxonomic","env_cycl_planctomycetota_20130601_20180101"
"20151101","20200101","Full dataset","cycl_only",TRUE,TRUE,"phylum_bac","planctomycetota","Taxonomic","cycl_only_planctomycetota_20151101_20200101"
"20151101","20200101","Full dataset","env_cov",TRUE,TRUE,"phylum_bac","planctomycetota","Taxonomic","env_cov_planctomycetota_20151101_20200101"
"20151101","20200101","Full dataset","env_cycl",TRUE,TRUE,"phylum_bac","planctomycetota","Taxonomic","env_cycl_planctomycetota_20151101_20200101"
"20130601","20151101","Legacy only","cycl_only",TRUE,TRUE,"phylum_bac","proteobacteria","Taxonomic","cycl_only_proteobacteria_20130601_20151101"
"20130601","20151101","Legacy only","env_cov",TRUE,TRUE,"phylum_bac","proteobacteria","Taxonomic","env_cov_proteobacteria_20130601_20151101"
"20130601","20151101","Legacy only","env_cycl",TRUE,TRUE,"phylum_bac","proteobacteria","Taxonomic","env_cycl_proteobacteria_20130601_20151101"
"20130601","20170101","Legacy + 1 year current methods","cycl_only",TRUE,TRUE,"phylum_bac","proteobacteria","Taxonomic","cycl_only_proteobacteria_20130601_20170101"
"20130601","20170101","Legacy + 1 year current methods","env_cov",TRUE,TRUE,"phylum_bac","proteobacteria","Taxonomic","env_cov_proteobacteria_20130601_20170101"
"20130601","20170101","Legacy + 1 year current methods","env_cycl",TRUE,TRUE,"phylum_bac","proteobacteria","Taxonomic","env_cycl_proteobacteria_20130601_20170101"
"20130601","20180101","Legacy with covariate 2013-2018","cycl_only",TRUE,TRUE,"phylum_bac","proteobacteria","Taxonomic","cycl_only_proteobacteria_20130601_20180101"
"20130601","20180101","Legacy with covariate 2013-2018","env_cov",TRUE,TRUE,"phylum_bac","proteobacteria","Taxonomic","env_cov_proteobacteria_20130601_20180101"
"20130601","20180101","Legacy with covariate 2013-2018","env_cycl",TRUE,TRUE,"phylum_bac","proteobacteria","Taxonomic","env_cycl_proteobacteria_20130601_20180101"
"20151101","20180101","2 year current methods","cycl_only",TRUE,TRUE,"phylum_bac","proteobacteria","Taxonomic","cycl_only_proteobacteria_20151101_20180101"
"20151101","20180101","2 year current methods","env_cov",TRUE,TRUE,"phylum_bac","proteobacteria","Taxonomic","env_cov_proteobacteria_20151101_20180101"
"20151101","20180101","2 year current methods","env_cycl",TRUE,TRUE,"phylum_bac","proteobacteria","Taxonomic","env_cycl_proteobacteria_20151101_20180101"
"20151101","20180101","Legacy with covariate 2013-2018","cycl_only",TRUE,TRUE,"phylum_bac","proteobacteria","Taxonomic","cycl_only_proteobacteria_20130601_20180101"
"20151101","20180101","Legacy with covariate 2013-2018","env_cov",TRUE,TRUE,"phylum_bac","proteobacteria","Taxonomic","env_cov_proteobacteria_20130601_20180101"
"20151101","20180101","Legacy with covariate 2013-2018","env_cycl",TRUE,TRUE,"phylum_bac","proteobacteria","Taxonomic","env_cycl_proteobacteria_20130601_20180101"
"20151101","20200101","Full dataset","cycl_only",TRUE,TRUE,"phylum_bac","proteobacteria","Taxonomic","cycl_only_proteobacteria_20151101_20200101"
"20151101","20200101","Full dataset","env_cov",TRUE,TRUE,"phylum_bac","proteobacteria","Taxonomic","env_cov_proteobacteria_20151101_20200101"
"20151101","20200101","Full dataset","env_cycl",TRUE,TRUE,"phylum_bac","proteobacteria","Taxonomic","env_cycl_proteobacteria_20151101_20200101"
"20130601","20151101","Legacy only","cycl_only",TRUE,TRUE,"phylum_bac","rcp2.54","Taxonomic","cycl_only_rcp2.54_20130601_20151101"
"20130601","20151101","Legacy only","env_cov",TRUE,TRUE,"phylum_bac","rcp2.54","Taxonomic","env_cov_rcp2.54_20130601_20151101"
"20130601","20151101","Legacy only","env_cycl",TRUE,TRUE,"phylum_bac","rcp2.54","Taxonomic","env_cycl_rcp2.54_20130601_20151101"
"20130601","20170101","Legacy + 1 year current methods","cycl_only",TRUE,TRUE,"phylum_bac","rcp2.54","Taxonomic","cycl_only_rcp2.54_20130601_20170101"
"20130601","20170101","Legacy + 1 year current methods","env_cov",TRUE,TRUE,"phylum_bac","rcp2.54","Taxonomic","env_cov_rcp2.54_20130601_20170101"
"20130601","20170101","Legacy + 1 year current methods","env_cycl",TRUE,TRUE,"phylum_bac","rcp2.54","Taxonomic","env_cycl_rcp2.54_20130601_20170101"
"20130601","20180101","Legacy with covariate 2013-2018","cycl_only",TRUE,TRUE,"phylum_bac","rcp2.54","Taxonomic","cycl_only_rcp2.54_20130601_20180101"
"20130601","20180101","Legacy with covariate 2013-2018","env_cov",TRUE,TRUE,"phylum_bac","rcp2.54","Taxonomic","env_cov_rcp2.54_20130601_20180101"
"20130601","20180101","Legacy with covariate 2013-2018","env_cycl",TRUE,TRUE,"phylum_bac","rcp2.54","Taxonomic","env_cycl_rcp2.54_20130601_20180101"
"20151101","20180101","2 year current methods","cycl_only",TRUE,TRUE,"phylum_bac","rcp2.54","Taxonomic","cycl_only_rcp2.54_20151101_20180101"
"20151101","20180101","2 year current methods","env_cov",TRUE,TRUE,"phylum_bac","rcp2.54","Taxonomic","env_cov_rcp2.54_20151101_20180101"
"20151101","20180101","2 year current methods","env_cycl",TRUE,TRUE,"phylum_bac","rcp2.54","Taxonomic","env_cycl_rcp2.54_20151101_20180101"
"20151101","20180101","Legacy with covariate 2013-2018","cycl_only",TRUE,TRUE,"phylum_bac","rcp2.54","Taxonomic","cycl_only_rcp2.54_20130601_20180101"
"20151101","20180101","Legacy with covariate 2013-2018","env_cov",TRUE,TRUE,"phylum_bac","rcp2.54","Taxonomic","env_cov_rcp2.54_20130601_20180101"
"20151101","20180101","Legacy with covariate 2013-2018","env_cycl",TRUE,TRUE,"phylum_bac","rcp2.54","Taxonomic","env_cycl_rcp2.54_20130601_20180101"
"20151101","20200101","Full dataset","cycl_only",TRUE,TRUE,"phylum_bac","rcp2.54","Taxonomic","cycl_only_rcp2.54_20151101_20200101"
"20151101","20200101","Full dataset","env_cov",TRUE,TRUE,"phylum_bac","rcp2.54","Taxonomic","env_cov_rcp2.54_20151101_20200101"
"20151101","20200101","Full dataset","env_cycl",TRUE,TRUE,"phylum_bac","rcp2.54","Taxonomic","env_cycl_rcp2.54_20151101_20200101"
"20130601","20151101","Legacy only","cycl_only",TRUE,TRUE,"phylum_bac","verrucomicrobiota","Taxonomic","cycl_only_verrucomicrobiota_20130601_20151101"
"20130601","20151101","Legacy only","env_cov",TRUE,TRUE,"phylum_bac","verrucomicrobiota","Taxonomic","env_cov_verrucomicrobiota_20130601_20151101"
"20130601","20151101","Legacy only","env_cycl",TRUE,TRUE,"phylum_bac","verrucomicrobiota","Taxonomic","env_cycl_verrucomicrobiota_20130601_20151101"
"20130601","20170101","Legacy + 1 year current methods","cycl_only",TRUE,TRUE,"phylum_bac","verrucomicrobiota","Taxonomic","cycl_only_verrucomicrobiota_20130601_20170101"
"20130601","20170101","Legacy + 1 year current methods","env_cov",TRUE,TRUE,"phylum_bac","verrucomicrobiota","Taxonomic","env_cov_verrucomicrobiota_20130601_20170101"
"20130601","20170101","Legacy + 1 year current methods","env_cycl",TRUE,TRUE,"phylum_bac","verrucomicrobiota","Taxonomic","env_cycl_verrucomicrobiota_20130601_20170101"
"20130601","20180101","Legacy with covariate 2013-2018","cycl_only",TRUE,TRUE,"phylum_bac","verrucomicrobiota","Taxonomic","cycl_only_verrucomicrobiota_20130601_20180101"
"20130601","20180101","Legacy with covariate 2013-2018","env_cov",TRUE,TRUE,"phylum_bac","verrucomicrobiota","Taxonomic","env_cov_verrucomicrobiota_20130601_20180101"
"20130601","20180101","Legacy with covariate 2013-2018","env_cycl",TRUE,TRUE,"phylum_bac","verrucomicrobiota","Taxonomic","env_cycl_verrucomicrobiota_20130601_20180101"
"20151101","20180101","2 year current methods","cycl_only",TRUE,TRUE,"phylum_bac","verrucomicrobiota","Taxonomic","cycl_only_verrucomicrobiota_20151101_20180101"
"20151101","20180101","2 year current methods","env_cov",TRUE,TRUE,"phylum_bac","verrucomicrobiota","Taxonomic","env_cov_verrucomicrobiota_20151101_20180101"
"20151101","20180101","2 year current methods","env_cycl",TRUE,TRUE,"phylum_bac","verrucomicrobiota","Taxonomic","env_cycl_verrucomicrobiota_20151101_20180101"
"20151101","20180101","Legacy with covariate 2013-2018","cycl_only",TRUE,TRUE,"phylum_bac","verrucomicrobiota","Taxonomic","cycl_only_verrucomicrobiota_20130601_20180101"
"20151101","20180101","Legacy with covariate 2013-2018","env_cov",TRUE,TRUE,"phylum_bac","verrucomicrobiota","Taxonomic","env_cov_verrucomicrobiota_20130601_20180101"
"20151101","20180101","Legacy with covariate 2013-2018","env_cycl",TRUE,TRUE,"phylum_bac","verrucomicrobiota","Taxonomic","env_cycl_verrucomicrobiota_20130601_20180101"
"20151101","20200101","Full dataset","cycl_only",TRUE,TRUE,"phylum_bac","verrucomicrobiota","Taxonomic","cycl_only_verrucomicrobiota_20151101_20200101"
"20151101","20200101","Full dataset","env_cov",TRUE,TRUE,"phylum_bac","verrucomicrobiota","Taxonomic","env_cov_verrucomicrobiota_20151101_20200101"
"20151101","20200101","Full dataset","env_cycl",TRUE,TRUE,"phylum_bac","verrucomicrobiota","Taxonomic","env_cycl_verrucomicrobiota_20151101_20200101"
"20130601","20151101","Legacy only","cycl_only",TRUE,TRUE,"phylum_bac","wps.2","Taxonomic","cycl_only_wps.2_20130601_20151101"
"20130601","20151101","Legacy only","env_cov",TRUE,TRUE,"phylum_bac","wps.2","Taxonomic","env_cov_wps.2_20130601_20151101"
"20130601","20151101","Legacy only","env_cycl",TRUE,TRUE,"phylum_bac","wps.2","Taxonomic","env_cycl_wps.2_20130601_20151101"
"20130601","20170101","Legacy + 1 year current methods","cycl_only",TRUE,TRUE,"phylum_bac","wps.2","Taxonomic","cycl_only_wps.2_20130601_20170101"
"20130601","20170101","Legacy + 1 year current methods","env_cov",TRUE,TRUE,"phylum_bac","wps.2","Taxonomic","env_cov_wps.2_20130601_20170101"
"20130601","20170101","Legacy + 1 year current methods","env_cycl",TRUE,TRUE,"phylum_bac","wps.2","Taxonomic","env_cycl_wps.2_20130601_20170101"
"20130601","20180101","Legacy with covariate 2013-2018","cycl_only",TRUE,TRUE,"phylum_bac","wps.2","Taxonomic","cycl_only_wps.2_20130601_20180101"
"20130601","20180101","Legacy with covariate 2013-2018","env_cov",TRUE,TRUE,"phylum_bac","wps.2","Taxonomic","env_cov_wps.2_20130601_20180101"
"20130601","20180101","Legacy with covariate 2013-2018","env_cycl",TRUE,TRUE,"phylum_bac","wps.2","Taxonomic","env_cycl_wps.2_20130601_20180101"
"20151101","20180101","2 year current methods","cycl_only",TRUE,TRUE,"phylum_bac","wps.2","Taxonomic","cycl_only_wps.2_20151101_20180101"
"20151101","20180101","2 year current methods","env_cov",TRUE,TRUE,"phylum_bac","wps.2","Taxonomic","env_cov_wps.2_20151101_20180101"
"20151101","20180101","2 year current methods","env_cycl",TRUE,TRUE,"phylum_bac","wps.2","Taxonomic","env_cycl_wps.2_20151101_20180101"
"20151101","20180101","Legacy with covariate 2013-2018","cycl_only",TRUE,TRUE,"phylum_bac","wps.2","Taxonomic","cycl_only_wps.2_20130601_20180101"
"20151101","20180101","Legacy with covariate 2013-2018","env_cov",TRUE,TRUE,"phylum_bac","wps.2","Taxonomic","env_cov_wps.2_20130601_20180101"
"20151101","20180101","Legacy with covariate 2013-2018","env_cycl",TRUE,TRUE,"phylum_bac","wps.2","Taxonomic","env_cycl_wps.2_20130601_20180101"
"20151101","20200101","Full dataset","cycl_only",TRUE,TRUE,"phylum_bac","wps.2","Taxonomic","cycl_only_wps.2_20151101_20200101"
"20151101","20200101","Full dataset","env_cov",TRUE,TRUE,"phylum_bac","wps.2","Taxonomic","env_cov_wps.2_20151101_20200101"
"20151101","20200101","Full dataset","env_cycl",TRUE,TRUE,"phylum_bac","wps.2","Taxonomic","env_cycl_wps.2_20151101_20200101"
"20130601","20151101","Legacy only","cycl_only",TRUE,TRUE,"class_bac","acidimicrobiia","Taxonomic","cycl_only_acidimicrobiia_20130601_20151101"
"20130601","20151101","Legacy only","env_cov",TRUE,TRUE,"class_bac","acidimicrobiia","Taxonomic","env_cov_acidimicrobiia_20130601_20151101"
"20130601","20151101","Legacy only","env_cycl",TRUE,TRUE,"class_bac","acidimicrobiia","Taxonomic","env_cycl_acidimicrobiia_20130601_20151101"
"20130601","20170101","Legacy + 1 year current methods","cycl_only",TRUE,TRUE,"class_bac","acidimicrobiia","Taxonomic","cycl_only_acidimicrobiia_20130601_20170101"
"20130601","20170101","Legacy + 1 year current methods","env_cov",TRUE,TRUE,"class_bac","acidimicrobiia","Taxonomic","env_cov_acidimicrobiia_20130601_20170101"
"20130601","20170101","Legacy + 1 year current methods","env_cycl",TRUE,TRUE,"class_bac","acidimicrobiia","Taxonomic","env_cycl_acidimicrobiia_20130601_20170101"
"20130601","20180101","Legacy with covariate 2013-2018","cycl_only",TRUE,TRUE,"class_bac","acidimicrobiia","Taxonomic","cycl_only_acidimicrobiia_20130601_20180101"
"20130601","20180101","Legacy with covariate 2013-2018","env_cov",TRUE,TRUE,"class_bac","acidimicrobiia","Taxonomic","env_cov_acidimicrobiia_20130601_20180101"
"20130601","20180101","Legacy with covariate 2013-2018","env_cycl",TRUE,TRUE,"class_bac","acidimicrobiia","Taxonomic","env_cycl_acidimicrobiia_20130601_20180101"
"20151101","20180101","2 year current methods","cycl_only",TRUE,TRUE,"class_bac","acidimicrobiia","Taxonomic","cycl_only_acidimicrobiia_20151101_20180101"
"20151101","20180101","2 year current methods","env_cov",TRUE,TRUE,"class_bac","acidimicrobiia","Taxonomic","env_cov_acidimicrobiia_20151101_20180101"
"20151101","20180101","2 year current methods","env_cycl",TRUE,TRUE,"class_bac","acidimicrobiia","Taxonomic","env_cycl_acidimicrobiia_20151101_20180101"
"20151101","20180101","Legacy with covariate 2013-2018","cycl_only",TRUE,TRUE,"class_bac","acidimicrobiia","Taxonomic","cycl_only_acidimicrobiia_20130601_20180101"
"20151101","20180101","Legacy with covariate 2013-2018","env_cov",TRUE,TRUE,"class_bac","acidimicrobiia","Taxonomic","env_cov_acidimicrobiia_20130601_20180101"
"20151101","20180101","Legacy with covariate 2013-2018","env_cycl",TRUE,TRUE,"class_bac","acidimicrobiia","Taxonomic","env_cycl_acidimicrobiia_20130601_20180101"
"20151101","20200101","Full dataset","cycl_only",TRUE,TRUE,"class_bac","acidimicrobiia","Taxonomic","cycl_only_acidimicrobiia_20151101_20200101"
"20151101","20200101","Full dataset","env_cov",TRUE,TRUE,"class_bac","acidimicrobiia","Taxonomic","env_cov_acidimicrobiia_20151101_20200101"
"20151101","20200101","Full dataset","env_cycl",TRUE,TRUE,"class_bac","acidimicrobiia","Taxonomic","env_cycl_acidimicrobiia_20151101_20200101"
"20130601","20151101","Legacy only","cycl_only",TRUE,TRUE,"class_bac","acidobacteriae","Taxonomic","cycl_only_acidobacteriae_20130601_20151101"
"20130601","20151101","Legacy only","env_cov",TRUE,TRUE,"class_bac","acidobacteriae","Taxonomic","env_cov_acidobacteriae_20130601_20151101"
"20130601","20151101","Legacy only","env_cycl",TRUE,TRUE,"class_bac","acidobacteriae","Taxonomic","env_cycl_acidobacteriae_20130601_20151101"
"20130601","20170101","Legacy + 1 year current methods","cycl_only",TRUE,TRUE,"class_bac","acidobacteriae","Taxonomic","cycl_only_acidobacteriae_20130601_20170101"
"20130601","20170101","Legacy + 1 year current methods","env_cov",TRUE,TRUE,"class_bac","acidobacteriae","Taxonomic","env_cov_acidobacteriae_20130601_20170101"
"20130601","20170101","Legacy + 1 year current methods","env_cycl",TRUE,TRUE,"class_bac","acidobacteriae","Taxonomic","env_cycl_acidobacteriae_20130601_20170101"
"20130601","20180101","Legacy with covariate 2013-2018","cycl_only",TRUE,TRUE,"class_bac","acidobacteriae","Taxonomic","cycl_only_acidobacteriae_20130601_20180101"
"20130601","20180101","Legacy with covariate 2013-2018","env_cov",TRUE,TRUE,"class_bac","acidobacteriae","Taxonomic","env_cov_acidobacteriae_20130601_20180101"
"20130601","20180101","Legacy with covariate 2013-2018","env_cycl",TRUE,TRUE,"class_bac","acidobacteriae","Taxonomic","env_cycl_acidobacteriae_20130601_20180101"
"20151101","20180101","2 year current methods","cycl_only",TRUE,TRUE,"class_bac","acidobacteriae","Taxonomic","cycl_only_acidobacteriae_20151101_20180101"
"20151101","20180101","2 year current methods","env_cov",TRUE,TRUE,"class_bac","acidobacteriae","Taxonomic","env_cov_acidobacteriae_20151101_20180101"
"20151101","20180101","2 year current methods","env_cycl",TRUE,TRUE,"class_bac","acidobacteriae","Taxonomic","env_cycl_acidobacteriae_20151101_20180101"
"20151101","20180101","Legacy with covariate 2013-2018","cycl_only",TRUE,TRUE,"class_bac","acidobacteriae","Taxonomic","cycl_only_acidobacteriae_20130601_20180101"
"20151101","20180101","Legacy with covariate 2013-2018","env_cov",TRUE,TRUE,"class_bac","acidobacteriae","Taxonomic","env_cov_acidobacteriae_20130601_20180101"
"20151101","20180101","Legacy with covariate 2013-2018","env_cycl",TRUE,TRUE,"class_bac","acidobacteriae","Taxonomic","env_cycl_acidobacteriae_20130601_20180101"
"20151101","20200101","Full dataset","cycl_only",TRUE,TRUE,"class_bac","acidobacteriae","Taxonomic","cycl_only_acidobacteriae_20151101_20200101"
"20151101","20200101","Full dataset","env_cov",TRUE,TRUE,"class_bac","acidobacteriae","Taxonomic","env_cov_acidobacteriae_20151101_20200101"
"20151101","20200101","Full dataset","env_cycl",TRUE,TRUE,"class_bac","acidobacteriae","Taxonomic","env_cycl_acidobacteriae_20151101_20200101"
"20130601","20151101","Legacy only","cycl_only",TRUE,TRUE,"class_bac","actinobacteria","Taxonomic","cycl_only_actinobacteria_20130601_20151101"
"20130601","20151101","Legacy only","env_cov",TRUE,TRUE,"class_bac","actinobacteria","Taxonomic","env_cov_actinobacteria_20130601_20151101"
"20130601","20151101","Legacy only","env_cycl",TRUE,TRUE,"class_bac","actinobacteria","Taxonomic","env_cycl_actinobacteria_20130601_20151101"
"20130601","20170101","Legacy + 1 year current methods","cycl_only",TRUE,TRUE,"class_bac","actinobacteria","Taxonomic","cycl_only_actinobacteria_20130601_20170101"
"20130601","20170101","Legacy + 1 year current methods","env_cov",TRUE,TRUE,"class_bac","actinobacteria","Taxonomic","env_cov_actinobacteria_20130601_20170101"
"20130601","20170101","Legacy + 1 year current methods","env_cycl",TRUE,TRUE,"class_bac","actinobacteria","Taxonomic","env_cycl_actinobacteria_20130601_20170101"
"20130601","20180101","Legacy with covariate 2013-2018","cycl_only",TRUE,TRUE,"class_bac","actinobacteria","Taxonomic","cycl_only_actinobacteria_20130601_20180101"
"20130601","20180101","Legacy with covariate 2013-2018","env_cov",TRUE,TRUE,"class_bac","actinobacteria","Taxonomic","env_cov_actinobacteria_20130601_20180101"
"20130601","20180101","Legacy with covariate 2013-2018","env_cycl",TRUE,TRUE,"class_bac","actinobacteria","Taxonomic","env_cycl_actinobacteria_20130601_20180101"
"20151101","20180101","2 year current methods","cycl_only",TRUE,TRUE,"class_bac","actinobacteria","Taxonomic","cycl_only_actinobacteria_20151101_20180101"
"20151101","20180101","2 year current methods","env_cov",TRUE,TRUE,"class_bac","actinobacteria","Taxonomic","env_cov_actinobacteria_20151101_20180101"
"20151101","20180101","2 year current methods","env_cycl",TRUE,TRUE,"class_bac","actinobacteria","Taxonomic","env_cycl_actinobacteria_20151101_20180101"
"20151101","20180101","Legacy with covariate 2013-2018","cycl_only",TRUE,TRUE,"class_bac","actinobacteria","Taxonomic","cycl_only_actinobacteria_20130601_20180101"
"20151101","20180101","Legacy with covariate 2013-2018","env_cov",TRUE,TRUE,"class_bac","actinobacteria","Taxonomic","env_cov_actinobacteria_20130601_20180101"
"20151101","20180101","Legacy with covariate 2013-2018","env_cycl",TRUE,TRUE,"class_bac","actinobacteria","Taxonomic","env_cycl_actinobacteria_20130601_20180101"
"20151101","20200101","Full dataset","cycl_only",TRUE,TRUE,"class_bac","actinobacteria","Taxonomic","cycl_only_actinobacteria_20151101_20200101"
"20151101","20200101","Full dataset","env_cov",TRUE,TRUE,"class_bac","actinobacteria","Taxonomic","env_cov_actinobacteria_20151101_20200101"
"20151101","20200101","Full dataset","env_cycl",TRUE,TRUE,"class_bac","actinobacteria","Taxonomic","env_cycl_actinobacteria_20151101_20200101"
"20130601","20151101","Legacy only","cycl_only",TRUE,TRUE,"class_bac","actinobacteriota_class","Taxonomic","cycl_only_actinobacteriota_class_20130601_20151101"
"20130601","20151101","Legacy only","env_cov",TRUE,TRUE,"class_bac","actinobacteriota_class","Taxonomic","env_cov_actinobacteriota_class_20130601_20151101"
"20130601","20151101","Legacy only","env_cycl",TRUE,TRUE,"class_bac","actinobacteriota_class","Taxonomic","env_cycl_actinobacteriota_class_20130601_20151101"
"20130601","20170101","Legacy + 1 year current methods","cycl_only",TRUE,TRUE,"class_bac","actinobacteriota_class","Taxonomic","cycl_only_actinobacteriota_class_20130601_20170101"
"20130601","20170101","Legacy + 1 year current methods","env_cov",TRUE,TRUE,"class_bac","actinobacteriota_class","Taxonomic","env_cov_actinobacteriota_class_20130601_20170101"
"20130601","20170101","Legacy + 1 year current methods","env_cycl",TRUE,TRUE,"class_bac","actinobacteriota_class","Taxonomic","env_cycl_actinobacteriota_class_20130601_20170101"
"20130601","20180101","Legacy with covariate 2013-2018","cycl_only",TRUE,TRUE,"class_bac","actinobacteriota_class","Taxonomic","cycl_only_actinobacteriota_class_20130601_20180101"
"20130601","20180101","Legacy with covariate 2013-2018","env_cov",TRUE,TRUE,"class_bac","actinobacteriota_class","Taxonomic","env_cov_actinobacteriota_class_20130601_20180101"
"20130601","20180101","Legacy with covariate 2013-2018","env_cycl",TRUE,TRUE,"class_bac","actinobacteriota_class","Taxonomic","env_cycl_actinobacteriota_class_20130601_20180101"
"20151101","20180101","2 year current methods","cycl_only",TRUE,TRUE,"class_bac","actinobacteriota_class","Taxonomic","cycl_only_actinobacteriota_class_20151101_20180101"
"20151101","20180101","2 year current methods","env_cov",TRUE,TRUE,"class_bac","actinobacteriota_class","Taxonomic","env_cov_actinobacteriota_class_20151101_20180101"
"20151101","20180101","2 year current methods","env_cycl",TRUE,TRUE,"class_bac","actinobacteriota_class","Taxonomic","env_cycl_actinobacteriota_class_20151101_20180101"
"20151101","20180101","Legacy with covariate 2013-2018","cycl_only",TRUE,TRUE,"class_bac","actinobacteriota_class","Taxonomic","cycl_only_actinobacteriota_class_20130601_20180101"
"20151101","20180101","Legacy with covariate 2013-2018","env_cov",TRUE,TRUE,"class_bac","actinobacteriota_class","Taxonomic","env_cov_actinobacteriota_class_20130601_20180101"
"20151101","20180101","Legacy with covariate 2013-2018","env_cycl",TRUE,TRUE,"class_bac","actinobacteriota_class","Taxonomic","env_cycl_actinobacteriota_class_20130601_20180101"
"20151101","20200101","Full dataset","cycl_only",TRUE,TRUE,"class_bac","actinobacteriota_class","Taxonomic","cycl_only_actinobacteriota_class_20151101_20200101"
"20151101","20200101","Full dataset","env_cov",TRUE,TRUE,"class_bac","actinobacteriota_class","Taxonomic","env_cov_actinobacteriota_class_20151101_20200101"
"20151101","20200101","Full dataset","env_cycl",TRUE,TRUE,"class_bac","actinobacteriota_class","Taxonomic","env_cycl_actinobacteriota_class_20151101_20200101"
"20130601","20151101","Legacy only","cycl_only",TRUE,TRUE,"class_bac","alphaproteobacteria","Taxonomic","cycl_only_alphaproteobacteria_20130601_20151101"
"20130601","20151101","Legacy only","env_cov",TRUE,TRUE,"class_bac","alphaproteobacteria","Taxonomic","env_cov_alphaproteobacteria_20130601_20151101"
"20130601","20151101","Legacy only","env_cycl",TRUE,TRUE,"class_bac","alphaproteobacteria","Taxonomic","env_cycl_alphaproteobacteria_20130601_20151101"
"20130601","20170101","Legacy + 1 year current methods","cycl_only",TRUE,TRUE,"class_bac","alphaproteobacteria","Taxonomic","cycl_only_alphaproteobacteria_20130601_20170101"
"20130601","20170101","Legacy + 1 year current methods","env_cov",TRUE,TRUE,"class_bac","alphaproteobacteria","Taxonomic","env_cov_alphaproteobacteria_20130601_20170101"
"20130601","20170101","Legacy + 1 year current methods","env_cycl",TRUE,TRUE,"class_bac","alphaproteobacteria","Taxonomic","env_cycl_alphaproteobacteria_20130601_20170101"
"20130601","20180101","Legacy with covariate 2013-2018","cycl_only",TRUE,TRUE,"class_bac","alphaproteobacteria","Taxonomic","cycl_only_alphaproteobacteria_20130601_20180101"
"20130601","20180101","Legacy with covariate 2013-2018","env_cov",TRUE,TRUE,"class_bac","alphaproteobacteria","Taxonomic","env_cov_alphaproteobacteria_20130601_20180101"
"20130601","20180101","Legacy with covariate 2013-2018","env_cycl",TRUE,TRUE,"class_bac","alphaproteobacteria","Taxonomic","env_cycl_alphaproteobacteria_20130601_20180101"
"20151101","20180101","2 year current methods","cycl_only",TRUE,TRUE,"class_bac","alphaproteobacteria","Taxonomic","cycl_only_alphaproteobacteria_20151101_20180101"
"20151101","20180101","2 year current methods","env_cov",TRUE,TRUE,"class_bac","alphaproteobacteria","Taxonomic","env_cov_alphaproteobacteria_20151101_20180101"
"20151101","20180101","2 year current methods","env_cycl",TRUE,TRUE,"class_bac","alphaproteobacteria","Taxonomic","env_cycl_alphaproteobacteria_20151101_20180101"
"20151101","20180101","Legacy with covariate 2013-2018","cycl_only",TRUE,TRUE,"class_bac","alphaproteobacteria","Taxonomic","cycl_only_alphaproteobacteria_20130601_20180101"
"20151101","20180101","Legacy with covariate 2013-2018","env_cov",TRUE,TRUE,"class_bac","alphaproteobacteria","Taxonomic","env_cov_alphaproteobacteria_20130601_20180101"
"20151101","20180101","Legacy with covariate 2013-2018","env_cycl",TRUE,TRUE,"class_bac","alphaproteobacteria","Taxonomic","env_cycl_alphaproteobacteria_20130601_20180101"
"20151101","20200101","Full dataset","cycl_only",TRUE,TRUE,"class_bac","alphaproteobacteria","Taxonomic","cycl_only_alphaproteobacteria_20151101_20200101"
"20151101","20200101","Full dataset","env_cov",TRUE,TRUE,"class_bac","alphaproteobacteria","Taxonomic","env_cov_alphaproteobacteria_20151101_20200101"
"20151101","20200101","Full dataset","env_cycl",TRUE,TRUE,"class_bac","alphaproteobacteria","Taxonomic","env_cycl_alphaproteobacteria_20151101_20200101"
"20130601","20151101","Legacy only","cycl_only",TRUE,TRUE,"class_bac","bacilli","Taxonomic","cycl_only_bacilli_20130601_20151101"
"20130601","20151101","Legacy only","env_cov",TRUE,TRUE,"class_bac","bacilli","Taxonomic","env_cov_bacilli_20130601_20151101"
"20130601","20151101","Legacy only","env_cycl",TRUE,TRUE,"class_bac","bacilli","Taxonomic","env_cycl_bacilli_20130601_20151101"
"20130601","20170101","Legacy + 1 year current methods","cycl_only",TRUE,TRUE,"class_bac","bacilli","Taxonomic","cycl_only_bacilli_20130601_20170101"
"20130601","20170101","Legacy + 1 year current methods","env_cov",TRUE,TRUE,"class_bac","bacilli","Taxonomic","env_cov_bacilli_20130601_20170101"
"20130601","20170101","Legacy + 1 year current methods","env_cycl",TRUE,TRUE,"class_bac","bacilli","Taxonomic","env_cycl_bacilli_20130601_20170101"
"20130601","20180101","Legacy with covariate 2013-2018","cycl_only",TRUE,TRUE,"class_bac","bacilli","Taxonomic","cycl_only_bacilli_20130601_20180101"
"20130601","20180101","Legacy with covariate 2013-2018","env_cov",TRUE,TRUE,"class_bac","bacilli","Taxonomic","env_cov_bacilli_20130601_20180101"
"20130601","20180101","Legacy with covariate 2013-2018","env_cycl",TRUE,TRUE,"class_bac","bacilli","Taxonomic","env_cycl_bacilli_20130601_20180101"
"20151101","20180101","2 year current methods","cycl_only",TRUE,TRUE,"class_bac","bacilli","Taxonomic","cycl_only_bacilli_20151101_20180101"
"20151101","20180101","2 year current methods","env_cov",TRUE,TRUE,"class_bac","bacilli","Taxonomic","env_cov_bacilli_20151101_20180101"
"20151101","20180101","2 year current methods","env_cycl",TRUE,TRUE,"class_bac","bacilli","Taxonomic","env_cycl_bacilli_20151101_20180101"
"20151101","20180101","Legacy with covariate 2013-2018","cycl_only",TRUE,TRUE,"class_bac","bacilli","Taxonomic","cycl_only_bacilli_20130601_20180101"
"20151101","20180101","Legacy with covariate 2013-2018","env_cov",TRUE,TRUE,"class_bac","bacilli","Taxonomic","env_cov_bacilli_20130601_20180101"
"20151101","20180101","Legacy with covariate 2013-2018","env_cycl",TRUE,TRUE,"class_bac","bacilli","Taxonomic","env_cycl_bacilli_20130601_20180101"
"20151101","20200101","Full dataset","cycl_only",TRUE,TRUE,"class_bac","bacilli","Taxonomic","cycl_only_bacilli_20151101_20200101"
"20151101","20200101","Full dataset","env_cov",TRUE,TRUE,"class_bac","bacilli","Taxonomic","env_cov_bacilli_20151101_20200101"
"20151101","20200101","Full dataset","env_cycl",TRUE,TRUE,"class_bac","bacilli","Taxonomic","env_cycl_bacilli_20151101_20200101"
"20130601","20151101","Legacy only","cycl_only",TRUE,TRUE,"class_bac","bacteroidia","Taxonomic","cycl_only_bacteroidia_20130601_20151101"
"20130601","20151101","Legacy only","env_cov",TRUE,TRUE,"class_bac","bacteroidia","Taxonomic","env_cov_bacteroidia_20130601_20151101"
"20130601","20151101","Legacy only","env_cycl",TRUE,TRUE,"class_bac","bacteroidia","Taxonomic","env_cycl_bacteroidia_20130601_20151101"
"20130601","20170101","Legacy + 1 year current methods","cycl_only",TRUE,TRUE,"class_bac","bacteroidia","Taxonomic","cycl_only_bacteroidia_20130601_20170101"
"20130601","20170101","Legacy + 1 year current methods","env_cov",TRUE,TRUE,"class_bac","bacteroidia","Taxonomic","env_cov_bacteroidia_20130601_20170101"
"20130601","20170101","Legacy + 1 year current methods","env_cycl",TRUE,TRUE,"class_bac","bacteroidia","Taxonomic","env_cycl_bacteroidia_20130601_20170101"
"20130601","20180101","Legacy with covariate 2013-2018","cycl_only",TRUE,TRUE,"class_bac","bacteroidia","Taxonomic","cycl_only_bacteroidia_20130601_20180101"
"20130601","20180101","Legacy with covariate 2013-2018","env_cov",TRUE,TRUE,"class_bac","bacteroidia","Taxonomic","env_cov_bacteroidia_20130601_20180101"
"20130601","20180101","Legacy with covariate 2013-2018","env_cycl",TRUE,TRUE,"class_bac","bacteroidia","Taxonomic","env_cycl_bacteroidia_20130601_20180101"
"20151101","20180101","2 year current methods","cycl_only",TRUE,TRUE,"class_bac","bacteroidia","Taxonomic","cycl_only_bacteroidia_20151101_20180101"
"20151101","20180101","2 year current methods","env_cov",TRUE,TRUE,"class_bac","bacteroidia","Taxonomic","env_cov_bacteroidia_20151101_20180101"
"20151101","20180101","2 year current methods","env_cycl",TRUE,TRUE,"class_bac","bacteroidia","Taxonomic","env_cycl_bacteroidia_20151101_20180101"
"20151101","20180101","Legacy with covariate 2013-2018","cycl_only",TRUE,TRUE,"class_bac","bacteroidia","Taxonomic","cycl_only_bacteroidia_20130601_20180101"
"20151101","20180101","Legacy with covariate 2013-2018","env_cov",TRUE,TRUE,"class_bac","bacteroidia","Taxonomic","env_cov_bacteroidia_20130601_20180101"
"20151101","20180101","Legacy with covariate 2013-2018","env_cycl",TRUE,TRUE,"class_bac","bacteroidia","Taxonomic","env_cycl_bacteroidia_20130601_20180101"
"20151101","20200101","Full dataset","cycl_only",TRUE,TRUE,"class_bac","bacteroidia","Taxonomic","cycl_only_bacteroidia_20151101_20200101"
"20151101","20200101","Full dataset","env_cov",TRUE,TRUE,"class_bac","bacteroidia","Taxonomic","env_cov_bacteroidia_20151101_20200101"
"20151101","20200101","Full dataset","env_cycl",TRUE,TRUE,"class_bac","bacteroidia","Taxonomic","env_cycl_bacteroidia_20151101_20200101"
"20130601","20151101","Legacy only","cycl_only",TRUE,TRUE,"class_bac","blastocatellia","Taxonomic","cycl_only_blastocatellia_20130601_20151101"
"20130601","20151101","Legacy only","env_cov",TRUE,TRUE,"class_bac","blastocatellia","Taxonomic","env_cov_blastocatellia_20130601_20151101"
"20130601","20151101","Legacy only","env_cycl",TRUE,TRUE,"class_bac","blastocatellia","Taxonomic","env_cycl_blastocatellia_20130601_20151101"
"20130601","20170101","Legacy + 1 year current methods","cycl_only",TRUE,TRUE,"class_bac","blastocatellia","Taxonomic","cycl_only_blastocatellia_20130601_20170101"
"20130601","20170101","Legacy + 1 year current methods","env_cov",TRUE,TRUE,"class_bac","blastocatellia","Taxonomic","env_cov_blastocatellia_20130601_20170101"
"20130601","20170101","Legacy + 1 year current methods","env_cycl",TRUE,TRUE,"class_bac","blastocatellia","Taxonomic","env_cycl_blastocatellia_20130601_20170101"
"20130601","20180101","Legacy with covariate 2013-2018","cycl_only",TRUE,TRUE,"class_bac","blastocatellia","Taxonomic","cycl_only_blastocatellia_20130601_20180101"
"20130601","20180101","Legacy with covariate 2013-2018","env_cov",TRUE,TRUE,"class_bac","blastocatellia","Taxonomic","env_cov_blastocatellia_20130601_20180101"
"20130601","20180101","Legacy with covariate 2013-2018","env_cycl",TRUE,TRUE,"class_bac","blastocatellia","Taxonomic","env_cycl_blastocatellia_20130601_20180101"
"20151101","20180101","2 year current methods","cycl_only",TRUE,TRUE,"class_bac","blastocatellia","Taxonomic","cycl_only_blastocatellia_20151101_20180101"
"20151101","20180101","2 year current methods","env_cov",TRUE,TRUE,"class_bac","blastocatellia","Taxonomic","env_cov_blastocatellia_20151101_20180101"
"20151101","20180101","2 year current methods","env_cycl",TRUE,TRUE,"class_bac","blastocatellia","Taxonomic","env_cycl_blastocatellia_20151101_20180101"
"20151101","20180101","Legacy with covariate 2013-2018","cycl_only",TRUE,TRUE,"class_bac","blastocatellia","Taxonomic","cycl_only_blastocatellia_20130601_20180101"
"20151101","20180101","Legacy with covariate 2013-2018","env_cov",TRUE,TRUE,"class_bac","blastocatellia","Taxonomic","env_cov_blastocatellia_20130601_20180101"
"20151101","20180101","Legacy with covariate 2013-2018","env_cycl",TRUE,TRUE,"class_bac","blastocatellia","Taxonomic","env_cycl_blastocatellia_20130601_20180101"
"20151101","20200101","Full dataset","cycl_only",TRUE,TRUE,"class_bac","blastocatellia","Taxonomic","cycl_only_blastocatellia_20151101_20200101"
"20151101","20200101","Full dataset","env_cov",TRUE,TRUE,"class_bac","blastocatellia","Taxonomic","env_cov_blastocatellia_20151101_20200101"
"20151101","20200101","Full dataset","env_cycl",TRUE,TRUE,"class_bac","blastocatellia","Taxonomic","env_cycl_blastocatellia_20151101_20200101"
"20130601","20151101","Legacy only","cycl_only",TRUE,TRUE,"class_bac","clostridia","Taxonomic","cycl_only_clostridia_20130601_20151101"
"20130601","20151101","Legacy only","env_cov",TRUE,TRUE,"class_bac","clostridia","Taxonomic","env_cov_clostridia_20130601_20151101"
"20130601","20151101","Legacy only","env_cycl",TRUE,TRUE,"class_bac","clostridia","Taxonomic","env_cycl_clostridia_20130601_20151101"
"20130601","20170101","Legacy + 1 year current methods","cycl_only",TRUE,TRUE,"class_bac","clostridia","Taxonomic","cycl_only_clostridia_20130601_20170101"
"20130601","20170101","Legacy + 1 year current methods","env_cov",TRUE,TRUE,"class_bac","clostridia","Taxonomic","env_cov_clostridia_20130601_20170101"
"20130601","20170101","Legacy + 1 year current methods","env_cycl",TRUE,TRUE,"class_bac","clostridia","Taxonomic","env_cycl_clostridia_20130601_20170101"
"20130601","20180101","Legacy with covariate 2013-2018","cycl_only",TRUE,TRUE,"class_bac","clostridia","Taxonomic","cycl_only_clostridia_20130601_20180101"
"20130601","20180101","Legacy with covariate 2013-2018","env_cov",TRUE,TRUE,"class_bac","clostridia","Taxonomic","env_cov_clostridia_20130601_20180101"
"20130601","20180101","Legacy with covariate 2013-2018","env_cycl",TRUE,TRUE,"class_bac","clostridia","Taxonomic","env_cycl_clostridia_20130601_20180101"
"20151101","20180101","2 year current methods","cycl_only",TRUE,TRUE,"class_bac","clostridia","Taxonomic","cycl_only_clostridia_20151101_20180101"
"20151101","20180101","2 year current methods","env_cov",TRUE,TRUE,"class_bac","clostridia","Taxonomic","env_cov_clostridia_20151101_20180101"
"20151101","20180101","2 year current methods","env_cycl",TRUE,TRUE,"class_bac","clostridia","Taxonomic","env_cycl_clostridia_20151101_20180101"
"20151101","20180101","Legacy with covariate 2013-2018","cycl_only",TRUE,TRUE,"class_bac","clostridia","Taxonomic","cycl_only_clostridia_20130601_20180101"
"20151101","20180101","Legacy with covariate 2013-2018","env_cov",TRUE,TRUE,"class_bac","clostridia","Taxonomic","env_cov_clostridia_20130601_20180101"
"20151101","20180101","Legacy with covariate 2013-2018","env_cycl",TRUE,TRUE,"class_bac","clostridia","Taxonomic","env_cycl_clostridia_20130601_20180101"
"20151101","20200101","Full dataset","cycl_only",TRUE,TRUE,"class_bac","clostridia","Taxonomic","cycl_only_clostridia_20151101_20200101"
"20151101","20200101","Full dataset","env_cov",TRUE,TRUE,"class_bac","clostridia","Taxonomic","env_cov_clostridia_20151101_20200101"
"20151101","20200101","Full dataset","env_cycl",TRUE,TRUE,"class_bac","clostridia","Taxonomic","env_cycl_clostridia_20151101_20200101"
"20130601","20151101","Legacy only","cycl_only",TRUE,TRUE,"class_bac","cyanobacteriia","Taxonomic","cycl_only_cyanobacteriia_20130601_20151101"
"20130601","20151101","Legacy only","env_cov",TRUE,TRUE,"class_bac","cyanobacteriia","Taxonomic","env_cov_cyanobacteriia_20130601_20151101"
"20130601","20151101","Legacy only","env_cycl",TRUE,TRUE,"class_bac","cyanobacteriia","Taxonomic","env_cycl_cyanobacteriia_20130601_20151101"
"20130601","20170101","Legacy + 1 year current methods","cycl_only",TRUE,TRUE,"class_bac","cyanobacteriia","Taxonomic","cycl_only_cyanobacteriia_20130601_20170101"
"20130601","20170101","Legacy + 1 year current methods","env_cov",TRUE,TRUE,"class_bac","cyanobacteriia","Taxonomic","env_cov_cyanobacteriia_20130601_20170101"
"20130601","20170101","Legacy + 1 year current methods","env_cycl",TRUE,TRUE,"class_bac","cyanobacteriia","Taxonomic","env_cycl_cyanobacteriia_20130601_20170101"
"20130601","20180101","Legacy with covariate 2013-2018","cycl_only",TRUE,TRUE,"class_bac","cyanobacteriia","Taxonomic","cycl_only_cyanobacteriia_20130601_20180101"
"20130601","20180101","Legacy with covariate 2013-2018","env_cov",TRUE,TRUE,"class_bac","cyanobacteriia","Taxonomic","env_cov_cyanobacteriia_20130601_20180101"
"20130601","20180101","Legacy with covariate 2013-2018","env_cycl",TRUE,TRUE,"class_bac","cyanobacteriia","Taxonomic","env_cycl_cyanobacteriia_20130601_20180101"
"20151101","20180101","2 year current methods","cycl_only",TRUE,TRUE,"class_bac","cyanobacteriia","Taxonomic","cycl_only_cyanobacteriia_20151101_20180101"
"20151101","20180101","2 year current methods","env_cov",TRUE,TRUE,"class_bac","cyanobacteriia","Taxonomic","env_cov_cyanobacteriia_20151101_20180101"
"20151101","20180101","2 year current methods","env_cycl",TRUE,TRUE,"class_bac","cyanobacteriia","Taxonomic","env_cycl_cyanobacteriia_20151101_20180101"
"20151101","20180101","Legacy with covariate 2013-2018","cycl_only",TRUE,TRUE,"class_bac","cyanobacteriia","Taxonomic","cycl_only_cyanobacteriia_20130601_20180101"
"20151101","20180101","Legacy with covariate 2013-2018","env_cov",TRUE,TRUE,"class_bac","cyanobacteriia","Taxonomic","env_cov_cyanobacteriia_20130601_20180101"
"20151101","20180101","Legacy with covariate 2013-2018","env_cycl",TRUE,TRUE,"class_bac","cyanobacteriia","Taxonomic","env_cycl_cyanobacteriia_20130601_20180101"
"20151101","20200101","Full dataset","cycl_only",TRUE,TRUE,"class_bac","cyanobacteriia","Taxonomic","cycl_only_cyanobacteriia_20151101_20200101"
"20151101","20200101","Full dataset","env_cov",TRUE,TRUE,"class_bac","cyanobacteriia","Taxonomic","env_cov_cyanobacteriia_20151101_20200101"
"20151101","20200101","Full dataset","env_cycl",TRUE,TRUE,"class_bac","cyanobacteriia","Taxonomic","env_cycl_cyanobacteriia_20151101_20200101"
"20130601","20151101","Legacy only","cycl_only",TRUE,TRUE,"class_bac","gammaproteobacteria","Taxonomic","cycl_only_gammaproteobacteria_20130601_20151101"
"20130601","20151101","Legacy only","env_cov",TRUE,TRUE,"class_bac","gammaproteobacteria","Taxonomic","env_cov_gammaproteobacteria_20130601_20151101"
"20130601","20151101","Legacy only","env_cycl",TRUE,TRUE,"class_bac","gammaproteobacteria","Taxonomic","env_cycl_gammaproteobacteria_20130601_20151101"
"20130601","20170101","Legacy + 1 year current methods","cycl_only",TRUE,TRUE,"class_bac","gammaproteobacteria","Taxonomic","cycl_only_gammaproteobacteria_20130601_20170101"
"20130601","20170101","Legacy + 1 year current methods","env_cov",TRUE,TRUE,"class_bac","gammaproteobacteria","Taxonomic","env_cov_gammaproteobacteria_20130601_20170101"
"20130601","20170101","Legacy + 1 year current methods","env_cycl",TRUE,TRUE,"class_bac","gammaproteobacteria","Taxonomic","env_cycl_gammaproteobacteria_20130601_20170101"
"20130601","20180101","Legacy with covariate 2013-2018","cycl_only",TRUE,TRUE,"class_bac","gammaproteobacteria","Taxonomic","cycl_only_gammaproteobacteria_20130601_20180101"
"20130601","20180101","Legacy with covariate 2013-2018","env_cov",TRUE,TRUE,"class_bac","gammaproteobacteria","Taxonomic","env_cov_gammaproteobacteria_20130601_20180101"
"20130601","20180101","Legacy with covariate 2013-2018","env_cycl",TRUE,TRUE,"class_bac","gammaproteobacteria","Taxonomic","env_cycl_gammaproteobacteria_20130601_20180101"
"20151101","20180101","2 year current methods","cycl_only",TRUE,TRUE,"class_bac","gammaproteobacteria","Taxonomic","cycl_only_gammaproteobacteria_20151101_20180101"
"20151101","20180101","2 year current methods","env_cov",TRUE,TRUE,"class_bac","gammaproteobacteria","Taxonomic","env_cov_gammaproteobacteria_20151101_20180101"
"20151101","20180101","2 year current methods","env_cycl",TRUE,TRUE,"class_bac","gammaproteobacteria","Taxonomic","env_cycl_gammaproteobacteria_20151101_20180101"
"20151101","20180101","Legacy with covariate 2013-2018","cycl_only",TRUE,TRUE,"class_bac","gammaproteobacteria","Taxonomic","cycl_only_gammaproteobacteria_20130601_20180101"
"20151101","20180101","Legacy with covariate 2013-2018","env_cov",TRUE,TRUE,"class_bac","gammaproteobacteria","Taxonomic","env_cov_gammaproteobacteria_20130601_20180101"
"20151101","20180101","Legacy with covariate 2013-2018","env_cycl",TRUE,TRUE,"class_bac","gammaproteobacteria","Taxonomic","env_cycl_gammaproteobacteria_20130601_20180101"
"20151101","20200101","Full dataset","cycl_only",TRUE,TRUE,"class_bac","gammaproteobacteria","Taxonomic","cycl_only_gammaproteobacteria_20151101_20200101"
"20151101","20200101","Full dataset","env_cov",TRUE,TRUE,"class_bac","gammaproteobacteria","Taxonomic","env_cov_gammaproteobacteria_20151101_20200101"
"20151101","20200101","Full dataset","env_cycl",TRUE,TRUE,"class_bac","gammaproteobacteria","Taxonomic","env_cycl_gammaproteobacteria_20151101_20200101"
"20130601","20151101","Legacy only","cycl_only",TRUE,TRUE,"class_bac","gemmatimonadetes","Taxonomic","cycl_only_gemmatimonadetes_20130601_20151101"
"20130601","20151101","Legacy only","env_cov",TRUE,TRUE,"class_bac","gemmatimonadetes","Taxonomic","env_cov_gemmatimonadetes_20130601_20151101"
"20130601","20151101","Legacy only","env_cycl",TRUE,TRUE,"class_bac","gemmatimonadetes","Taxonomic","env_cycl_gemmatimonadetes_20130601_20151101"
"20130601","20170101","Legacy + 1 year current methods","cycl_only",TRUE,TRUE,"class_bac","gemmatimonadetes","Taxonomic","cycl_only_gemmatimonadetes_20130601_20170101"
"20130601","20170101","Legacy + 1 year current methods","env_cov",TRUE,TRUE,"class_bac","gemmatimonadetes","Taxonomic","env_cov_gemmatimonadetes_20130601_20170101"
"20130601","20170101","Legacy + 1 year current methods","env_cycl",TRUE,TRUE,"class_bac","gemmatimonadetes","Taxonomic","env_cycl_gemmatimonadetes_20130601_20170101"
"20130601","20180101","Legacy with covariate 2013-2018","cycl_only",TRUE,TRUE,"class_bac","gemmatimonadetes","Taxonomic","cycl_only_gemmatimonadetes_20130601_20180101"
"20130601","20180101","Legacy with covariate 2013-2018","env_cov",TRUE,TRUE,"class_bac","gemmatimonadetes","Taxonomic","env_cov_gemmatimonadetes_20130601_20180101"
"20130601","20180101","Legacy with covariate 2013-2018","env_cycl",TRUE,TRUE,"class_bac","gemmatimonadetes","Taxonomic","env_cycl_gemmatimonadetes_20130601_20180101"
"20151101","20180101","2 year current methods","cycl_only",TRUE,TRUE,"class_bac","gemmatimonadetes","Taxonomic","cycl_only_gemmatimonadetes_20151101_20180101"
"20151101","20180101","2 year current methods","env_cov",TRUE,TRUE,"class_bac","gemmatimonadetes","Taxonomic","env_cov_gemmatimonadetes_20151101_20180101"
"20151101","20180101","2 year current methods","env_cycl",TRUE,TRUE,"class_bac","gemmatimonadetes","Taxonomic","env_cycl_gemmatimonadetes_20151101_20180101"
"20151101","20180101","Legacy with covariate 2013-2018","cycl_only",TRUE,TRUE,"class_bac","gemmatimonadetes","Taxonomic","cycl_only_gemmatimonadetes_20130601_20180101"
"20151101","20180101","Legacy with covariate 2013-2018","env_cov",TRUE,TRUE,"class_bac","gemmatimonadetes","Taxonomic","env_cov_gemmatimonadetes_20130601_20180101"
"20151101","20180101","Legacy with covariate 2013-2018","env_cycl",TRUE,TRUE,"class_bac","gemmatimonadetes","Taxonomic","env_cycl_gemmatimonadetes_20130601_20180101"
"20151101","20200101","Full dataset","cycl_only",TRUE,TRUE,"class_bac","gemmatimonadetes","Taxonomic","cycl_only_gemmatimonadetes_20151101_20200101"
"20151101","20200101","Full dataset","env_cov",TRUE,TRUE,"class_bac","gemmatimonadetes","Taxonomic","env_cov_gemmatimonadetes_20151101_20200101"
"20151101","20200101","Full dataset","env_cycl",TRUE,TRUE,"class_bac","gemmatimonadetes","Taxonomic","env_cycl_gemmatimonadetes_20151101_20200101"
"20130601","20151101","Legacy only","cycl_only",TRUE,TRUE,"class_bac","ktedonobacteria","Taxonomic","cycl_only_ktedonobacteria_20130601_20151101"
"20130601","20151101","Legacy only","env_cov",TRUE,TRUE,"class_bac","ktedonobacteria","Taxonomic","env_cov_ktedonobacteria_20130601_20151101"
"20130601","20151101","Legacy only","env_cycl",TRUE,TRUE,"class_bac","ktedonobacteria","Taxonomic","env_cycl_ktedonobacteria_20130601_20151101"
"20130601","20170101","Legacy + 1 year current methods","cycl_only",TRUE,TRUE,"class_bac","ktedonobacteria","Taxonomic","cycl_only_ktedonobacteria_20130601_20170101"
"20130601","20170101","Legacy + 1 year current methods","env_cov",TRUE,TRUE,"class_bac","ktedonobacteria","Taxonomic","env_cov_ktedonobacteria_20130601_20170101"
"20130601","20170101","Legacy + 1 year current methods","env_cycl",TRUE,TRUE,"class_bac","ktedonobacteria","Taxonomic","env_cycl_ktedonobacteria_20130601_20170101"
"20130601","20180101","Legacy with covariate 2013-2018","cycl_only",TRUE,TRUE,"class_bac","ktedonobacteria","Taxonomic","cycl_only_ktedonobacteria_20130601_20180101"
"20130601","20180101","Legacy with covariate 2013-2018","env_cov",TRUE,TRUE,"class_bac","ktedonobacteria","Taxonomic","env_cov_ktedonobacteria_20130601_20180101"
"20130601","20180101","Legacy with covariate 2013-2018","env_cycl",TRUE,TRUE,"class_bac","ktedonobacteria","Taxonomic","env_cycl_ktedonobacteria_20130601_20180101"
"20151101","20180101","2 year current methods","cycl_only",TRUE,TRUE,"class_bac","ktedonobacteria","Taxonomic","cycl_only_ktedonobacteria_20151101_20180101"
"20151101","20180101","2 year current methods","env_cov",TRUE,TRUE,"class_bac","ktedonobacteria","Taxonomic","env_cov_ktedonobacteria_20151101_20180101"
"20151101","20180101","2 year current methods","env_cycl",TRUE,TRUE,"class_bac","ktedonobacteria","Taxonomic","env_cycl_ktedonobacteria_20151101_20180101"
"20151101","20180101","Legacy with covariate 2013-2018","cycl_only",TRUE,TRUE,"class_bac","ktedonobacteria","Taxonomic","cycl_only_ktedonobacteria_20130601_20180101"
"20151101","20180101","Legacy with covariate 2013-2018","env_cov",TRUE,TRUE,"class_bac","ktedonobacteria","Taxonomic","env_cov_ktedonobacteria_20130601_20180101"
"20151101","20180101","Legacy with covariate 2013-2018","env_cycl",TRUE,TRUE,"class_bac","ktedonobacteria","Taxonomic","env_cycl_ktedonobacteria_20130601_20180101"
"20151101","20200101","Full dataset","cycl_only",TRUE,TRUE,"class_bac","ktedonobacteria","Taxonomic","cycl_only_ktedonobacteria_20151101_20200101"
"20151101","20200101","Full dataset","env_cov",TRUE,TRUE,"class_bac","ktedonobacteria","Taxonomic","env_cov_ktedonobacteria_20151101_20200101"
"20151101","20200101","Full dataset","env_cycl",TRUE,TRUE,"class_bac","ktedonobacteria","Taxonomic","env_cycl_ktedonobacteria_20151101_20200101"
"20130601","20151101","Legacy only","cycl_only",TRUE,TRUE,"class_bac","microgenomatia","Taxonomic","cycl_only_microgenomatia_20130601_20151101"
"20130601","20151101","Legacy only","env_cov",TRUE,TRUE,"class_bac","microgenomatia","Taxonomic","env_cov_microgenomatia_20130601_20151101"
"20130601","20151101","Legacy only","env_cycl",TRUE,TRUE,"class_bac","microgenomatia","Taxonomic","env_cycl_microgenomatia_20130601_20151101"
"20130601","20170101","Legacy + 1 year current methods","cycl_only",TRUE,TRUE,"class_bac","microgenomatia","Taxonomic","cycl_only_microgenomatia_20130601_20170101"
"20130601","20170101","Legacy + 1 year current methods","env_cov",TRUE,TRUE,"class_bac","microgenomatia","Taxonomic","env_cov_microgenomatia_20130601_20170101"
"20130601","20170101","Legacy + 1 year current methods","env_cycl",TRUE,TRUE,"class_bac","microgenomatia","Taxonomic","env_cycl_microgenomatia_20130601_20170101"
"20130601","20180101","Legacy with covariate 2013-2018","cycl_only",TRUE,TRUE,"class_bac","microgenomatia","Taxonomic","cycl_only_microgenomatia_20130601_20180101"
"20130601","20180101","Legacy with covariate 2013-2018","env_cov",TRUE,TRUE,"class_bac","microgenomatia","Taxonomic","env_cov_microgenomatia_20130601_20180101"
"20130601","20180101","Legacy with covariate 2013-2018","env_cycl",TRUE,TRUE,"class_bac","microgenomatia","Taxonomic","env_cycl_microgenomatia_20130601_20180101"
"20151101","20180101","2 year current methods","cycl_only",TRUE,TRUE,"class_bac","microgenomatia","Taxonomic","cycl_only_microgenomatia_20151101_20180101"
"20151101","20180101","2 year current methods","env_cov",TRUE,TRUE,"class_bac","microgenomatia","Taxonomic","env_cov_microgenomatia_20151101_20180101"
"20151101","20180101","2 year current methods","env_cycl",TRUE,TRUE,"class_bac","microgenomatia","Taxonomic","env_cycl_microgenomatia_20151101_20180101"
"20151101","20180101","Legacy with covariate 2013-2018","cycl_only",TRUE,TRUE,"class_bac","microgenomatia","Taxonomic","cycl_only_microgenomatia_20130601_20180101"
"20151101","20180101","Legacy with covariate 2013-2018","env_cov",TRUE,TRUE,"class_bac","microgenomatia","Taxonomic","env_cov_microgenomatia_20130601_20180101"
"20151101","20180101","Legacy with covariate 2013-2018","env_cycl",TRUE,TRUE,"class_bac","microgenomatia","Taxonomic","env_cycl_microgenomatia_20130601_20180101"
"20151101","20200101","Full dataset","cycl_only",TRUE,TRUE,"class_bac","microgenomatia","Taxonomic","cycl_only_microgenomatia_20151101_20200101"
"20151101","20200101","Full dataset","env_cov",TRUE,TRUE,"class_bac","microgenomatia","Taxonomic","env_cov_microgenomatia_20151101_20200101"
"20151101","20200101","Full dataset","env_cycl",TRUE,TRUE,"class_bac","microgenomatia","Taxonomic","env_cycl_microgenomatia_20151101_20200101"
"20130601","20151101","Legacy only","cycl_only",TRUE,TRUE,"class_bac","phycisphaerae","Taxonomic","cycl_only_phycisphaerae_20130601_20151101"
"20130601","20151101","Legacy only","env_cov",TRUE,TRUE,"class_bac","phycisphaerae","Taxonomic","env_cov_phycisphaerae_20130601_20151101"
"20130601","20151101","Legacy only","env_cycl",TRUE,TRUE,"class_bac","phycisphaerae","Taxonomic","env_cycl_phycisphaerae_20130601_20151101"
"20130601","20170101","Legacy + 1 year current methods","cycl_only",TRUE,TRUE,"class_bac","phycisphaerae","Taxonomic","cycl_only_phycisphaerae_20130601_20170101"
"20130601","20170101","Legacy + 1 year current methods","env_cov",TRUE,TRUE,"class_bac","phycisphaerae","Taxonomic","env_cov_phycisphaerae_20130601_20170101"
"20130601","20170101","Legacy + 1 year current methods","env_cycl",TRUE,TRUE,"class_bac","phycisphaerae","Taxonomic","env_cycl_phycisphaerae_20130601_20170101"
"20130601","20180101","Legacy with covariate 2013-2018","cycl_only",TRUE,TRUE,"class_bac","phycisphaerae","Taxonomic","cycl_only_phycisphaerae_20130601_20180101"
"20130601","20180101","Legacy with covariate 2013-2018","env_cov",TRUE,TRUE,"class_bac","phycisphaerae","Taxonomic","env_cov_phycisphaerae_20130601_20180101"
"20130601","20180101","Legacy with covariate 2013-2018","env_cycl",TRUE,TRUE,"class_bac","phycisphaerae","Taxonomic","env_cycl_phycisphaerae_20130601_20180101"
"20151101","20180101","2 year current methods","cycl_only",TRUE,TRUE,"class_bac","phycisphaerae","Taxonomic","cycl_only_phycisphaerae_20151101_20180101"
"20151101","20180101","2 year current methods","env_cov",TRUE,TRUE,"class_bac","phycisphaerae","Taxonomic","env_cov_phycisphaerae_20151101_20180101"
"20151101","20180101","2 year current methods","env_cycl",TRUE,TRUE,"class_bac","phycisphaerae","Taxonomic","env_cycl_phycisphaerae_20151101_20180101"
"20151101","20180101","Legacy with covariate 2013-2018","cycl_only",TRUE,TRUE,"class_bac","phycisphaerae","Taxonomic","cycl_only_phycisphaerae_20130601_20180101"
"20151101","20180101","Legacy with covariate 2013-2018","env_cov",TRUE,TRUE,"class_bac","phycisphaerae","Taxonomic","env_cov_phycisphaerae_20130601_20180101"
"20151101","20180101","Legacy with covariate 2013-2018","env_cycl",TRUE,TRUE,"class_bac","phycisphaerae","Taxonomic","env_cycl_phycisphaerae_20130601_20180101"
"20151101","20200101","Full dataset","cycl_only",TRUE,TRUE,"class_bac","phycisphaerae","Taxonomic","cycl_only_phycisphaerae_20151101_20200101"
"20151101","20200101","Full dataset","env_cov",TRUE,TRUE,"class_bac","phycisphaerae","Taxonomic","env_cov_phycisphaerae_20151101_20200101"
"20151101","20200101","Full dataset","env_cycl",TRUE,TRUE,"class_bac","phycisphaerae","Taxonomic","env_cycl_phycisphaerae_20151101_20200101"
"20130601","20151101","Legacy only","cycl_only",TRUE,TRUE,"class_bac","planctomycetes","Taxonomic","cycl_only_planctomycetes_20130601_20151101"
"20130601","20151101","Legacy only","env_cov",TRUE,TRUE,"class_bac","planctomycetes","Taxonomic","env_cov_planctomycetes_20130601_20151101"
"20130601","20151101","Legacy only","env_cycl",TRUE,TRUE,"class_bac","planctomycetes","Taxonomic","env_cycl_planctomycetes_20130601_20151101"
"20130601","20170101","Legacy + 1 year current methods","cycl_only",TRUE,TRUE,"class_bac","planctomycetes","Taxonomic","cycl_only_planctomycetes_20130601_20170101"
"20130601","20170101","Legacy + 1 year current methods","env_cov",TRUE,TRUE,"class_bac","planctomycetes","Taxonomic","env_cov_planctomycetes_20130601_20170101"
"20130601","20170101","Legacy + 1 year current methods","env_cycl",TRUE,TRUE,"class_bac","planctomycetes","Taxonomic","env_cycl_planctomycetes_20130601_20170101"
"20130601","20180101","Legacy with covariate 2013-2018","cycl_only",TRUE,TRUE,"class_bac","planctomycetes","Taxonomic","cycl_only_planctomycetes_20130601_20180101"
"20130601","20180101","Legacy with covariate 2013-2018","env_cov",TRUE,TRUE,"class_bac","planctomycetes","Taxonomic","env_cov_planctomycetes_20130601_20180101"
"20130601","20180101","Legacy with covariate 2013-2018","env_cycl",TRUE,TRUE,"class_bac","planctomycetes","Taxonomic","env_cycl_planctomycetes_20130601_20180101"
"20151101","20180101","2 year current methods","cycl_only",TRUE,TRUE,"class_bac","planctomycetes","Taxonomic","cycl_only_planctomycetes_20151101_20180101"
"20151101","20180101","2 year current methods","env_cov",TRUE,TRUE,"class_bac","planctomycetes","Taxonomic","env_cov_planctomycetes_20151101_20180101"
"20151101","20180101","2 year current methods","env_cycl",TRUE,TRUE,"class_bac","planctomycetes","Taxonomic","env_cycl_planctomycetes_20151101_20180101"
"20151101","20180101","Legacy with covariate 2013-2018","cycl_only",TRUE,TRUE,"class_bac","planctomycetes","Taxonomic","cycl_only_planctomycetes_20130601_20180101"
"20151101","20180101","Legacy with covariate 2013-2018","env_cov",TRUE,TRUE,"class_bac","planctomycetes","Taxonomic","env_cov_planctomycetes_20130601_20180101"
"20151101","20180101","Legacy with covariate 2013-2018","env_cycl",TRUE,TRUE,"class_bac","planctomycetes","Taxonomic","env_cycl_planctomycetes_20130601_20180101"
"20151101","20200101","Full dataset","cycl_only",TRUE,TRUE,"class_bac","planctomycetes","Taxonomic","cycl_only_planctomycetes_20151101_20200101"
"20151101","20200101","Full dataset","env_cov",TRUE,TRUE,"class_bac","planctomycetes","Taxonomic","env_cov_planctomycetes_20151101_20200101"
"20151101","20200101","Full dataset","env_cycl",TRUE,TRUE,"class_bac","planctomycetes","Taxonomic","env_cycl_planctomycetes_20151101_20200101"
"20130601","20151101","Legacy only","cycl_only",TRUE,TRUE,"class_bac","polyangia","Taxonomic","cycl_only_polyangia_20130601_20151101"
"20130601","20151101","Legacy only","env_cov",TRUE,TRUE,"class_bac","polyangia","Taxonomic","env_cov_polyangia_20130601_20151101"
"20130601","20151101","Legacy only","env_cycl",TRUE,TRUE,"class_bac","polyangia","Taxonomic","env_cycl_polyangia_20130601_20151101"
"20130601","20170101","Legacy + 1 year current methods","cycl_only",TRUE,TRUE,"class_bac","polyangia","Taxonomic","cycl_only_polyangia_20130601_20170101"
"20130601","20170101","Legacy + 1 year current methods","env_cov",TRUE,TRUE,"class_bac","polyangia","Taxonomic","env_cov_polyangia_20130601_20170101"
"20130601","20170101","Legacy + 1 year current methods","env_cycl",TRUE,TRUE,"class_bac","polyangia","Taxonomic","env_cycl_polyangia_20130601_20170101"
"20130601","20180101","Legacy with covariate 2013-2018","cycl_only",TRUE,TRUE,"class_bac","polyangia","Taxonomic","cycl_only_polyangia_20130601_20180101"
"20130601","20180101","Legacy with covariate 2013-2018","env_cov",TRUE,TRUE,"class_bac","polyangia","Taxonomic","env_cov_polyangia_20130601_20180101"
"20130601","20180101","Legacy with covariate 2013-2018","env_cycl",TRUE,TRUE,"class_bac","polyangia","Taxonomic","env_cycl_polyangia_20130601_20180101"
"20151101","20180101","2 year current methods","cycl_only",TRUE,TRUE,"class_bac","polyangia","Taxonomic","cycl_only_polyangia_20151101_20180101"
"20151101","20180101","2 year current methods","env_cov",TRUE,TRUE,"class_bac","polyangia","Taxonomic","env_cov_polyangia_20151101_20180101"
"20151101","20180101","2 year current methods","env_cycl",TRUE,TRUE,"class_bac","polyangia","Taxonomic","env_cycl_polyangia_20151101_20180101"
"20151101","20180101","Legacy with covariate 2013-2018","cycl_only",TRUE,TRUE,"class_bac","polyangia","Taxonomic","cycl_only_polyangia_20130601_20180101"
"20151101","20180101","Legacy with covariate 2013-2018","env_cov",TRUE,TRUE,"class_bac","polyangia","Taxonomic","env_cov_polyangia_20130601_20180101"
"20151101","20180101","Legacy with covariate 2013-2018","env_cycl",TRUE,TRUE,"class_bac","polyangia","Taxonomic","env_cycl_polyangia_20130601_20180101"
"20151101","20200101","Full dataset","cycl_only",TRUE,TRUE,"class_bac","polyangia","Taxonomic","cycl_only_polyangia_20151101_20200101"
"20151101","20200101","Full dataset","env_cov",TRUE,TRUE,"class_bac","polyangia","Taxonomic","env_cov_polyangia_20151101_20200101"
"20151101","20200101","Full dataset","env_cycl",TRUE,TRUE,"class_bac","polyangia","Taxonomic","env_cycl_polyangia_20151101_20200101"
"20130601","20151101","Legacy only","cycl_only",TRUE,TRUE,"class_bac","rcp2.54_class","Taxonomic","cycl_only_rcp2.54_class_20130601_20151101"
"20130601","20151101","Legacy only","env_cov",TRUE,TRUE,"class_bac","rcp2.54_class","Taxonomic","env_cov_rcp2.54_class_20130601_20151101"
"20130601","20151101","Legacy only","env_cycl",TRUE,TRUE,"class_bac","rcp2.54_class","Taxonomic","env_cycl_rcp2.54_class_20130601_20151101"
"20130601","20170101","Legacy + 1 year current methods","cycl_only",TRUE,TRUE,"class_bac","rcp2.54_class","Taxonomic","cycl_only_rcp2.54_class_20130601_20170101"
"20130601","20170101","Legacy + 1 year current methods","env_cov",TRUE,TRUE,"class_bac","rcp2.54_class","Taxonomic","env_cov_rcp2.54_class_20130601_20170101"
"20130601","20170101","Legacy + 1 year current methods","env_cycl",TRUE,TRUE,"class_bac","rcp2.54_class","Taxonomic","env_cycl_rcp2.54_class_20130601_20170101"
"20130601","20180101","Legacy with covariate 2013-2018","cycl_only",TRUE,TRUE,"class_bac","rcp2.54_class","Taxonomic","cycl_only_rcp2.54_class_20130601_20180101"
"20130601","20180101","Legacy with covariate 2013-2018","env_cov",TRUE,TRUE,"class_bac","rcp2.54_class","Taxonomic","env_cov_rcp2.54_class_20130601_20180101"
"20130601","20180101","Legacy with covariate 2013-2018","env_cycl",TRUE,TRUE,"class_bac","rcp2.54_class","Taxonomic","env_cycl_rcp2.54_class_20130601_20180101"
"20151101","20180101","2 year current methods","cycl_only",TRUE,TRUE,"class_bac","rcp2.54_class","Taxonomic","cycl_only_rcp2.54_class_20151101_20180101"
"20151101","20180101","2 year current methods","env_cov",TRUE,TRUE,"class_bac","rcp2.54_class","Taxonomic","env_cov_rcp2.54_class_20151101_20180101"
"20151101","20180101","2 year current methods","env_cycl",TRUE,TRUE,"class_bac","rcp2.54_class","Taxonomic","env_cycl_rcp2.54_class_20151101_20180101"
"20151101","20180101","Legacy with covariate 2013-2018","cycl_only",TRUE,TRUE,"class_bac","rcp2.54_class","Taxonomic","cycl_only_rcp2.54_class_20130601_20180101"
"20151101","20180101","Legacy with covariate 2013-2018","env_cov",TRUE,TRUE,"class_bac","rcp2.54_class","Taxonomic","env_cov_rcp2.54_class_20130601_20180101"
"20151101","20180101","Legacy with covariate 2013-2018","env_cycl",TRUE,TRUE,"class_bac","rcp2.54_class","Taxonomic","env_cycl_rcp2.54_class_20130601_20180101"
"20151101","20200101","Full dataset","cycl_only",TRUE,TRUE,"class_bac","rcp2.54_class","Taxonomic","cycl_only_rcp2.54_class_20151101_20200101"
"20151101","20200101","Full dataset","env_cov",TRUE,TRUE,"class_bac","rcp2.54_class","Taxonomic","env_cov_rcp2.54_class_20151101_20200101"
"20151101","20200101","Full dataset","env_cycl",TRUE,TRUE,"class_bac","rcp2.54_class","Taxonomic","env_cycl_rcp2.54_class_20151101_20200101"
"20130601","20151101","Legacy only","cycl_only",TRUE,TRUE,"class_bac","thermoleophilia","Taxonomic","cycl_only_thermoleophilia_20130601_20151101"
"20130601","20151101","Legacy only","env_cov",TRUE,TRUE,"class_bac","thermoleophilia","Taxonomic","env_cov_thermoleophilia_20130601_20151101"
"20130601","20151101","Legacy only","env_cycl",TRUE,TRUE,"class_bac","thermoleophilia","Taxonomic","env_cycl_thermoleophilia_20130601_20151101"
"20130601","20170101","Legacy + 1 year current methods","cycl_only",TRUE,TRUE,"class_bac","thermoleophilia","Taxonomic","cycl_only_thermoleophilia_20130601_20170101"
"20130601","20170101","Legacy + 1 year current methods","env_cov",TRUE,TRUE,"class_bac","thermoleophilia","Taxonomic","env_cov_thermoleophilia_20130601_20170101"
"20130601","20170101","Legacy + 1 year current methods","env_cycl",TRUE,TRUE,"class_bac","thermoleophilia","Taxonomic","env_cycl_thermoleophilia_20130601_20170101"
"20130601","20180101","Legacy with covariate 2013-2018","cycl_only",TRUE,TRUE,"class_bac","thermoleophilia","Taxonomic","cycl_only_thermoleophilia_20130601_20180101"
"20130601","20180101","Legacy with covariate 2013-2018","env_cov",TRUE,TRUE,"class_bac","thermoleophilia","Taxonomic","env_cov_thermoleophilia_20130601_20180101"
"20130601","20180101","Legacy with covariate 2013-2018","env_cycl",TRUE,TRUE,"class_bac","thermoleophilia","Taxonomic","env_cycl_thermoleophilia_20130601_20180101"
"20151101","20180101","2 year current methods","cycl_only",TRUE,TRUE,"class_bac","thermoleophilia","Taxonomic","cycl_only_thermoleophilia_20151101_20180101"
"20151101","20180101","2 year current methods","env_cov",TRUE,TRUE,"class_bac","thermoleophilia","Taxonomic","env_cov_thermoleophilia_20151101_20180101"
"20151101","20180101","2 year current methods","env_cycl",TRUE,TRUE,"class_bac","thermoleophilia","Taxonomic","env_cycl_thermoleophilia_20151101_20180101"
"20151101","20180101","Legacy with covariate 2013-2018","cycl_only",TRUE,TRUE,"class_bac","thermoleophilia","Taxonomic","cycl_only_thermoleophilia_20130601_20180101"
"20151101","20180101","Legacy with covariate 2013-2018","env_cov",TRUE,TRUE,"class_bac","thermoleophilia","Taxonomic","env_cov_thermoleophilia_20130601_20180101"
"20151101","20180101","Legacy with covariate 2013-2018","env_cycl",TRUE,TRUE,"class_bac","thermoleophilia","Taxonomic","env_cycl_thermoleophilia_20130601_20180101"
"20151101","20200101","Full dataset","cycl_only",TRUE,TRUE,"class_bac","thermoleophilia","Taxonomic","cycl_only_thermoleophilia_20151101_20200101"
"20151101","20200101","Full dataset","env_cov",TRUE,TRUE,"class_bac","thermoleophilia","Taxonomic","env_cov_thermoleophilia_20151101_20200101"
"20151101","20200101","Full dataset","env_cycl",TRUE,TRUE,"class_bac","thermoleophilia","Taxonomic","env_cycl_thermoleophilia_20151101_20200101"
"20130601","20151101","Legacy only","cycl_only",TRUE,TRUE,"class_bac","verrucomicrobiae","Taxonomic","cycl_only_verrucomicrobiae_20130601_20151101"
"20130601","20151101","Legacy only","env_cov",TRUE,TRUE,"class_bac","verrucomicrobiae","Taxonomic","env_cov_verrucomicrobiae_20130601_20151101"
"20130601","20151101","Legacy only","env_cycl",TRUE,TRUE,"class_bac","verrucomicrobiae","Taxonomic","env_cycl_verrucomicrobiae_20130601_20151101"
"20130601","20170101","Legacy + 1 year current methods","cycl_only",TRUE,TRUE,"class_bac","verrucomicrobiae","Taxonomic","cycl_only_verrucomicrobiae_20130601_20170101"
"20130601","20170101","Legacy + 1 year current methods","env_cov",TRUE,TRUE,"class_bac","verrucomicrobiae","Taxonomic","env_cov_verrucomicrobiae_20130601_20170101"
"20130601","20170101","Legacy + 1 year current methods","env_cycl",TRUE,TRUE,"class_bac","verrucomicrobiae","Taxonomic","env_cycl_verrucomicrobiae_20130601_20170101"
"20130601","20180101","Legacy with covariate 2013-2018","cycl_only",TRUE,TRUE,"class_bac","verrucomicrobiae","Taxonomic","cycl_only_verrucomicrobiae_20130601_20180101"
"20130601","20180101","Legacy with covariate 2013-2018","env_cov",TRUE,TRUE,"class_bac","verrucomicrobiae","Taxonomic","env_cov_verrucomicrobiae_20130601_20180101"
"20130601","20180101","Legacy with covariate 2013-2018","env_cycl",TRUE,TRUE,"class_bac","verrucomicrobiae","Taxonomic","env_cycl_verrucomicrobiae_20130601_20180101"
"20151101","20180101","2 year current methods","cycl_only",TRUE,TRUE,"class_bac","verrucomicrobiae","Taxonomic","cycl_only_verrucomicrobiae_20151101_20180101"
"20151101","20180101","2 year current methods","env_cov",TRUE,TRUE,"class_bac","verrucomicrobiae","Taxonomic","env_cov_verrucomicrobiae_20151101_20180101"
"20151101","20180101","2 year current methods","env_cycl",TRUE,TRUE,"class_bac","verrucomicrobiae","Taxonomic","env_cycl_verrucomicrobiae_20151101_20180101"
"20151101","20180101","Legacy with covariate 2013-2018","cycl_only",TRUE,TRUE,"class_bac","verrucomicrobiae","Taxonomic","cycl_only_verrucomicrobiae_20130601_20180101"
"20151101","20180101","Legacy with covariate 2013-2018","env_cov",TRUE,TRUE,"class_bac","verrucomicrobiae","Taxonomic","env_cov_verrucomicrobiae_20130601_20180101"
"20151101","20180101","Legacy with covariate 2013-2018","env_cycl",TRUE,TRUE,"class_bac","verrucomicrobiae","Taxonomic","env_cycl_verrucomicrobiae_20130601_20180101"
"20151101","20200101","Full dataset","cycl_only",TRUE,TRUE,"class_bac","verrucomicrobiae","Taxonomic","cycl_only_verrucomicrobiae_20151101_20200101"
"20151101","20200101","Full dataset","env_cov",TRUE,TRUE,"class_bac","verrucomicrobiae","Taxonomic","env_cov_verrucomicrobiae_20151101_20200101"
"20151101","20200101","Full dataset","env_cycl",TRUE,TRUE,"class_bac","verrucomicrobiae","Taxonomic","env_cycl_verrucomicrobiae_20151101_20200101"
"20130601","20151101","Legacy only","cycl_only",TRUE,TRUE,"order_bac","acidobacteriales","Taxonomic","cycl_only_acidobacteriales_20130601_20151101"
"20130601","20151101","Legacy only","env_cov",TRUE,TRUE,"order_bac","acidobacteriales","Taxonomic","env_cov_acidobacteriales_20130601_20151101"
"20130601","20151101","Legacy only","env_cycl",TRUE,TRUE,"order_bac","acidobacteriales","Taxonomic","env_cycl_acidobacteriales_20130601_20151101"
"20130601","20170101","Legacy + 1 year current methods","cycl_only",TRUE,TRUE,"order_bac","acidobacteriales","Taxonomic","cycl_only_acidobacteriales_20130601_20170101"
"20130601","20170101","Legacy + 1 year current methods","env_cov",TRUE,TRUE,"order_bac","acidobacteriales","Taxonomic","env_cov_acidobacteriales_20130601_20170101"
"20130601","20170101","Legacy + 1 year current methods","env_cycl",TRUE,TRUE,"order_bac","acidobacteriales","Taxonomic","env_cycl_acidobacteriales_20130601_20170101"
"20130601","20180101","Legacy with covariate 2013-2018","cycl_only",TRUE,TRUE,"order_bac","acidobacteriales","Taxonomic","cycl_only_acidobacteriales_20130601_20180101"
"20130601","20180101","Legacy with covariate 2013-2018","env_cov",TRUE,TRUE,"order_bac","acidobacteriales","Taxonomic","env_cov_acidobacteriales_20130601_20180101"
"20130601","20180101","Legacy with covariate 2013-2018","env_cycl",TRUE,TRUE,"order_bac","acidobacteriales","Taxonomic","env_cycl_acidobacteriales_20130601_20180101"
"20151101","20180101","2 year current methods","cycl_only",TRUE,TRUE,"order_bac","acidobacteriales","Taxonomic","cycl_only_acidobacteriales_20151101_20180101"
"20151101","20180101","2 year current methods","env_cov",TRUE,TRUE,"order_bac","acidobacteriales","Taxonomic","env_cov_acidobacteriales_20151101_20180101"
"20151101","20180101","2 year current methods","env_cycl",TRUE,TRUE,"order_bac","acidobacteriales","Taxonomic","env_cycl_acidobacteriales_20151101_20180101"
"20151101","20180101","Legacy with covariate 2013-2018","cycl_only",TRUE,TRUE,"order_bac","acidobacteriales","Taxonomic","cycl_only_acidobacteriales_20130601_20180101"
"20151101","20180101","Legacy with covariate 2013-2018","env_cov",TRUE,TRUE,"order_bac","acidobacteriales","Taxonomic","env_cov_acidobacteriales_20130601_20180101"
"20151101","20180101","Legacy with covariate 2013-2018","env_cycl",TRUE,TRUE,"order_bac","acidobacteriales","Taxonomic","env_cycl_acidobacteriales_20130601_20180101"
"20151101","20200101","Full dataset","cycl_only",TRUE,TRUE,"order_bac","acidobacteriales","Taxonomic","cycl_only_acidobacteriales_20151101_20200101"
"20151101","20200101","Full dataset","env_cov",TRUE,TRUE,"order_bac","acidobacteriales","Taxonomic","env_cov_acidobacteriales_20151101_20200101"
"20151101","20200101","Full dataset","env_cycl",TRUE,TRUE,"order_bac","acidobacteriales","Taxonomic","env_cycl_acidobacteriales_20151101_20200101"
"20130601","20151101","Legacy only","cycl_only",TRUE,TRUE,"order_bac","bacillales","Taxonomic","cycl_only_bacillales_20130601_20151101"
"20130601","20151101","Legacy only","env_cov",TRUE,TRUE,"order_bac","bacillales","Taxonomic","env_cov_bacillales_20130601_20151101"
"20130601","20151101","Legacy only","env_cycl",TRUE,TRUE,"order_bac","bacillales","Taxonomic","env_cycl_bacillales_20130601_20151101"
"20130601","20170101","Legacy + 1 year current methods","cycl_only",TRUE,TRUE,"order_bac","bacillales","Taxonomic","cycl_only_bacillales_20130601_20170101"
"20130601","20170101","Legacy + 1 year current methods","env_cov",TRUE,TRUE,"order_bac","bacillales","Taxonomic","env_cov_bacillales_20130601_20170101"
"20130601","20170101","Legacy + 1 year current methods","env_cycl",TRUE,TRUE,"order_bac","bacillales","Taxonomic","env_cycl_bacillales_20130601_20170101"
"20130601","20180101","Legacy with covariate 2013-2018","cycl_only",TRUE,TRUE,"order_bac","bacillales","Taxonomic","cycl_only_bacillales_20130601_20180101"
"20130601","20180101","Legacy with covariate 2013-2018","env_cov",TRUE,TRUE,"order_bac","bacillales","Taxonomic","env_cov_bacillales_20130601_20180101"
"20130601","20180101","Legacy with covariate 2013-2018","env_cycl",TRUE,TRUE,"order_bac","bacillales","Taxonomic","env_cycl_bacillales_20130601_20180101"
"20151101","20180101","2 year current methods","cycl_only",TRUE,TRUE,"order_bac","bacillales","Taxonomic","cycl_only_bacillales_20151101_20180101"
"20151101","20180101","2 year current methods","env_cov",TRUE,TRUE,"order_bac","bacillales","Taxonomic","env_cov_bacillales_20151101_20180101"
"20151101","20180101","2 year current methods","env_cycl",TRUE,TRUE,"order_bac","bacillales","Taxonomic","env_cycl_bacillales_20151101_20180101"
"20151101","20180101","Legacy with covariate 2013-2018","cycl_only",TRUE,TRUE,"order_bac","bacillales","Taxonomic","cycl_only_bacillales_20130601_20180101"
"20151101","20180101","Legacy with covariate 2013-2018","env_cov",TRUE,TRUE,"order_bac","bacillales","Taxonomic","env_cov_bacillales_20130601_20180101"
"20151101","20180101","Legacy with covariate 2013-2018","env_cycl",TRUE,TRUE,"order_bac","bacillales","Taxonomic","env_cycl_bacillales_20130601_20180101"
"20151101","20200101","Full dataset","cycl_only",TRUE,TRUE,"order_bac","bacillales","Taxonomic","cycl_only_bacillales_20151101_20200101"
"20151101","20200101","Full dataset","env_cov",TRUE,TRUE,"order_bac","bacillales","Taxonomic","env_cov_bacillales_20151101_20200101"
"20151101","20200101","Full dataset","env_cycl",TRUE,TRUE,"order_bac","bacillales","Taxonomic","env_cycl_bacillales_20151101_20200101"
"20130601","20151101","Legacy only","cycl_only",TRUE,TRUE,"order_bac","bryobacterales","Taxonomic","cycl_only_bryobacterales_20130601_20151101"
"20130601","20151101","Legacy only","env_cov",TRUE,TRUE,"order_bac","bryobacterales","Taxonomic","env_cov_bryobacterales_20130601_20151101"
"20130601","20151101","Legacy only","env_cycl",TRUE,TRUE,"order_bac","bryobacterales","Taxonomic","env_cycl_bryobacterales_20130601_20151101"
"20130601","20170101","Legacy + 1 year current methods","cycl_only",TRUE,TRUE,"order_bac","bryobacterales","Taxonomic","cycl_only_bryobacterales_20130601_20170101"
"20130601","20170101","Legacy + 1 year current methods","env_cov",TRUE,TRUE,"order_bac","bryobacterales","Taxonomic","env_cov_bryobacterales_20130601_20170101"
"20130601","20170101","Legacy + 1 year current methods","env_cycl",TRUE,TRUE,"order_bac","bryobacterales","Taxonomic","env_cycl_bryobacterales_20130601_20170101"
"20130601","20180101","Legacy with covariate 2013-2018","cycl_only",TRUE,TRUE,"order_bac","bryobacterales","Taxonomic","cycl_only_bryobacterales_20130601_20180101"
"20130601","20180101","Legacy with covariate 2013-2018","env_cov",TRUE,TRUE,"order_bac","bryobacterales","Taxonomic","env_cov_bryobacterales_20130601_20180101"
"20130601","20180101","Legacy with covariate 2013-2018","env_cycl",TRUE,TRUE,"order_bac","bryobacterales","Taxonomic","env_cycl_bryobacterales_20130601_20180101"
"20151101","20180101","2 year current methods","cycl_only",TRUE,TRUE,"order_bac","bryobacterales","Taxonomic","cycl_only_bryobacterales_20151101_20180101"
"20151101","20180101","2 year current methods","env_cov",TRUE,TRUE,"order_bac","bryobacterales","Taxonomic","env_cov_bryobacterales_20151101_20180101"
"20151101","20180101","2 year current methods","env_cycl",TRUE,TRUE,"order_bac","bryobacterales","Taxonomic","env_cycl_bryobacterales_20151101_20180101"
"20151101","20180101","Legacy with covariate 2013-2018","cycl_only",TRUE,TRUE,"order_bac","bryobacterales","Taxonomic","cycl_only_bryobacterales_20130601_20180101"
"20151101","20180101","Legacy with covariate 2013-2018","env_cov",TRUE,TRUE,"order_bac","bryobacterales","Taxonomic","env_cov_bryobacterales_20130601_20180101"
"20151101","20180101","Legacy with covariate 2013-2018","env_cycl",TRUE,TRUE,"order_bac","bryobacterales","Taxonomic","env_cycl_bryobacterales_20130601_20180101"
"20151101","20200101","Full dataset","cycl_only",TRUE,TRUE,"order_bac","bryobacterales","Taxonomic","cycl_only_bryobacterales_20151101_20200101"
"20151101","20200101","Full dataset","env_cov",TRUE,TRUE,"order_bac","bryobacterales","Taxonomic","env_cov_bryobacterales_20151101_20200101"
"20151101","20200101","Full dataset","env_cycl",TRUE,TRUE,"order_bac","bryobacterales","Taxonomic","env_cycl_bryobacterales_20151101_20200101"
"20130601","20151101","Legacy only","cycl_only",TRUE,TRUE,"order_bac","burkholderiales","Taxonomic","cycl_only_burkholderiales_20130601_20151101"
"20130601","20151101","Legacy only","env_cov",TRUE,TRUE,"order_bac","burkholderiales","Taxonomic","env_cov_burkholderiales_20130601_20151101"
"20130601","20151101","Legacy only","env_cycl",TRUE,TRUE,"order_bac","burkholderiales","Taxonomic","env_cycl_burkholderiales_20130601_20151101"
"20130601","20170101","Legacy + 1 year current methods","cycl_only",TRUE,TRUE,"order_bac","burkholderiales","Taxonomic","cycl_only_burkholderiales_20130601_20170101"
"20130601","20170101","Legacy + 1 year current methods","env_cov",TRUE,TRUE,"order_bac","burkholderiales","Taxonomic","env_cov_burkholderiales_20130601_20170101"
"20130601","20170101","Legacy + 1 year current methods","env_cycl",TRUE,TRUE,"order_bac","burkholderiales","Taxonomic","env_cycl_burkholderiales_20130601_20170101"
"20130601","20180101","Legacy with covariate 2013-2018","cycl_only",TRUE,TRUE,"order_bac","burkholderiales","Taxonomic","cycl_only_burkholderiales_20130601_20180101"
"20130601","20180101","Legacy with covariate 2013-2018","env_cov",TRUE,TRUE,"order_bac","burkholderiales","Taxonomic","env_cov_burkholderiales_20130601_20180101"
"20130601","20180101","Legacy with covariate 2013-2018","env_cycl",TRUE,TRUE,"order_bac","burkholderiales","Taxonomic","env_cycl_burkholderiales_20130601_20180101"
"20151101","20180101","2 year current methods","cycl_only",TRUE,TRUE,"order_bac","burkholderiales","Taxonomic","cycl_only_burkholderiales_20151101_20180101"
"20151101","20180101","2 year current methods","env_cov",TRUE,TRUE,"order_bac","burkholderiales","Taxonomic","env_cov_burkholderiales_20151101_20180101"
"20151101","20180101","2 year current methods","env_cycl",TRUE,TRUE,"order_bac","burkholderiales","Taxonomic","env_cycl_burkholderiales_20151101_20180101"
"20151101","20180101","Legacy with covariate 2013-2018","cycl_only",TRUE,TRUE,"order_bac","burkholderiales","Taxonomic","cycl_only_burkholderiales_20130601_20180101"
"20151101","20180101","Legacy with covariate 2013-2018","env_cov",TRUE,TRUE,"order_bac","burkholderiales","Taxonomic","env_cov_burkholderiales_20130601_20180101"
"20151101","20180101","Legacy with covariate 2013-2018","env_cycl",TRUE,TRUE,"order_bac","burkholderiales","Taxonomic","env_cycl_burkholderiales_20130601_20180101"
"20151101","20200101","Full dataset","cycl_only",TRUE,TRUE,"order_bac","burkholderiales","Taxonomic","cycl_only_burkholderiales_20151101_20200101"
"20151101","20200101","Full dataset","env_cov",TRUE,TRUE,"order_bac","burkholderiales","Taxonomic","env_cov_burkholderiales_20151101_20200101"
"20151101","20200101","Full dataset","env_cycl",TRUE,TRUE,"order_bac","burkholderiales","Taxonomic","env_cycl_burkholderiales_20151101_20200101"
"20130601","20151101","Legacy only","cycl_only",TRUE,TRUE,"order_bac","caulobacterales","Taxonomic","cycl_only_caulobacterales_20130601_20151101"
"20130601","20151101","Legacy only","env_cov",TRUE,TRUE,"order_bac","caulobacterales","Taxonomic","env_cov_caulobacterales_20130601_20151101"
"20130601","20151101","Legacy only","env_cycl",TRUE,TRUE,"order_bac","caulobacterales","Taxonomic","env_cycl_caulobacterales_20130601_20151101"
"20130601","20170101","Legacy + 1 year current methods","cycl_only",TRUE,TRUE,"order_bac","caulobacterales","Taxonomic","cycl_only_caulobacterales_20130601_20170101"
"20130601","20170101","Legacy + 1 year current methods","env_cov",TRUE,TRUE,"order_bac","caulobacterales","Taxonomic","env_cov_caulobacterales_20130601_20170101"
"20130601","20170101","Legacy + 1 year current methods","env_cycl",TRUE,TRUE,"order_bac","caulobacterales","Taxonomic","env_cycl_caulobacterales_20130601_20170101"
"20130601","20180101","Legacy with covariate 2013-2018","cycl_only",TRUE,TRUE,"order_bac","caulobacterales","Taxonomic","cycl_only_caulobacterales_20130601_20180101"
"20130601","20180101","Legacy with covariate 2013-2018","env_cov",TRUE,TRUE,"order_bac","caulobacterales","Taxonomic","env_cov_caulobacterales_20130601_20180101"
"20130601","20180101","Legacy with covariate 2013-2018","env_cycl",TRUE,TRUE,"order_bac","caulobacterales","Taxonomic","env_cycl_caulobacterales_20130601_20180101"
"20151101","20180101","2 year current methods","cycl_only",TRUE,TRUE,"order_bac","caulobacterales","Taxonomic","cycl_only_caulobacterales_20151101_20180101"
"20151101","20180101","2 year current methods","env_cov",TRUE,TRUE,"order_bac","caulobacterales","Taxonomic","env_cov_caulobacterales_20151101_20180101"
"20151101","20180101","2 year current methods","env_cycl",TRUE,TRUE,"order_bac","caulobacterales","Taxonomic","env_cycl_caulobacterales_20151101_20180101"
"20151101","20180101","Legacy with covariate 2013-2018","cycl_only",TRUE,TRUE,"order_bac","caulobacterales","Taxonomic","cycl_only_caulobacterales_20130601_20180101"
"20151101","20180101","Legacy with covariate 2013-2018","env_cov",TRUE,TRUE,"order_bac","caulobacterales","Taxonomic","env_cov_caulobacterales_20130601_20180101"
"20151101","20180101","Legacy with covariate 2013-2018","env_cycl",TRUE,TRUE,"order_bac","caulobacterales","Taxonomic","env_cycl_caulobacterales_20130601_20180101"
"20151101","20200101","Full dataset","cycl_only",TRUE,TRUE,"order_bac","caulobacterales","Taxonomic","cycl_only_caulobacterales_20151101_20200101"
"20151101","20200101","Full dataset","env_cov",TRUE,TRUE,"order_bac","caulobacterales","Taxonomic","env_cov_caulobacterales_20151101_20200101"
"20151101","20200101","Full dataset","env_cycl",TRUE,TRUE,"order_bac","caulobacterales","Taxonomic","env_cycl_caulobacterales_20151101_20200101"
"20130601","20151101","Legacy only","cycl_only",TRUE,TRUE,"order_bac","chitinophagales","Taxonomic","cycl_only_chitinophagales_20130601_20151101"
"20130601","20151101","Legacy only","env_cov",TRUE,TRUE,"order_bac","chitinophagales","Taxonomic","env_cov_chitinophagales_20130601_20151101"
"20130601","20151101","Legacy only","env_cycl",TRUE,TRUE,"order_bac","chitinophagales","Taxonomic","env_cycl_chitinophagales_20130601_20151101"
"20130601","20170101","Legacy + 1 year current methods","cycl_only",TRUE,TRUE,"order_bac","chitinophagales","Taxonomic","cycl_only_chitinophagales_20130601_20170101"
"20130601","20170101","Legacy + 1 year current methods","env_cov",TRUE,TRUE,"order_bac","chitinophagales","Taxonomic","env_cov_chitinophagales_20130601_20170101"
"20130601","20170101","Legacy + 1 year current methods","env_cycl",TRUE,TRUE,"order_bac","chitinophagales","Taxonomic","env_cycl_chitinophagales_20130601_20170101"
"20130601","20180101","Legacy with covariate 2013-2018","cycl_only",TRUE,TRUE,"order_bac","chitinophagales","Taxonomic","cycl_only_chitinophagales_20130601_20180101"
"20130601","20180101","Legacy with covariate 2013-2018","env_cov",TRUE,TRUE,"order_bac","chitinophagales","Taxonomic","env_cov_chitinophagales_20130601_20180101"
"20130601","20180101","Legacy with covariate 2013-2018","env_cycl",TRUE,TRUE,"order_bac","chitinophagales","Taxonomic","env_cycl_chitinophagales_20130601_20180101"
"20151101","20180101","2 year current methods","cycl_only",TRUE,TRUE,"order_bac","chitinophagales","Taxonomic","cycl_only_chitinophagales_20151101_20180101"
"20151101","20180101","2 year current methods","env_cov",TRUE,TRUE,"order_bac","chitinophagales","Taxonomic","env_cov_chitinophagales_20151101_20180101"
"20151101","20180101","2 year current methods","env_cycl",TRUE,TRUE,"order_bac","chitinophagales","Taxonomic","env_cycl_chitinophagales_20151101_20180101"
"20151101","20180101","Legacy with covariate 2013-2018","cycl_only",TRUE,TRUE,"order_bac","chitinophagales","Taxonomic","cycl_only_chitinophagales_20130601_20180101"
"20151101","20180101","Legacy with covariate 2013-2018","env_cov",TRUE,TRUE,"order_bac","chitinophagales","Taxonomic","env_cov_chitinophagales_20130601_20180101"
"20151101","20180101","Legacy with covariate 2013-2018","env_cycl",TRUE,TRUE,"order_bac","chitinophagales","Taxonomic","env_cycl_chitinophagales_20130601_20180101"
"20151101","20200101","Full dataset","cycl_only",TRUE,TRUE,"order_bac","chitinophagales","Taxonomic","cycl_only_chitinophagales_20151101_20200101"
"20151101","20200101","Full dataset","env_cov",TRUE,TRUE,"order_bac","chitinophagales","Taxonomic","env_cov_chitinophagales_20151101_20200101"
"20151101","20200101","Full dataset","env_cycl",TRUE,TRUE,"order_bac","chitinophagales","Taxonomic","env_cycl_chitinophagales_20151101_20200101"
"20130601","20151101","Legacy only","cycl_only",TRUE,TRUE,"order_bac","chthoniobacterales","Taxonomic","cycl_only_chthoniobacterales_20130601_20151101"
"20130601","20151101","Legacy only","env_cov",TRUE,TRUE,"order_bac","chthoniobacterales","Taxonomic","env_cov_chthoniobacterales_20130601_20151101"
"20130601","20151101","Legacy only","env_cycl",TRUE,TRUE,"order_bac","chthoniobacterales","Taxonomic","env_cycl_chthoniobacterales_20130601_20151101"
"20130601","20170101","Legacy + 1 year current methods","cycl_only",TRUE,TRUE,"order_bac","chthoniobacterales","Taxonomic","cycl_only_chthoniobacterales_20130601_20170101"
"20130601","20170101","Legacy + 1 year current methods","env_cov",TRUE,TRUE,"order_bac","chthoniobacterales","Taxonomic","env_cov_chthoniobacterales_20130601_20170101"
"20130601","20170101","Legacy + 1 year current methods","env_cycl",TRUE,TRUE,"order_bac","chthoniobacterales","Taxonomic","env_cycl_chthoniobacterales_20130601_20170101"
"20130601","20180101","Legacy with covariate 2013-2018","cycl_only",TRUE,TRUE,"order_bac","chthoniobacterales","Taxonomic","cycl_only_chthoniobacterales_20130601_20180101"
"20130601","20180101","Legacy with covariate 2013-2018","env_cov",TRUE,TRUE,"order_bac","chthoniobacterales","Taxonomic","env_cov_chthoniobacterales_20130601_20180101"
"20130601","20180101","Legacy with covariate 2013-2018","env_cycl",TRUE,TRUE,"order_bac","chthoniobacterales","Taxonomic","env_cycl_chthoniobacterales_20130601_20180101"
"20151101","20180101","2 year current methods","cycl_only",TRUE,TRUE,"order_bac","chthoniobacterales","Taxonomic","cycl_only_chthoniobacterales_20151101_20180101"
"20151101","20180101","2 year current methods","env_cov",TRUE,TRUE,"order_bac","chthoniobacterales","Taxonomic","env_cov_chthoniobacterales_20151101_20180101"
"20151101","20180101","2 year current methods","env_cycl",TRUE,TRUE,"order_bac","chthoniobacterales","Taxonomic","env_cycl_chthoniobacterales_20151101_20180101"
"20151101","20180101","Legacy with covariate 2013-2018","cycl_only",TRUE,TRUE,"order_bac","chthoniobacterales","Taxonomic","cycl_only_chthoniobacterales_20130601_20180101"
"20151101","20180101","Legacy with covariate 2013-2018","env_cov",TRUE,TRUE,"order_bac","chthoniobacterales","Taxonomic","env_cov_chthoniobacterales_20130601_20180101"
"20151101","20180101","Legacy with covariate 2013-2018","env_cycl",TRUE,TRUE,"order_bac","chthoniobacterales","Taxonomic","env_cycl_chthoniobacterales_20130601_20180101"
"20151101","20200101","Full dataset","cycl_only",TRUE,TRUE,"order_bac","chthoniobacterales","Taxonomic","cycl_only_chthoniobacterales_20151101_20200101"
"20151101","20200101","Full dataset","env_cov",TRUE,TRUE,"order_bac","chthoniobacterales","Taxonomic","env_cov_chthoniobacterales_20151101_20200101"
"20151101","20200101","Full dataset","env_cycl",TRUE,TRUE,"order_bac","chthoniobacterales","Taxonomic","env_cycl_chthoniobacterales_20151101_20200101"
"20130601","20151101","Legacy only","cycl_only",TRUE,TRUE,"order_bac","corynebacteriales","Taxonomic","cycl_only_corynebacteriales_20130601_20151101"
"20130601","20151101","Legacy only","env_cov",TRUE,TRUE,"order_bac","corynebacteriales","Taxonomic","env_cov_corynebacteriales_20130601_20151101"
"20130601","20151101","Legacy only","env_cycl",TRUE,TRUE,"order_bac","corynebacteriales","Taxonomic","env_cycl_corynebacteriales_20130601_20151101"
"20130601","20170101","Legacy + 1 year current methods","cycl_only",TRUE,TRUE,"order_bac","corynebacteriales","Taxonomic","cycl_only_corynebacteriales_20130601_20170101"
"20130601","20170101","Legacy + 1 year current methods","env_cov",TRUE,TRUE,"order_bac","corynebacteriales","Taxonomic","env_cov_corynebacteriales_20130601_20170101"
"20130601","20170101","Legacy + 1 year current methods","env_cycl",TRUE,TRUE,"order_bac","corynebacteriales","Taxonomic","env_cycl_corynebacteriales_20130601_20170101"
"20130601","20180101","Legacy with covariate 2013-2018","cycl_only",TRUE,TRUE,"order_bac","corynebacteriales","Taxonomic","cycl_only_corynebacteriales_20130601_20180101"
"20130601","20180101","Legacy with covariate 2013-2018","env_cov",TRUE,TRUE,"order_bac","corynebacteriales","Taxonomic","env_cov_corynebacteriales_20130601_20180101"
"20130601","20180101","Legacy with covariate 2013-2018","env_cycl",TRUE,TRUE,"order_bac","corynebacteriales","Taxonomic","env_cycl_corynebacteriales_20130601_20180101"
"20151101","20180101","2 year current methods","cycl_only",TRUE,TRUE,"order_bac","corynebacteriales","Taxonomic","cycl_only_corynebacteriales_20151101_20180101"
"20151101","20180101","2 year current methods","env_cov",TRUE,TRUE,"order_bac","corynebacteriales","Taxonomic","env_cov_corynebacteriales_20151101_20180101"
"20151101","20180101","2 year current methods","env_cycl",TRUE,TRUE,"order_bac","corynebacteriales","Taxonomic","env_cycl_corynebacteriales_20151101_20180101"
"20151101","20180101","Legacy with covariate 2013-2018","cycl_only",TRUE,TRUE,"order_bac","corynebacteriales","Taxonomic","cycl_only_corynebacteriales_20130601_20180101"
"20151101","20180101","Legacy with covariate 2013-2018","env_cov",TRUE,TRUE,"order_bac","corynebacteriales","Taxonomic","env_cov_corynebacteriales_20130601_20180101"
"20151101","20180101","Legacy with covariate 2013-2018","env_cycl",TRUE,TRUE,"order_bac","corynebacteriales","Taxonomic","env_cycl_corynebacteriales_20130601_20180101"
"20151101","20200101","Full dataset","cycl_only",TRUE,TRUE,"order_bac","corynebacteriales","Taxonomic","cycl_only_corynebacteriales_20151101_20200101"
"20151101","20200101","Full dataset","env_cov",TRUE,TRUE,"order_bac","corynebacteriales","Taxonomic","env_cov_corynebacteriales_20151101_20200101"
"20151101","20200101","Full dataset","env_cycl",TRUE,TRUE,"order_bac","corynebacteriales","Taxonomic","env_cycl_corynebacteriales_20151101_20200101"
"20130601","20151101","Legacy only","cycl_only",TRUE,TRUE,"order_bac","enterobacterales","Taxonomic","cycl_only_enterobacterales_20130601_20151101"
"20130601","20151101","Legacy only","env_cov",TRUE,TRUE,"order_bac","enterobacterales","Taxonomic","env_cov_enterobacterales_20130601_20151101"
"20130601","20151101","Legacy only","env_cycl",TRUE,TRUE,"order_bac","enterobacterales","Taxonomic","env_cycl_enterobacterales_20130601_20151101"
"20130601","20170101","Legacy + 1 year current methods","cycl_only",TRUE,TRUE,"order_bac","enterobacterales","Taxonomic","cycl_only_enterobacterales_20130601_20170101"
"20130601","20170101","Legacy + 1 year current methods","env_cov",TRUE,TRUE,"order_bac","enterobacterales","Taxonomic","env_cov_enterobacterales_20130601_20170101"
"20130601","20170101","Legacy + 1 year current methods","env_cycl",TRUE,TRUE,"order_bac","enterobacterales","Taxonomic","env_cycl_enterobacterales_20130601_20170101"
"20130601","20180101","Legacy with covariate 2013-2018","cycl_only",TRUE,TRUE,"order_bac","enterobacterales","Taxonomic","cycl_only_enterobacterales_20130601_20180101"
"20130601","20180101","Legacy with covariate 2013-2018","env_cov",TRUE,TRUE,"order_bac","enterobacterales","Taxonomic","env_cov_enterobacterales_20130601_20180101"
"20130601","20180101","Legacy with covariate 2013-2018","env_cycl",TRUE,TRUE,"order_bac","enterobacterales","Taxonomic","env_cycl_enterobacterales_20130601_20180101"
"20151101","20180101","2 year current methods","cycl_only",TRUE,TRUE,"order_bac","enterobacterales","Taxonomic","cycl_only_enterobacterales_20151101_20180101"
"20151101","20180101","2 year current methods","env_cov",TRUE,TRUE,"order_bac","enterobacterales","Taxonomic","env_cov_enterobacterales_20151101_20180101"
"20151101","20180101","2 year current methods","env_cycl",TRUE,TRUE,"order_bac","enterobacterales","Taxonomic","env_cycl_enterobacterales_20151101_20180101"
"20151101","20180101","Legacy with covariate 2013-2018","cycl_only",TRUE,TRUE,"order_bac","enterobacterales","Taxonomic","cycl_only_enterobacterales_20130601_20180101"
"20151101","20180101","Legacy with covariate 2013-2018","env_cov",TRUE,TRUE,"order_bac","enterobacterales","Taxonomic","env_cov_enterobacterales_20130601_20180101"
"20151101","20180101","Legacy with covariate 2013-2018","env_cycl",TRUE,TRUE,"order_bac","enterobacterales","Taxonomic","env_cycl_enterobacterales_20130601_20180101"
"20151101","20200101","Full dataset","cycl_only",TRUE,TRUE,"order_bac","enterobacterales","Taxonomic","cycl_only_enterobacterales_20151101_20200101"
"20151101","20200101","Full dataset","env_cov",TRUE,TRUE,"order_bac","enterobacterales","Taxonomic","env_cov_enterobacterales_20151101_20200101"
"20151101","20200101","Full dataset","env_cycl",TRUE,TRUE,"order_bac","enterobacterales","Taxonomic","env_cycl_enterobacterales_20151101_20200101"
"20130601","20151101","Legacy only","cycl_only",TRUE,TRUE,"order_bac","frankiales","Taxonomic","cycl_only_frankiales_20130601_20151101"
"20130601","20151101","Legacy only","env_cov",TRUE,TRUE,"order_bac","frankiales","Taxonomic","env_cov_frankiales_20130601_20151101"
"20130601","20151101","Legacy only","env_cycl",TRUE,TRUE,"order_bac","frankiales","Taxonomic","env_cycl_frankiales_20130601_20151101"
"20130601","20170101","Legacy + 1 year current methods","cycl_only",TRUE,TRUE,"order_bac","frankiales","Taxonomic","cycl_only_frankiales_20130601_20170101"
"20130601","20170101","Legacy + 1 year current methods","env_cov",TRUE,TRUE,"order_bac","frankiales","Taxonomic","env_cov_frankiales_20130601_20170101"
"20130601","20170101","Legacy + 1 year current methods","env_cycl",TRUE,TRUE,"order_bac","frankiales","Taxonomic","env_cycl_frankiales_20130601_20170101"
"20130601","20180101","Legacy with covariate 2013-2018","cycl_only",TRUE,TRUE,"order_bac","frankiales","Taxonomic","cycl_only_frankiales_20130601_20180101"
"20130601","20180101","Legacy with covariate 2013-2018","env_cov",TRUE,TRUE,"order_bac","frankiales","Taxonomic","env_cov_frankiales_20130601_20180101"
"20130601","20180101","Legacy with covariate 2013-2018","env_cycl",TRUE,TRUE,"order_bac","frankiales","Taxonomic","env_cycl_frankiales_20130601_20180101"
"20151101","20180101","2 year current methods","cycl_only",TRUE,TRUE,"order_bac","frankiales","Taxonomic","cycl_only_frankiales_20151101_20180101"
"20151101","20180101","2 year current methods","env_cov",TRUE,TRUE,"order_bac","frankiales","Taxonomic","env_cov_frankiales_20151101_20180101"
"20151101","20180101","2 year current methods","env_cycl",TRUE,TRUE,"order_bac","frankiales","Taxonomic","env_cycl_frankiales_20151101_20180101"
"20151101","20180101","Legacy with covariate 2013-2018","cycl_only",TRUE,TRUE,"order_bac","frankiales","Taxonomic","cycl_only_frankiales_20130601_20180101"
"20151101","20180101","Legacy with covariate 2013-2018","env_cov",TRUE,TRUE,"order_bac","frankiales","Taxonomic","env_cov_frankiales_20130601_20180101"
"20151101","20180101","Legacy with covariate 2013-2018","env_cycl",TRUE,TRUE,"order_bac","frankiales","Taxonomic","env_cycl_frankiales_20130601_20180101"
"20151101","20200101","Full dataset","cycl_only",TRUE,TRUE,"order_bac","frankiales","Taxonomic","cycl_only_frankiales_20151101_20200101"
"20151101","20200101","Full dataset","env_cov",TRUE,TRUE,"order_bac","frankiales","Taxonomic","env_cov_frankiales_20151101_20200101"
"20151101","20200101","Full dataset","env_cycl",TRUE,TRUE,"order_bac","frankiales","Taxonomic","env_cycl_frankiales_20151101_20200101"
"20130601","20151101","Legacy only","cycl_only",TRUE,TRUE,"order_bac","gaiellales","Taxonomic","cycl_only_gaiellales_20130601_20151101"
"20130601","20151101","Legacy only","env_cov",TRUE,TRUE,"order_bac","gaiellales","Taxonomic","env_cov_gaiellales_20130601_20151101"
"20130601","20151101","Legacy only","env_cycl",TRUE,TRUE,"order_bac","gaiellales","Taxonomic","env_cycl_gaiellales_20130601_20151101"
"20130601","20170101","Legacy + 1 year current methods","cycl_only",TRUE,TRUE,"order_bac","gaiellales","Taxonomic","cycl_only_gaiellales_20130601_20170101"
"20130601","20170101","Legacy + 1 year current methods","env_cov",TRUE,TRUE,"order_bac","gaiellales","Taxonomic","env_cov_gaiellales_20130601_20170101"
"20130601","20170101","Legacy + 1 year current methods","env_cycl",TRUE,TRUE,"order_bac","gaiellales","Taxonomic","env_cycl_gaiellales_20130601_20170101"
"20130601","20180101","Legacy with covariate 2013-2018","cycl_only",TRUE,TRUE,"order_bac","gaiellales","Taxonomic","cycl_only_gaiellales_20130601_20180101"
"20130601","20180101","Legacy with covariate 2013-2018","env_cov",TRUE,TRUE,"order_bac","gaiellales","Taxonomic","env_cov_gaiellales_20130601_20180101"
"20130601","20180101","Legacy with covariate 2013-2018","env_cycl",TRUE,TRUE,"order_bac","gaiellales","Taxonomic","env_cycl_gaiellales_20130601_20180101"
"20151101","20180101","2 year current methods","cycl_only",TRUE,TRUE,"order_bac","gaiellales","Taxonomic","cycl_only_gaiellales_20151101_20180101"
"20151101","20180101","2 year current methods","env_cov",TRUE,TRUE,"order_bac","gaiellales","Taxonomic","env_cov_gaiellales_20151101_20180101"
"20151101","20180101","2 year current methods","env_cycl",TRUE,TRUE,"order_bac","gaiellales","Taxonomic","env_cycl_gaiellales_20151101_20180101"
"20151101","20180101","Legacy with covariate 2013-2018","cycl_only",TRUE,TRUE,"order_bac","gaiellales","Taxonomic","cycl_only_gaiellales_20130601_20180101"
"20151101","20180101","Legacy with covariate 2013-2018","env_cov",TRUE,TRUE,"order_bac","gaiellales","Taxonomic","env_cov_gaiellales_20130601_20180101"
"20151101","20180101","Legacy with covariate 2013-2018","env_cycl",TRUE,TRUE,"order_bac","gaiellales","Taxonomic","env_cycl_gaiellales_20130601_20180101"
"20151101","20200101","Full dataset","cycl_only",TRUE,TRUE,"order_bac","gaiellales","Taxonomic","cycl_only_gaiellales_20151101_20200101"
"20151101","20200101","Full dataset","env_cov",TRUE,TRUE,"order_bac","gaiellales","Taxonomic","env_cov_gaiellales_20151101_20200101"
"20151101","20200101","Full dataset","env_cycl",TRUE,TRUE,"order_bac","gaiellales","Taxonomic","env_cycl_gaiellales_20151101_20200101"
"20130601","20151101","Legacy only","cycl_only",TRUE,TRUE,"order_bac","gammaproteobacteria.incertae.sedis","Taxonomic","cycl_only_gammaproteobacteria.incertae.sedis_20130601_20151101"
"20130601","20151101","Legacy only","env_cov",TRUE,TRUE,"order_bac","gammaproteobacteria.incertae.sedis","Taxonomic","env_cov_gammaproteobacteria.incertae.sedis_20130601_20151101"
"20130601","20151101","Legacy only","env_cycl",TRUE,TRUE,"order_bac","gammaproteobacteria.incertae.sedis","Taxonomic","env_cycl_gammaproteobacteria.incertae.sedis_20130601_20151101"
"20130601","20170101","Legacy + 1 year current methods","cycl_only",TRUE,TRUE,"order_bac","gammaproteobacteria.incertae.sedis","Taxonomic","cycl_only_gammaproteobacteria.incertae.sedis_20130601_20170101"
"20130601","20170101","Legacy + 1 year current methods","env_cov",TRUE,TRUE,"order_bac","gammaproteobacteria.incertae.sedis","Taxonomic","env_cov_gammaproteobacteria.incertae.sedis_20130601_20170101"
"20130601","20170101","Legacy + 1 year current methods","env_cycl",TRUE,TRUE,"order_bac","gammaproteobacteria.incertae.sedis","Taxonomic","env_cycl_gammaproteobacteria.incertae.sedis_20130601_20170101"
"20130601","20180101","Legacy with covariate 2013-2018","cycl_only",TRUE,TRUE,"order_bac","gammaproteobacteria.incertae.sedis","Taxonomic","cycl_only_gammaproteobacteria.incertae.sedis_20130601_20180101"
"20130601","20180101","Legacy with covariate 2013-2018","env_cov",TRUE,TRUE,"order_bac","gammaproteobacteria.incertae.sedis","Taxonomic","env_cov_gammaproteobacteria.incertae.sedis_20130601_20180101"
"20130601","20180101","Legacy with covariate 2013-2018","env_cycl",TRUE,TRUE,"order_bac","gammaproteobacteria.incertae.sedis","Taxonomic","env_cycl_gammaproteobacteria.incertae.sedis_20130601_20180101"
"20151101","20180101","2 year current methods","cycl_only",TRUE,TRUE,"order_bac","gammaproteobacteria.incertae.sedis","Taxonomic","cycl_only_gammaproteobacteria.incertae.sedis_20151101_20180101"
"20151101","20180101","2 year current methods","env_cov",TRUE,TRUE,"order_bac","gammaproteobacteria.incertae.sedis","Taxonomic","env_cov_gammaproteobacteria.incertae.sedis_20151101_20180101"
"20151101","20180101","2 year current methods","env_cycl",TRUE,TRUE,"order_bac","gammaproteobacteria.incertae.sedis","Taxonomic","env_cycl_gammaproteobacteria.incertae.sedis_20151101_20180101"
"20151101","20180101","Legacy with covariate 2013-2018","cycl_only",TRUE,TRUE,"order_bac","gammaproteobacteria.incertae.sedis","Taxonomic","cycl_only_gammaproteobacteria.incertae.sedis_20130601_20180101"
"20151101","20180101","Legacy with covariate 2013-2018","env_cov",TRUE,TRUE,"order_bac","gammaproteobacteria.incertae.sedis","Taxonomic","env_cov_gammaproteobacteria.incertae.sedis_20130601_20180101"
"20151101","20180101","Legacy with covariate 2013-2018","env_cycl",TRUE,TRUE,"order_bac","gammaproteobacteria.incertae.sedis","Taxonomic","env_cycl_gammaproteobacteria.incertae.sedis_20130601_20180101"
"20151101","20200101","Full dataset","cycl_only",TRUE,TRUE,"order_bac","gammaproteobacteria.incertae.sedis","Taxonomic","cycl_only_gammaproteobacteria.incertae.sedis_20151101_20200101"
"20151101","20200101","Full dataset","env_cov",TRUE,TRUE,"order_bac","gammaproteobacteria.incertae.sedis","Taxonomic","env_cov_gammaproteobacteria.incertae.sedis_20151101_20200101"
"20151101","20200101","Full dataset","env_cycl",TRUE,TRUE,"order_bac","gammaproteobacteria.incertae.sedis","Taxonomic","env_cycl_gammaproteobacteria.incertae.sedis_20151101_20200101"
"20130601","20151101","Legacy only","cycl_only",TRUE,TRUE,"order_bac","gemmatimonadales","Taxonomic","cycl_only_gemmatimonadales_20130601_20151101"
"20130601","20151101","Legacy only","env_cov",TRUE,TRUE,"order_bac","gemmatimonadales","Taxonomic","env_cov_gemmatimonadales_20130601_20151101"
"20130601","20151101","Legacy only","env_cycl",TRUE,TRUE,"order_bac","gemmatimonadales","Taxonomic","env_cycl_gemmatimonadales_20130601_20151101"
"20130601","20170101","Legacy + 1 year current methods","cycl_only",TRUE,TRUE,"order_bac","gemmatimonadales","Taxonomic","cycl_only_gemmatimonadales_20130601_20170101"
"20130601","20170101","Legacy + 1 year current methods","env_cov",TRUE,TRUE,"order_bac","gemmatimonadales","Taxonomic","env_cov_gemmatimonadales_20130601_20170101"
"20130601","20170101","Legacy + 1 year current methods","env_cycl",TRUE,TRUE,"order_bac","gemmatimonadales","Taxonomic","env_cycl_gemmatimonadales_20130601_20170101"
"20130601","20180101","Legacy with covariate 2013-2018","cycl_only",TRUE,TRUE,"order_bac","gemmatimonadales","Taxonomic","cycl_only_gemmatimonadales_20130601_20180101"
"20130601","20180101","Legacy with covariate 2013-2018","env_cov",TRUE,TRUE,"order_bac","gemmatimonadales","Taxonomic","env_cov_gemmatimonadales_20130601_20180101"
"20130601","20180101","Legacy with covariate 2013-2018","env_cycl",TRUE,TRUE,"order_bac","gemmatimonadales","Taxonomic","env_cycl_gemmatimonadales_20130601_20180101"
"20151101","20180101","2 year current methods","cycl_only",TRUE,TRUE,"order_bac","gemmatimonadales","Taxonomic","cycl_only_gemmatimonadales_20151101_20180101"
"20151101","20180101","2 year current methods","env_cov",TRUE,TRUE,"order_bac","gemmatimonadales","Taxonomic","env_cov_gemmatimonadales_20151101_20180101"
"20151101","20180101","2 year current methods","env_cycl",TRUE,TRUE,"order_bac","gemmatimonadales","Taxonomic","env_cycl_gemmatimonadales_20151101_20180101"
"20151101","20180101","Legacy with covariate 2013-2018","cycl_only",TRUE,TRUE,"order_bac","gemmatimonadales","Taxonomic","cycl_only_gemmatimonadales_20130601_20180101"
"20151101","20180101","Legacy with covariate 2013-2018","env_cov",TRUE,TRUE,"order_bac","gemmatimonadales","Taxonomic","env_cov_gemmatimonadales_20130601_20180101"
"20151101","20180101","Legacy with covariate 2013-2018","env_cycl",TRUE,TRUE,"order_bac","gemmatimonadales","Taxonomic","env_cycl_gemmatimonadales_20130601_20180101"
"20151101","20200101","Full dataset","cycl_only",TRUE,TRUE,"order_bac","gemmatimonadales","Taxonomic","cycl_only_gemmatimonadales_20151101_20200101"
"20151101","20200101","Full dataset","env_cov",TRUE,TRUE,"order_bac","gemmatimonadales","Taxonomic","env_cov_gemmatimonadales_20151101_20200101"
"20151101","20200101","Full dataset","env_cycl",TRUE,TRUE,"order_bac","gemmatimonadales","Taxonomic","env_cycl_gemmatimonadales_20151101_20200101"
"20130601","20151101","Legacy only","cycl_only",TRUE,TRUE,"order_bac","imcc26256","Taxonomic","cycl_only_imcc26256_20130601_20151101"
"20130601","20151101","Legacy only","env_cov",TRUE,TRUE,"order_bac","imcc26256","Taxonomic","env_cov_imcc26256_20130601_20151101"
"20130601","20151101","Legacy only","env_cycl",TRUE,TRUE,"order_bac","imcc26256","Taxonomic","env_cycl_imcc26256_20130601_20151101"
"20130601","20170101","Legacy + 1 year current methods","cycl_only",TRUE,TRUE,"order_bac","imcc26256","Taxonomic","cycl_only_imcc26256_20130601_20170101"
"20130601","20170101","Legacy + 1 year current methods","env_cov",TRUE,TRUE,"order_bac","imcc26256","Taxonomic","env_cov_imcc26256_20130601_20170101"
"20130601","20170101","Legacy + 1 year current methods","env_cycl",TRUE,TRUE,"order_bac","imcc26256","Taxonomic","env_cycl_imcc26256_20130601_20170101"
"20130601","20180101","Legacy with covariate 2013-2018","cycl_only",TRUE,TRUE,"order_bac","imcc26256","Taxonomic","cycl_only_imcc26256_20130601_20180101"
"20130601","20180101","Legacy with covariate 2013-2018","env_cov",TRUE,TRUE,"order_bac","imcc26256","Taxonomic","env_cov_imcc26256_20130601_20180101"
"20130601","20180101","Legacy with covariate 2013-2018","env_cycl",TRUE,TRUE,"order_bac","imcc26256","Taxonomic","env_cycl_imcc26256_20130601_20180101"
"20151101","20180101","2 year current methods","cycl_only",TRUE,TRUE,"order_bac","imcc26256","Taxonomic","cycl_only_imcc26256_20151101_20180101"
"20151101","20180101","2 year current methods","env_cov",TRUE,TRUE,"order_bac","imcc26256","Taxonomic","env_cov_imcc26256_20151101_20180101"
"20151101","20180101","2 year current methods","env_cycl",TRUE,TRUE,"order_bac","imcc26256","Taxonomic","env_cycl_imcc26256_20151101_20180101"
"20151101","20180101","Legacy with covariate 2013-2018","cycl_only",TRUE,TRUE,"order_bac","imcc26256","Taxonomic","cycl_only_imcc26256_20130601_20180101"
"20151101","20180101","Legacy with covariate 2013-2018","env_cov",TRUE,TRUE,"order_bac","imcc26256","Taxonomic","env_cov_imcc26256_20130601_20180101"
"20151101","20180101","Legacy with covariate 2013-2018","env_cycl",TRUE,TRUE,"order_bac","imcc26256","Taxonomic","env_cycl_imcc26256_20130601_20180101"
"20151101","20200101","Full dataset","cycl_only",TRUE,TRUE,"order_bac","imcc26256","Taxonomic","cycl_only_imcc26256_20151101_20200101"
"20151101","20200101","Full dataset","env_cov",TRUE,TRUE,"order_bac","imcc26256","Taxonomic","env_cov_imcc26256_20151101_20200101"
"20151101","20200101","Full dataset","env_cycl",TRUE,TRUE,"order_bac","imcc26256","Taxonomic","env_cycl_imcc26256_20151101_20200101"
"20130601","20151101","Legacy only","cycl_only",TRUE,TRUE,"order_bac","pedosphaerales","Taxonomic","cycl_only_pedosphaerales_20130601_20151101"
"20130601","20151101","Legacy only","env_cov",TRUE,TRUE,"order_bac","pedosphaerales","Taxonomic","env_cov_pedosphaerales_20130601_20151101"
"20130601","20151101","Legacy only","env_cycl",TRUE,TRUE,"order_bac","pedosphaerales","Taxonomic","env_cycl_pedosphaerales_20130601_20151101"
"20130601","20170101","Legacy + 1 year current methods","cycl_only",TRUE,TRUE,"order_bac","pedosphaerales","Taxonomic","cycl_only_pedosphaerales_20130601_20170101"
"20130601","20170101","Legacy + 1 year current methods","env_cov",TRUE,TRUE,"order_bac","pedosphaerales","Taxonomic","env_cov_pedosphaerales_20130601_20170101"
"20130601","20170101","Legacy + 1 year current methods","env_cycl",TRUE,TRUE,"order_bac","pedosphaerales","Taxonomic","env_cycl_pedosphaerales_20130601_20170101"
"20130601","20180101","Legacy with covariate 2013-2018","cycl_only",TRUE,TRUE,"order_bac","pedosphaerales","Taxonomic","cycl_only_pedosphaerales_20130601_20180101"
"20130601","20180101","Legacy with covariate 2013-2018","env_cov",TRUE,TRUE,"order_bac","pedosphaerales","Taxonomic","env_cov_pedosphaerales_20130601_20180101"
"20130601","20180101","Legacy with covariate 2013-2018","env_cycl",TRUE,TRUE,"order_bac","pedosphaerales","Taxonomic","env_cycl_pedosphaerales_20130601_20180101"
"20151101","20180101","2 year current methods","cycl_only",TRUE,TRUE,"order_bac","pedosphaerales","Taxonomic","cycl_only_pedosphaerales_20151101_20180101"
"20151101","20180101","2 year current methods","env_cov",TRUE,TRUE,"order_bac","pedosphaerales","Taxonomic","env_cov_pedosphaerales_20151101_20180101"
"20151101","20180101","2 year current methods","env_cycl",TRUE,TRUE,"order_bac","pedosphaerales","Taxonomic","env_cycl_pedosphaerales_20151101_20180101"
"20151101","20180101","Legacy with covariate 2013-2018","cycl_only",TRUE,TRUE,"order_bac","pedosphaerales","Taxonomic","cycl_only_pedosphaerales_20130601_20180101"
"20151101","20180101","Legacy with covariate 2013-2018","env_cov",TRUE,TRUE,"order_bac","pedosphaerales","Taxonomic","env_cov_pedosphaerales_20130601_20180101"
"20151101","20180101","Legacy with covariate 2013-2018","env_cycl",TRUE,TRUE,"order_bac","pedosphaerales","Taxonomic","env_cycl_pedosphaerales_20130601_20180101"
"20151101","20200101","Full dataset","cycl_only",TRUE,TRUE,"order_bac","pedosphaerales","Taxonomic","cycl_only_pedosphaerales_20151101_20200101"
"20151101","20200101","Full dataset","env_cov",TRUE,TRUE,"order_bac","pedosphaerales","Taxonomic","env_cov_pedosphaerales_20151101_20200101"
"20151101","20200101","Full dataset","env_cycl",TRUE,TRUE,"order_bac","pedosphaerales","Taxonomic","env_cycl_pedosphaerales_20151101_20200101"
"20130601","20151101","Legacy only","cycl_only",TRUE,TRUE,"order_bac","reyranellales","Taxonomic","cycl_only_reyranellales_20130601_20151101"
"20130601","20151101","Legacy only","env_cov",TRUE,TRUE,"order_bac","reyranellales","Taxonomic","env_cov_reyranellales_20130601_20151101"
"20130601","20151101","Legacy only","env_cycl",TRUE,TRUE,"order_bac","reyranellales","Taxonomic","env_cycl_reyranellales_20130601_20151101"
"20130601","20170101","Legacy + 1 year current methods","cycl_only",TRUE,TRUE,"order_bac","reyranellales","Taxonomic","cycl_only_reyranellales_20130601_20170101"
"20130601","20170101","Legacy + 1 year current methods","env_cov",TRUE,TRUE,"order_bac","reyranellales","Taxonomic","env_cov_reyranellales_20130601_20170101"
"20130601","20170101","Legacy + 1 year current methods","env_cycl",TRUE,TRUE,"order_bac","reyranellales","Taxonomic","env_cycl_reyranellales_20130601_20170101"
"20130601","20180101","Legacy with covariate 2013-2018","cycl_only",TRUE,TRUE,"order_bac","reyranellales","Taxonomic","cycl_only_reyranellales_20130601_20180101"
"20130601","20180101","Legacy with covariate 2013-2018","env_cov",TRUE,TRUE,"order_bac","reyranellales","Taxonomic","env_cov_reyranellales_20130601_20180101"
"20130601","20180101","Legacy with covariate 2013-2018","env_cycl",TRUE,TRUE,"order_bac","reyranellales","Taxonomic","env_cycl_reyranellales_20130601_20180101"
"20151101","20180101","2 year current methods","cycl_only",TRUE,TRUE,"order_bac","reyranellales","Taxonomic","cycl_only_reyranellales_20151101_20180101"
"20151101","20180101","2 year current methods","env_cov",TRUE,TRUE,"order_bac","reyranellales","Taxonomic","env_cov_reyranellales_20151101_20180101"
"20151101","20180101","2 year current methods","env_cycl",TRUE,TRUE,"order_bac","reyranellales","Taxonomic","env_cycl_reyranellales_20151101_20180101"
"20151101","20180101","Legacy with covariate 2013-2018","cycl_only",TRUE,TRUE,"order_bac","reyranellales","Taxonomic","cycl_only_reyranellales_20130601_20180101"
"20151101","20180101","Legacy with covariate 2013-2018","env_cov",TRUE,TRUE,"order_bac","reyranellales","Taxonomic","env_cov_reyranellales_20130601_20180101"
"20151101","20180101","Legacy with covariate 2013-2018","env_cycl",TRUE,TRUE,"order_bac","reyranellales","Taxonomic","env_cycl_reyranellales_20130601_20180101"
"20151101","20200101","Full dataset","cycl_only",TRUE,TRUE,"order_bac","reyranellales","Taxonomic","cycl_only_reyranellales_20151101_20200101"
"20151101","20200101","Full dataset","env_cov",TRUE,TRUE,"order_bac","reyranellales","Taxonomic","env_cov_reyranellales_20151101_20200101"
"20151101","20200101","Full dataset","env_cycl",TRUE,TRUE,"order_bac","reyranellales","Taxonomic","env_cycl_reyranellales_20151101_20200101"
"20130601","20151101","Legacy only","cycl_only",TRUE,TRUE,"order_bac","rhizobiales","Taxonomic","cycl_only_rhizobiales_20130601_20151101"
"20130601","20151101","Legacy only","env_cov",TRUE,TRUE,"order_bac","rhizobiales","Taxonomic","env_cov_rhizobiales_20130601_20151101"
"20130601","20151101","Legacy only","env_cycl",TRUE,TRUE,"order_bac","rhizobiales","Taxonomic","env_cycl_rhizobiales_20130601_20151101"
"20130601","20170101","Legacy + 1 year current methods","cycl_only",TRUE,TRUE,"order_bac","rhizobiales","Taxonomic","cycl_only_rhizobiales_20130601_20170101"
"20130601","20170101","Legacy + 1 year current methods","env_cov",TRUE,TRUE,"order_bac","rhizobiales","Taxonomic","env_cov_rhizobiales_20130601_20170101"
"20130601","20170101","Legacy + 1 year current methods","env_cycl",TRUE,TRUE,"order_bac","rhizobiales","Taxonomic","env_cycl_rhizobiales_20130601_20170101"
"20130601","20180101","Legacy with covariate 2013-2018","cycl_only",TRUE,TRUE,"order_bac","rhizobiales","Taxonomic","cycl_only_rhizobiales_20130601_20180101"
"20130601","20180101","Legacy with covariate 2013-2018","env_cov",TRUE,TRUE,"order_bac","rhizobiales","Taxonomic","env_cov_rhizobiales_20130601_20180101"
"20130601","20180101","Legacy with covariate 2013-2018","env_cycl",TRUE,TRUE,"order_bac","rhizobiales","Taxonomic","env_cycl_rhizobiales_20130601_20180101"
"20151101","20180101","2 year current methods","cycl_only",TRUE,TRUE,"order_bac","rhizobiales","Taxonomic","cycl_only_rhizobiales_20151101_20180101"
"20151101","20180101","2 year current methods","env_cov",TRUE,TRUE,"order_bac","rhizobiales","Taxonomic","env_cov_rhizobiales_20151101_20180101"
"20151101","20180101","2 year current methods","env_cycl",TRUE,TRUE,"order_bac","rhizobiales","Taxonomic","env_cycl_rhizobiales_20151101_20180101"
"20151101","20180101","Legacy with covariate 2013-2018","cycl_only",TRUE,TRUE,"order_bac","rhizobiales","Taxonomic","cycl_only_rhizobiales_20130601_20180101"
"20151101","20180101","Legacy with covariate 2013-2018","env_cov",TRUE,TRUE,"order_bac","rhizobiales","Taxonomic","env_cov_rhizobiales_20130601_20180101"
"20151101","20180101","Legacy with covariate 2013-2018","env_cycl",TRUE,TRUE,"order_bac","rhizobiales","Taxonomic","env_cycl_rhizobiales_20130601_20180101"
"20151101","20200101","Full dataset","cycl_only",TRUE,TRUE,"order_bac","rhizobiales","Taxonomic","cycl_only_rhizobiales_20151101_20200101"
"20151101","20200101","Full dataset","env_cov",TRUE,TRUE,"order_bac","rhizobiales","Taxonomic","env_cov_rhizobiales_20151101_20200101"
"20151101","20200101","Full dataset","env_cycl",TRUE,TRUE,"order_bac","rhizobiales","Taxonomic","env_cycl_rhizobiales_20151101_20200101"
"20130601","20151101","Legacy only","cycl_only",TRUE,TRUE,"order_bac","solirubrobacterales","Taxonomic","cycl_only_solirubrobacterales_20130601_20151101"
"20130601","20151101","Legacy only","env_cov",TRUE,TRUE,"order_bac","solirubrobacterales","Taxonomic","env_cov_solirubrobacterales_20130601_20151101"
"20130601","20151101","Legacy only","env_cycl",TRUE,TRUE,"order_bac","solirubrobacterales","Taxonomic","env_cycl_solirubrobacterales_20130601_20151101"
"20130601","20170101","Legacy + 1 year current methods","cycl_only",TRUE,TRUE,"order_bac","solirubrobacterales","Taxonomic","cycl_only_solirubrobacterales_20130601_20170101"
"20130601","20170101","Legacy + 1 year current methods","env_cov",TRUE,TRUE,"order_bac","solirubrobacterales","Taxonomic","env_cov_solirubrobacterales_20130601_20170101"
"20130601","20170101","Legacy + 1 year current methods","env_cycl",TRUE,TRUE,"order_bac","solirubrobacterales","Taxonomic","env_cycl_solirubrobacterales_20130601_20170101"
"20130601","20180101","Legacy with covariate 2013-2018","cycl_only",TRUE,TRUE,"order_bac","solirubrobacterales","Taxonomic","cycl_only_solirubrobacterales_20130601_20180101"
"20130601","20180101","Legacy with covariate 2013-2018","env_cov",TRUE,TRUE,"order_bac","solirubrobacterales","Taxonomic","env_cov_solirubrobacterales_20130601_20180101"
"20130601","20180101","Legacy with covariate 2013-2018","env_cycl",TRUE,TRUE,"order_bac","solirubrobacterales","Taxonomic","env_cycl_solirubrobacterales_20130601_20180101"
"20151101","20180101","2 year current methods","cycl_only",TRUE,TRUE,"order_bac","solirubrobacterales","Taxonomic","cycl_only_solirubrobacterales_20151101_20180101"
"20151101","20180101","2 year current methods","env_cov",TRUE,TRUE,"order_bac","solirubrobacterales","Taxonomic","env_cov_solirubrobacterales_20151101_20180101"
"20151101","20180101","2 year current methods","env_cycl",TRUE,TRUE,"order_bac","solirubrobacterales","Taxonomic","env_cycl_solirubrobacterales_20151101_20180101"
"20151101","20180101","Legacy with covariate 2013-2018","cycl_only",TRUE,TRUE,"order_bac","solirubrobacterales","Taxonomic","cycl_only_solirubrobacterales_20130601_20180101"
"20151101","20180101","Legacy with covariate 2013-2018","env_cov",TRUE,TRUE,"order_bac","solirubrobacterales","Taxonomic","env_cov_solirubrobacterales_20130601_20180101"
"20151101","20180101","Legacy with covariate 2013-2018","env_cycl",TRUE,TRUE,"order_bac","solirubrobacterales","Taxonomic","env_cycl_solirubrobacterales_20130601_20180101"
"20151101","20200101","Full dataset","cycl_only",TRUE,TRUE,"order_bac","solirubrobacterales","Taxonomic","cycl_only_solirubrobacterales_20151101_20200101"
"20151101","20200101","Full dataset","env_cov",TRUE,TRUE,"order_bac","solirubrobacterales","Taxonomic","env_cov_solirubrobacterales_20151101_20200101"
"20151101","20200101","Full dataset","env_cycl",TRUE,TRUE,"order_bac","solirubrobacterales","Taxonomic","env_cycl_solirubrobacterales_20151101_20200101"
"20130601","20151101","Legacy only","cycl_only",TRUE,TRUE,"order_bac","sphingomonadales","Taxonomic","cycl_only_sphingomonadales_20130601_20151101"
"20130601","20151101","Legacy only","env_cov",TRUE,TRUE,"order_bac","sphingomonadales","Taxonomic","env_cov_sphingomonadales_20130601_20151101"
"20130601","20151101","Legacy only","env_cycl",TRUE,TRUE,"order_bac","sphingomonadales","Taxonomic","env_cycl_sphingomonadales_20130601_20151101"
"20130601","20170101","Legacy + 1 year current methods","cycl_only",TRUE,TRUE,"order_bac","sphingomonadales","Taxonomic","cycl_only_sphingomonadales_20130601_20170101"
"20130601","20170101","Legacy + 1 year current methods","env_cov",TRUE,TRUE,"order_bac","sphingomonadales","Taxonomic","env_cov_sphingomonadales_20130601_20170101"
"20130601","20170101","Legacy + 1 year current methods","env_cycl",TRUE,TRUE,"order_bac","sphingomonadales","Taxonomic","env_cycl_sphingomonadales_20130601_20170101"
"20130601","20180101","Legacy with covariate 2013-2018","cycl_only",TRUE,TRUE,"order_bac","sphingomonadales","Taxonomic","cycl_only_sphingomonadales_20130601_20180101"
"20130601","20180101","Legacy with covariate 2013-2018","env_cov",TRUE,TRUE,"order_bac","sphingomonadales","Taxonomic","env_cov_sphingomonadales_20130601_20180101"
"20130601","20180101","Legacy with covariate 2013-2018","env_cycl",TRUE,TRUE,"order_bac","sphingomonadales","Taxonomic","env_cycl_sphingomonadales_20130601_20180101"
"20151101","20180101","2 year current methods","cycl_only",TRUE,TRUE,"order_bac","sphingomonadales","Taxonomic","cycl_only_sphingomonadales_20151101_20180101"
"20151101","20180101","2 year current methods","env_cov",TRUE,TRUE,"order_bac","sphingomonadales","Taxonomic","env_cov_sphingomonadales_20151101_20180101"
"20151101","20180101","2 year current methods","env_cycl",TRUE,TRUE,"order_bac","sphingomonadales","Taxonomic","env_cycl_sphingomonadales_20151101_20180101"
"20151101","20180101","Legacy with covariate 2013-2018","cycl_only",TRUE,TRUE,"order_bac","sphingomonadales","Taxonomic","cycl_only_sphingomonadales_20130601_20180101"
"20151101","20180101","Legacy with covariate 2013-2018","env_cov",TRUE,TRUE,"order_bac","sphingomonadales","Taxonomic","env_cov_sphingomonadales_20130601_20180101"
"20151101","20180101","Legacy with covariate 2013-2018","env_cycl",TRUE,TRUE,"order_bac","sphingomonadales","Taxonomic","env_cycl_sphingomonadales_20130601_20180101"
"20151101","20200101","Full dataset","cycl_only",TRUE,TRUE,"order_bac","sphingomonadales","Taxonomic","cycl_only_sphingomonadales_20151101_20200101"
"20151101","20200101","Full dataset","env_cov",TRUE,TRUE,"order_bac","sphingomonadales","Taxonomic","env_cov_sphingomonadales_20151101_20200101"
"20151101","20200101","Full dataset","env_cycl",TRUE,TRUE,"order_bac","sphingomonadales","Taxonomic","env_cycl_sphingomonadales_20151101_20200101"
"20130601","20151101","Legacy only","cycl_only",TRUE,TRUE,"order_bac","tepidisphaerales","Taxonomic","cycl_only_tepidisphaerales_20130601_20151101"
"20130601","20151101","Legacy only","env_cov",TRUE,TRUE,"order_bac","tepidisphaerales","Taxonomic","env_cov_tepidisphaerales_20130601_20151101"
"20130601","20151101","Legacy only","env_cycl",TRUE,TRUE,"order_bac","tepidisphaerales","Taxonomic","env_cycl_tepidisphaerales_20130601_20151101"
"20130601","20170101","Legacy + 1 year current methods","cycl_only",TRUE,TRUE,"order_bac","tepidisphaerales","Taxonomic","cycl_only_tepidisphaerales_20130601_20170101"
"20130601","20170101","Legacy + 1 year current methods","env_cov",TRUE,TRUE,"order_bac","tepidisphaerales","Taxonomic","env_cov_tepidisphaerales_20130601_20170101"
"20130601","20170101","Legacy + 1 year current methods","env_cycl",TRUE,TRUE,"order_bac","tepidisphaerales","Taxonomic","env_cycl_tepidisphaerales_20130601_20170101"
"20130601","20180101","Legacy with covariate 2013-2018","cycl_only",TRUE,TRUE,"order_bac","tepidisphaerales","Taxonomic","cycl_only_tepidisphaerales_20130601_20180101"
"20130601","20180101","Legacy with covariate 2013-2018","env_cov",TRUE,TRUE,"order_bac","tepidisphaerales","Taxonomic","env_cov_tepidisphaerales_20130601_20180101"
"20130601","20180101","Legacy with covariate 2013-2018","env_cycl",TRUE,TRUE,"order_bac","tepidisphaerales","Taxonomic","env_cycl_tepidisphaerales_20130601_20180101"
"20151101","20180101","2 year current methods","cycl_only",TRUE,TRUE,"order_bac","tepidisphaerales","Taxonomic","cycl_only_tepidisphaerales_20151101_20180101"
"20151101","20180101","2 year current methods","env_cov",TRUE,TRUE,"order_bac","tepidisphaerales","Taxonomic","env_cov_tepidisphaerales_20151101_20180101"
"20151101","20180101","2 year current methods","env_cycl",TRUE,TRUE,"order_bac","tepidisphaerales","Taxonomic","env_cycl_tepidisphaerales_20151101_20180101"
"20151101","20180101","Legacy with covariate 2013-2018","cycl_only",TRUE,TRUE,"order_bac","tepidisphaerales","Taxonomic","cycl_only_tepidisphaerales_20130601_20180101"
"20151101","20180101","Legacy with covariate 2013-2018","env_cov",TRUE,TRUE,"order_bac","tepidisphaerales","Taxonomic","env_cov_tepidisphaerales_20130601_20180101"
"20151101","20180101","Legacy with covariate 2013-2018","env_cycl",TRUE,TRUE,"order_bac","tepidisphaerales","Taxonomic","env_cycl_tepidisphaerales_20130601_20180101"
"20151101","20200101","Full dataset","cycl_only",TRUE,TRUE,"order_bac","tepidisphaerales","Taxonomic","cycl_only_tepidisphaerales_20151101_20200101"
"20151101","20200101","Full dataset","env_cov",TRUE,TRUE,"order_bac","tepidisphaerales","Taxonomic","env_cov_tepidisphaerales_20151101_20200101"
"20151101","20200101","Full dataset","env_cycl",TRUE,TRUE,"order_bac","tepidisphaerales","Taxonomic","env_cycl_tepidisphaerales_20151101_20200101"
"20130601","20151101","Legacy only","cycl_only",TRUE,TRUE,"family_bac","bacillaceae","Taxonomic","cycl_only_bacillaceae_20130601_20151101"
"20130601","20151101","Legacy only","env_cov",TRUE,TRUE,"family_bac","bacillaceae","Taxonomic","env_cov_bacillaceae_20130601_20151101"
"20130601","20151101","Legacy only","env_cycl",TRUE,TRUE,"family_bac","bacillaceae","Taxonomic","env_cycl_bacillaceae_20130601_20151101"
"20130601","20170101","Legacy + 1 year current methods","cycl_only",TRUE,TRUE,"family_bac","bacillaceae","Taxonomic","cycl_only_bacillaceae_20130601_20170101"
"20130601","20170101","Legacy + 1 year current methods","env_cov",TRUE,TRUE,"family_bac","bacillaceae","Taxonomic","env_cov_bacillaceae_20130601_20170101"
"20130601","20170101","Legacy + 1 year current methods","env_cycl",TRUE,TRUE,"family_bac","bacillaceae","Taxonomic","env_cycl_bacillaceae_20130601_20170101"
"20130601","20180101","Legacy with covariate 2013-2018","cycl_only",TRUE,TRUE,"family_bac","bacillaceae","Taxonomic","cycl_only_bacillaceae_20130601_20180101"
"20130601","20180101","Legacy with covariate 2013-2018","env_cov",TRUE,TRUE,"family_bac","bacillaceae","Taxonomic","env_cov_bacillaceae_20130601_20180101"
"20130601","20180101","Legacy with covariate 2013-2018","env_cycl",TRUE,TRUE,"family_bac","bacillaceae","Taxonomic","env_cycl_bacillaceae_20130601_20180101"
"20151101","20180101","2 year current methods","cycl_only",TRUE,TRUE,"family_bac","bacillaceae","Taxonomic","cycl_only_bacillaceae_20151101_20180101"
"20151101","20180101","2 year current methods","env_cov",TRUE,TRUE,"family_bac","bacillaceae","Taxonomic","env_cov_bacillaceae_20151101_20180101"
"20151101","20180101","2 year current methods","env_cycl",TRUE,TRUE,"family_bac","bacillaceae","Taxonomic","env_cycl_bacillaceae_20151101_20180101"
"20151101","20180101","Legacy with covariate 2013-2018","cycl_only",TRUE,TRUE,"family_bac","bacillaceae","Taxonomic","cycl_only_bacillaceae_20130601_20180101"
"20151101","20180101","Legacy with covariate 2013-2018","env_cov",TRUE,TRUE,"family_bac","bacillaceae","Taxonomic","env_cov_bacillaceae_20130601_20180101"
"20151101","20180101","Legacy with covariate 2013-2018","env_cycl",TRUE,TRUE,"family_bac","bacillaceae","Taxonomic","env_cycl_bacillaceae_20130601_20180101"
"20151101","20200101","Full dataset","cycl_only",TRUE,TRUE,"family_bac","bacillaceae","Taxonomic","cycl_only_bacillaceae_20151101_20200101"
"20151101","20200101","Full dataset","env_cov",TRUE,TRUE,"family_bac","bacillaceae","Taxonomic","env_cov_bacillaceae_20151101_20200101"
"20151101","20200101","Full dataset","env_cycl",TRUE,TRUE,"family_bac","bacillaceae","Taxonomic","env_cycl_bacillaceae_20151101_20200101"
"20130601","20151101","Legacy only","cycl_only",TRUE,TRUE,"family_bac","beijerinckiaceae","Taxonomic","cycl_only_beijerinckiaceae_20130601_20151101"
"20130601","20151101","Legacy only","env_cov",TRUE,TRUE,"family_bac","beijerinckiaceae","Taxonomic","env_cov_beijerinckiaceae_20130601_20151101"
"20130601","20151101","Legacy only","env_cycl",TRUE,TRUE,"family_bac","beijerinckiaceae","Taxonomic","env_cycl_beijerinckiaceae_20130601_20151101"
"20130601","20170101","Legacy + 1 year current methods","cycl_only",TRUE,TRUE,"family_bac","beijerinckiaceae","Taxonomic","cycl_only_beijerinckiaceae_20130601_20170101"
"20130601","20170101","Legacy + 1 year current methods","env_cov",TRUE,TRUE,"family_bac","beijerinckiaceae","Taxonomic","env_cov_beijerinckiaceae_20130601_20170101"
"20130601","20170101","Legacy + 1 year current methods","env_cycl",TRUE,TRUE,"family_bac","beijerinckiaceae","Taxonomic","env_cycl_beijerinckiaceae_20130601_20170101"
"20130601","20180101","Legacy with covariate 2013-2018","cycl_only",TRUE,TRUE,"family_bac","beijerinckiaceae","Taxonomic","cycl_only_beijerinckiaceae_20130601_20180101"
"20130601","20180101","Legacy with covariate 2013-2018","env_cov",TRUE,TRUE,"family_bac","beijerinckiaceae","Taxonomic","env_cov_beijerinckiaceae_20130601_20180101"
"20130601","20180101","Legacy with covariate 2013-2018","env_cycl",TRUE,TRUE,"family_bac","beijerinckiaceae","Taxonomic","env_cycl_beijerinckiaceae_20130601_20180101"
"20151101","20180101","2 year current methods","cycl_only",TRUE,TRUE,"family_bac","beijerinckiaceae","Taxonomic","cycl_only_beijerinckiaceae_20151101_20180101"
"20151101","20180101","2 year current methods","env_cov",TRUE,TRUE,"family_bac","beijerinckiaceae","Taxonomic","env_cov_beijerinckiaceae_20151101_20180101"
"20151101","20180101","2 year current methods","env_cycl",TRUE,TRUE,"family_bac","beijerinckiaceae","Taxonomic","env_cycl_beijerinckiaceae_20151101_20180101"
"20151101","20180101","Legacy with covariate 2013-2018","cycl_only",TRUE,TRUE,"family_bac","beijerinckiaceae","Taxonomic","cycl_only_beijerinckiaceae_20130601_20180101"
"20151101","20180101","Legacy with covariate 2013-2018","env_cov",TRUE,TRUE,"family_bac","beijerinckiaceae","Taxonomic","env_cov_beijerinckiaceae_20130601_20180101"
"20151101","20180101","Legacy with covariate 2013-2018","env_cycl",TRUE,TRUE,"family_bac","beijerinckiaceae","Taxonomic","env_cycl_beijerinckiaceae_20130601_20180101"
"20151101","20200101","Full dataset","cycl_only",TRUE,TRUE,"family_bac","beijerinckiaceae","Taxonomic","cycl_only_beijerinckiaceae_20151101_20200101"
"20151101","20200101","Full dataset","env_cov",TRUE,TRUE,"family_bac","beijerinckiaceae","Taxonomic","env_cov_beijerinckiaceae_20151101_20200101"
"20151101","20200101","Full dataset","env_cycl",TRUE,TRUE,"family_bac","beijerinckiaceae","Taxonomic","env_cycl_beijerinckiaceae_20151101_20200101"
"20130601","20151101","Legacy only","cycl_only",TRUE,TRUE,"family_bac","bryobacteraceae","Taxonomic","cycl_only_bryobacteraceae_20130601_20151101"
"20130601","20151101","Legacy only","env_cov",TRUE,TRUE,"family_bac","bryobacteraceae","Taxonomic","env_cov_bryobacteraceae_20130601_20151101"
"20130601","20151101","Legacy only","env_cycl",TRUE,TRUE,"family_bac","bryobacteraceae","Taxonomic","env_cycl_bryobacteraceae_20130601_20151101"
"20130601","20170101","Legacy + 1 year current methods","cycl_only",TRUE,TRUE,"family_bac","bryobacteraceae","Taxonomic","cycl_only_bryobacteraceae_20130601_20170101"
"20130601","20170101","Legacy + 1 year current methods","env_cov",TRUE,TRUE,"family_bac","bryobacteraceae","Taxonomic","env_cov_bryobacteraceae_20130601_20170101"
"20130601","20170101","Legacy + 1 year current methods","env_cycl",TRUE,TRUE,"family_bac","bryobacteraceae","Taxonomic","env_cycl_bryobacteraceae_20130601_20170101"
"20130601","20180101","Legacy with covariate 2013-2018","cycl_only",TRUE,TRUE,"family_bac","bryobacteraceae","Taxonomic","cycl_only_bryobacteraceae_20130601_20180101"
"20130601","20180101","Legacy with covariate 2013-2018","env_cov",TRUE,TRUE,"family_bac","bryobacteraceae","Taxonomic","env_cov_bryobacteraceae_20130601_20180101"
"20130601","20180101","Legacy with covariate 2013-2018","env_cycl",TRUE,TRUE,"family_bac","bryobacteraceae","Taxonomic","env_cycl_bryobacteraceae_20130601_20180101"
"20151101","20180101","2 year current methods","cycl_only",TRUE,TRUE,"family_bac","bryobacteraceae","Taxonomic","cycl_only_bryobacteraceae_20151101_20180101"
"20151101","20180101","2 year current methods","env_cov",TRUE,TRUE,"family_bac","bryobacteraceae","Taxonomic","env_cov_bryobacteraceae_20151101_20180101"
"20151101","20180101","2 year current methods","env_cycl",TRUE,TRUE,"family_bac","bryobacteraceae","Taxonomic","env_cycl_bryobacteraceae_20151101_20180101"
"20151101","20180101","Legacy with covariate 2013-2018","cycl_only",TRUE,TRUE,"family_bac","bryobacteraceae","Taxonomic","cycl_only_bryobacteraceae_20130601_20180101"
"20151101","20180101","Legacy with covariate 2013-2018","env_cov",TRUE,TRUE,"family_bac","bryobacteraceae","Taxonomic","env_cov_bryobacteraceae_20130601_20180101"
"20151101","20180101","Legacy with covariate 2013-2018","env_cycl",TRUE,TRUE,"family_bac","bryobacteraceae","Taxonomic","env_cycl_bryobacteraceae_20130601_20180101"
"20151101","20200101","Full dataset","cycl_only",TRUE,TRUE,"family_bac","bryobacteraceae","Taxonomic","cycl_only_bryobacteraceae_20151101_20200101"
"20151101","20200101","Full dataset","env_cov",TRUE,TRUE,"family_bac","bryobacteraceae","Taxonomic","env_cov_bryobacteraceae_20151101_20200101"
"20151101","20200101","Full dataset","env_cycl",TRUE,TRUE,"family_bac","bryobacteraceae","Taxonomic","env_cycl_bryobacteraceae_20151101_20200101"
"20130601","20151101","Legacy only","cycl_only",TRUE,TRUE,"family_bac","burkholderiaceae","Taxonomic","cycl_only_burkholderiaceae_20130601_20151101"
"20130601","20151101","Legacy only","env_cov",TRUE,TRUE,"family_bac","burkholderiaceae","Taxonomic","env_cov_burkholderiaceae_20130601_20151101"
"20130601","20151101","Legacy only","env_cycl",TRUE,TRUE,"family_bac","burkholderiaceae","Taxonomic","env_cycl_burkholderiaceae_20130601_20151101"
"20130601","20170101","Legacy + 1 year current methods","cycl_only",TRUE,TRUE,"family_bac","burkholderiaceae","Taxonomic","cycl_only_burkholderiaceae_20130601_20170101"
"20130601","20170101","Legacy + 1 year current methods","env_cov",TRUE,TRUE,"family_bac","burkholderiaceae","Taxonomic","env_cov_burkholderiaceae_20130601_20170101"
"20130601","20170101","Legacy + 1 year current methods","env_cycl",TRUE,TRUE,"family_bac","burkholderiaceae","Taxonomic","env_cycl_burkholderiaceae_20130601_20170101"
"20130601","20180101","Legacy with covariate 2013-2018","cycl_only",TRUE,TRUE,"family_bac","burkholderiaceae","Taxonomic","cycl_only_burkholderiaceae_20130601_20180101"
"20130601","20180101","Legacy with covariate 2013-2018","env_cov",TRUE,TRUE,"family_bac","burkholderiaceae","Taxonomic","env_cov_burkholderiaceae_20130601_20180101"
"20130601","20180101","Legacy with covariate 2013-2018","env_cycl",TRUE,TRUE,"family_bac","burkholderiaceae","Taxonomic","env_cycl_burkholderiaceae_20130601_20180101"
"20151101","20180101","2 year current methods","cycl_only",TRUE,TRUE,"family_bac","burkholderiaceae","Taxonomic","cycl_only_burkholderiaceae_20151101_20180101"
"20151101","20180101","2 year current methods","env_cov",TRUE,TRUE,"family_bac","burkholderiaceae","Taxonomic","env_cov_burkholderiaceae_20151101_20180101"
"20151101","20180101","2 year current methods","env_cycl",TRUE,TRUE,"family_bac","burkholderiaceae","Taxonomic","env_cycl_burkholderiaceae_20151101_20180101"
"20151101","20180101","Legacy with covariate 2013-2018","cycl_only",TRUE,TRUE,"family_bac","burkholderiaceae","Taxonomic","cycl_only_burkholderiaceae_20130601_20180101"
"20151101","20180101","Legacy with covariate 2013-2018","env_cov",TRUE,TRUE,"family_bac","burkholderiaceae","Taxonomic","env_cov_burkholderiaceae_20130601_20180101"
"20151101","20180101","Legacy with covariate 2013-2018","env_cycl",TRUE,TRUE,"family_bac","burkholderiaceae","Taxonomic","env_cycl_burkholderiaceae_20130601_20180101"
"20151101","20200101","Full dataset","cycl_only",TRUE,TRUE,"family_bac","burkholderiaceae","Taxonomic","cycl_only_burkholderiaceae_20151101_20200101"
"20151101","20200101","Full dataset","env_cov",TRUE,TRUE,"family_bac","burkholderiaceae","Taxonomic","env_cov_burkholderiaceae_20151101_20200101"
"20151101","20200101","Full dataset","env_cycl",TRUE,TRUE,"family_bac","burkholderiaceae","Taxonomic","env_cycl_burkholderiaceae_20151101_20200101"
"20130601","20151101","Legacy only","cycl_only",TRUE,TRUE,"family_bac","caulobacteraceae","Taxonomic","cycl_only_caulobacteraceae_20130601_20151101"
"20130601","20151101","Legacy only","env_cov",TRUE,TRUE,"family_bac","caulobacteraceae","Taxonomic","env_cov_caulobacteraceae_20130601_20151101"
"20130601","20151101","Legacy only","env_cycl",TRUE,TRUE,"family_bac","caulobacteraceae","Taxonomic","env_cycl_caulobacteraceae_20130601_20151101"
"20130601","20170101","Legacy + 1 year current methods","cycl_only",TRUE,TRUE,"family_bac","caulobacteraceae","Taxonomic","cycl_only_caulobacteraceae_20130601_20170101"
"20130601","20170101","Legacy + 1 year current methods","env_cov",TRUE,TRUE,"family_bac","caulobacteraceae","Taxonomic","env_cov_caulobacteraceae_20130601_20170101"
"20130601","20170101","Legacy + 1 year current methods","env_cycl",TRUE,TRUE,"family_bac","caulobacteraceae","Taxonomic","env_cycl_caulobacteraceae_20130601_20170101"
"20130601","20180101","Legacy with covariate 2013-2018","cycl_only",TRUE,TRUE,"family_bac","caulobacteraceae","Taxonomic","cycl_only_caulobacteraceae_20130601_20180101"
"20130601","20180101","Legacy with covariate 2013-2018","env_cov",TRUE,TRUE,"family_bac","caulobacteraceae","Taxonomic","env_cov_caulobacteraceae_20130601_20180101"
"20130601","20180101","Legacy with covariate 2013-2018","env_cycl",TRUE,TRUE,"family_bac","caulobacteraceae","Taxonomic","env_cycl_caulobacteraceae_20130601_20180101"
"20151101","20180101","2 year current methods","cycl_only",TRUE,TRUE,"family_bac","caulobacteraceae","Taxonomic","cycl_only_caulobacteraceae_20151101_20180101"
"20151101","20180101","2 year current methods","env_cov",TRUE,TRUE,"family_bac","caulobacteraceae","Taxonomic","env_cov_caulobacteraceae_20151101_20180101"
"20151101","20180101","2 year current methods","env_cycl",TRUE,TRUE,"family_bac","caulobacteraceae","Taxonomic","env_cycl_caulobacteraceae_20151101_20180101"
"20151101","20180101","Legacy with covariate 2013-2018","cycl_only",TRUE,TRUE,"family_bac","caulobacteraceae","Taxonomic","cycl_only_caulobacteraceae_20130601_20180101"
"20151101","20180101","Legacy with covariate 2013-2018","env_cov",TRUE,TRUE,"family_bac","caulobacteraceae","Taxonomic","env_cov_caulobacteraceae_20130601_20180101"
"20151101","20180101","Legacy with covariate 2013-2018","env_cycl",TRUE,TRUE,"family_bac","caulobacteraceae","Taxonomic","env_cycl_caulobacteraceae_20130601_20180101"
"20151101","20200101","Full dataset","cycl_only",TRUE,TRUE,"family_bac","caulobacteraceae","Taxonomic","cycl_only_caulobacteraceae_20151101_20200101"
"20151101","20200101","Full dataset","env_cov",TRUE,TRUE,"family_bac","caulobacteraceae","Taxonomic","env_cov_caulobacteraceae_20151101_20200101"
"20151101","20200101","Full dataset","env_cycl",TRUE,TRUE,"family_bac","caulobacteraceae","Taxonomic","env_cycl_caulobacteraceae_20151101_20200101"
"20130601","20151101","Legacy only","cycl_only",TRUE,TRUE,"family_bac","chitinophagaceae","Taxonomic","cycl_only_chitinophagaceae_20130601_20151101"
"20130601","20151101","Legacy only","env_cov",TRUE,TRUE,"family_bac","chitinophagaceae","Taxonomic","env_cov_chitinophagaceae_20130601_20151101"
"20130601","20151101","Legacy only","env_cycl",TRUE,TRUE,"family_bac","chitinophagaceae","Taxonomic","env_cycl_chitinophagaceae_20130601_20151101"
"20130601","20170101","Legacy + 1 year current methods","cycl_only",TRUE,TRUE,"family_bac","chitinophagaceae","Taxonomic","cycl_only_chitinophagaceae_20130601_20170101"
"20130601","20170101","Legacy + 1 year current methods","env_cov",TRUE,TRUE,"family_bac","chitinophagaceae","Taxonomic","env_cov_chitinophagaceae_20130601_20170101"
"20130601","20170101","Legacy + 1 year current methods","env_cycl",TRUE,TRUE,"family_bac","chitinophagaceae","Taxonomic","env_cycl_chitinophagaceae_20130601_20170101"
"20130601","20180101","Legacy with covariate 2013-2018","cycl_only",TRUE,TRUE,"family_bac","chitinophagaceae","Taxonomic","cycl_only_chitinophagaceae_20130601_20180101"
"20130601","20180101","Legacy with covariate 2013-2018","env_cov",TRUE,TRUE,"family_bac","chitinophagaceae","Taxonomic","env_cov_chitinophagaceae_20130601_20180101"
"20130601","20180101","Legacy with covariate 2013-2018","env_cycl",TRUE,TRUE,"family_bac","chitinophagaceae","Taxonomic","env_cycl_chitinophagaceae_20130601_20180101"
"20151101","20180101","2 year current methods","cycl_only",TRUE,TRUE,"family_bac","chitinophagaceae","Taxonomic","cycl_only_chitinophagaceae_20151101_20180101"
"20151101","20180101","2 year current methods","env_cov",TRUE,TRUE,"family_bac","chitinophagaceae","Taxonomic","env_cov_chitinophagaceae_20151101_20180101"
"20151101","20180101","2 year current methods","env_cycl",TRUE,TRUE,"family_bac","chitinophagaceae","Taxonomic","env_cycl_chitinophagaceae_20151101_20180101"
"20151101","20180101","Legacy with covariate 2013-2018","cycl_only",TRUE,TRUE,"family_bac","chitinophagaceae","Taxonomic","cycl_only_chitinophagaceae_20130601_20180101"
"20151101","20180101","Legacy with covariate 2013-2018","env_cov",TRUE,TRUE,"family_bac","chitinophagaceae","Taxonomic","env_cov_chitinophagaceae_20130601_20180101"
"20151101","20180101","Legacy with covariate 2013-2018","env_cycl",TRUE,TRUE,"family_bac","chitinophagaceae","Taxonomic","env_cycl_chitinophagaceae_20130601_20180101"
"20151101","20200101","Full dataset","cycl_only",TRUE,TRUE,"family_bac","chitinophagaceae","Taxonomic","cycl_only_chitinophagaceae_20151101_20200101"
"20151101","20200101","Full dataset","env_cov",TRUE,TRUE,"family_bac","chitinophagaceae","Taxonomic","env_cov_chitinophagaceae_20151101_20200101"
"20151101","20200101","Full dataset","env_cycl",TRUE,TRUE,"family_bac","chitinophagaceae","Taxonomic","env_cycl_chitinophagaceae_20151101_20200101"
"20130601","20151101","Legacy only","cycl_only",TRUE,TRUE,"family_bac","chthoniobacteraceae","Taxonomic","cycl_only_chthoniobacteraceae_20130601_20151101"
"20130601","20151101","Legacy only","env_cov",TRUE,TRUE,"family_bac","chthoniobacteraceae","Taxonomic","env_cov_chthoniobacteraceae_20130601_20151101"
"20130601","20151101","Legacy only","env_cycl",TRUE,TRUE,"family_bac","chthoniobacteraceae","Taxonomic","env_cycl_chthoniobacteraceae_20130601_20151101"
"20130601","20170101","Legacy + 1 year current methods","cycl_only",TRUE,TRUE,"family_bac","chthoniobacteraceae","Taxonomic","cycl_only_chthoniobacteraceae_20130601_20170101"
"20130601","20170101","Legacy + 1 year current methods","env_cov",TRUE,TRUE,"family_bac","chthoniobacteraceae","Taxonomic","env_cov_chthoniobacteraceae_20130601_20170101"
"20130601","20170101","Legacy + 1 year current methods","env_cycl",TRUE,TRUE,"family_bac","chthoniobacteraceae","Taxonomic","env_cycl_chthoniobacteraceae_20130601_20170101"
"20130601","20180101","Legacy with covariate 2013-2018","cycl_only",TRUE,TRUE,"family_bac","chthoniobacteraceae","Taxonomic","cycl_only_chthoniobacteraceae_20130601_20180101"
"20130601","20180101","Legacy with covariate 2013-2018","env_cov",TRUE,TRUE,"family_bac","chthoniobacteraceae","Taxonomic","env_cov_chthoniobacteraceae_20130601_20180101"
"20130601","20180101","Legacy with covariate 2013-2018","env_cycl",TRUE,TRUE,"family_bac","chthoniobacteraceae","Taxonomic","env_cycl_chthoniobacteraceae_20130601_20180101"
"20151101","20180101","2 year current methods","cycl_only",TRUE,TRUE,"family_bac","chthoniobacteraceae","Taxonomic","cycl_only_chthoniobacteraceae_20151101_20180101"
"20151101","20180101","2 year current methods","env_cov",TRUE,TRUE,"family_bac","chthoniobacteraceae","Taxonomic","env_cov_chthoniobacteraceae_20151101_20180101"
"20151101","20180101","2 year current methods","env_cycl",TRUE,TRUE,"family_bac","chthoniobacteraceae","Taxonomic","env_cycl_chthoniobacteraceae_20151101_20180101"
"20151101","20180101","Legacy with covariate 2013-2018","cycl_only",TRUE,TRUE,"family_bac","chthoniobacteraceae","Taxonomic","cycl_only_chthoniobacteraceae_20130601_20180101"
"20151101","20180101","Legacy with covariate 2013-2018","env_cov",TRUE,TRUE,"family_bac","chthoniobacteraceae","Taxonomic","env_cov_chthoniobacteraceae_20130601_20180101"
"20151101","20180101","Legacy with covariate 2013-2018","env_cycl",TRUE,TRUE,"family_bac","chthoniobacteraceae","Taxonomic","env_cycl_chthoniobacteraceae_20130601_20180101"
"20151101","20200101","Full dataset","cycl_only",TRUE,TRUE,"family_bac","chthoniobacteraceae","Taxonomic","cycl_only_chthoniobacteraceae_20151101_20200101"
"20151101","20200101","Full dataset","env_cov",TRUE,TRUE,"family_bac","chthoniobacteraceae","Taxonomic","env_cov_chthoniobacteraceae_20151101_20200101"
"20151101","20200101","Full dataset","env_cycl",TRUE,TRUE,"family_bac","chthoniobacteraceae","Taxonomic","env_cycl_chthoniobacteraceae_20151101_20200101"
"20130601","20151101","Legacy only","cycl_only",TRUE,TRUE,"family_bac","gaiellaceae","Taxonomic","cycl_only_gaiellaceae_20130601_20151101"
"20130601","20151101","Legacy only","env_cov",TRUE,TRUE,"family_bac","gaiellaceae","Taxonomic","env_cov_gaiellaceae_20130601_20151101"
"20130601","20151101","Legacy only","env_cycl",TRUE,TRUE,"family_bac","gaiellaceae","Taxonomic","env_cycl_gaiellaceae_20130601_20151101"
"20130601","20170101","Legacy + 1 year current methods","cycl_only",TRUE,TRUE,"family_bac","gaiellaceae","Taxonomic","cycl_only_gaiellaceae_20130601_20170101"
"20130601","20170101","Legacy + 1 year current methods","env_cov",TRUE,TRUE,"family_bac","gaiellaceae","Taxonomic","env_cov_gaiellaceae_20130601_20170101"
"20130601","20170101","Legacy + 1 year current methods","env_cycl",TRUE,TRUE,"family_bac","gaiellaceae","Taxonomic","env_cycl_gaiellaceae_20130601_20170101"
"20130601","20180101","Legacy with covariate 2013-2018","cycl_only",TRUE,TRUE,"family_bac","gaiellaceae","Taxonomic","cycl_only_gaiellaceae_20130601_20180101"
"20130601","20180101","Legacy with covariate 2013-2018","env_cov",TRUE,TRUE,"family_bac","gaiellaceae","Taxonomic","env_cov_gaiellaceae_20130601_20180101"
"20130601","20180101","Legacy with covariate 2013-2018","env_cycl",TRUE,TRUE,"family_bac","gaiellaceae","Taxonomic","env_cycl_gaiellaceae_20130601_20180101"
"20151101","20180101","2 year current methods","cycl_only",TRUE,TRUE,"family_bac","gaiellaceae","Taxonomic","cycl_only_gaiellaceae_20151101_20180101"
"20151101","20180101","2 year current methods","env_cov",TRUE,TRUE,"family_bac","gaiellaceae","Taxonomic","env_cov_gaiellaceae_20151101_20180101"
"20151101","20180101","2 year current methods","env_cycl",TRUE,TRUE,"family_bac","gaiellaceae","Taxonomic","env_cycl_gaiellaceae_20151101_20180101"
"20151101","20180101","Legacy with covariate 2013-2018","cycl_only",TRUE,TRUE,"family_bac","gaiellaceae","Taxonomic","cycl_only_gaiellaceae_20130601_20180101"
"20151101","20180101","Legacy with covariate 2013-2018","env_cov",TRUE,TRUE,"family_bac","gaiellaceae","Taxonomic","env_cov_gaiellaceae_20130601_20180101"
"20151101","20180101","Legacy with covariate 2013-2018","env_cycl",TRUE,TRUE,"family_bac","gaiellaceae","Taxonomic","env_cycl_gaiellaceae_20130601_20180101"
"20151101","20200101","Full dataset","cycl_only",TRUE,TRUE,"family_bac","gaiellaceae","Taxonomic","cycl_only_gaiellaceae_20151101_20200101"
"20151101","20200101","Full dataset","env_cov",TRUE,TRUE,"family_bac","gaiellaceae","Taxonomic","env_cov_gaiellaceae_20151101_20200101"
"20151101","20200101","Full dataset","env_cycl",TRUE,TRUE,"family_bac","gaiellaceae","Taxonomic","env_cycl_gaiellaceae_20151101_20200101"
"20130601","20151101","Legacy only","cycl_only",TRUE,TRUE,"family_bac","gemmatimonadaceae","Taxonomic","cycl_only_gemmatimonadaceae_20130601_20151101"
"20130601","20151101","Legacy only","env_cov",TRUE,TRUE,"family_bac","gemmatimonadaceae","Taxonomic","env_cov_gemmatimonadaceae_20130601_20151101"
"20130601","20151101","Legacy only","env_cycl",TRUE,TRUE,"family_bac","gemmatimonadaceae","Taxonomic","env_cycl_gemmatimonadaceae_20130601_20151101"
"20130601","20170101","Legacy + 1 year current methods","cycl_only",TRUE,TRUE,"family_bac","gemmatimonadaceae","Taxonomic","cycl_only_gemmatimonadaceae_20130601_20170101"
"20130601","20170101","Legacy + 1 year current methods","env_cov",TRUE,TRUE,"family_bac","gemmatimonadaceae","Taxonomic","env_cov_gemmatimonadaceae_20130601_20170101"
"20130601","20170101","Legacy + 1 year current methods","env_cycl",TRUE,TRUE,"family_bac","gemmatimonadaceae","Taxonomic","env_cycl_gemmatimonadaceae_20130601_20170101"
"20130601","20180101","Legacy with covariate 2013-2018","cycl_only",TRUE,TRUE,"family_bac","gemmatimonadaceae","Taxonomic","cycl_only_gemmatimonadaceae_20130601_20180101"
"20130601","20180101","Legacy with covariate 2013-2018","env_cov",TRUE,TRUE,"family_bac","gemmatimonadaceae","Taxonomic","env_cov_gemmatimonadaceae_20130601_20180101"
"20130601","20180101","Legacy with covariate 2013-2018","env_cycl",TRUE,TRUE,"family_bac","gemmatimonadaceae","Taxonomic","env_cycl_gemmatimonadaceae_20130601_20180101"
"20151101","20180101","2 year current methods","cycl_only",TRUE,TRUE,"family_bac","gemmatimonadaceae","Taxonomic","cycl_only_gemmatimonadaceae_20151101_20180101"
"20151101","20180101","2 year current methods","env_cov",TRUE,TRUE,"family_bac","gemmatimonadaceae","Taxonomic","env_cov_gemmatimonadaceae_20151101_20180101"
"20151101","20180101","2 year current methods","env_cycl",TRUE,TRUE,"family_bac","gemmatimonadaceae","Taxonomic","env_cycl_gemmatimonadaceae_20151101_20180101"
"20151101","20180101","Legacy with covariate 2013-2018","cycl_only",TRUE,TRUE,"family_bac","gemmatimonadaceae","Taxonomic","cycl_only_gemmatimonadaceae_20130601_20180101"
"20151101","20180101","Legacy with covariate 2013-2018","env_cov",TRUE,TRUE,"family_bac","gemmatimonadaceae","Taxonomic","env_cov_gemmatimonadaceae_20130601_20180101"
"20151101","20180101","Legacy with covariate 2013-2018","env_cycl",TRUE,TRUE,"family_bac","gemmatimonadaceae","Taxonomic","env_cycl_gemmatimonadaceae_20130601_20180101"
"20151101","20200101","Full dataset","cycl_only",TRUE,TRUE,"family_bac","gemmatimonadaceae","Taxonomic","cycl_only_gemmatimonadaceae_20151101_20200101"
"20151101","20200101","Full dataset","env_cov",TRUE,TRUE,"family_bac","gemmatimonadaceae","Taxonomic","env_cov_gemmatimonadaceae_20151101_20200101"
"20151101","20200101","Full dataset","env_cycl",TRUE,TRUE,"family_bac","gemmatimonadaceae","Taxonomic","env_cycl_gemmatimonadaceae_20151101_20200101"
"20130601","20151101","Legacy only","cycl_only",TRUE,TRUE,"family_bac","mycobacteriaceae","Taxonomic","cycl_only_mycobacteriaceae_20130601_20151101"
"20130601","20151101","Legacy only","env_cov",TRUE,TRUE,"family_bac","mycobacteriaceae","Taxonomic","env_cov_mycobacteriaceae_20130601_20151101"
"20130601","20151101","Legacy only","env_cycl",TRUE,TRUE,"family_bac","mycobacteriaceae","Taxonomic","env_cycl_mycobacteriaceae_20130601_20151101"
"20130601","20170101","Legacy + 1 year current methods","cycl_only",TRUE,TRUE,"family_bac","mycobacteriaceae","Taxonomic","cycl_only_mycobacteriaceae_20130601_20170101"
"20130601","20170101","Legacy + 1 year current methods","env_cov",TRUE,TRUE,"family_bac","mycobacteriaceae","Taxonomic","env_cov_mycobacteriaceae_20130601_20170101"
"20130601","20170101","Legacy + 1 year current methods","env_cycl",TRUE,TRUE,"family_bac","mycobacteriaceae","Taxonomic","env_cycl_mycobacteriaceae_20130601_20170101"
"20130601","20180101","Legacy with covariate 2013-2018","cycl_only",TRUE,TRUE,"family_bac","mycobacteriaceae","Taxonomic","cycl_only_mycobacteriaceae_20130601_20180101"
"20130601","20180101","Legacy with covariate 2013-2018","env_cov",TRUE,TRUE,"family_bac","mycobacteriaceae","Taxonomic","env_cov_mycobacteriaceae_20130601_20180101"
"20130601","20180101","Legacy with covariate 2013-2018","env_cycl",TRUE,TRUE,"family_bac","mycobacteriaceae","Taxonomic","env_cycl_mycobacteriaceae_20130601_20180101"
"20151101","20180101","2 year current methods","cycl_only",TRUE,TRUE,"family_bac","mycobacteriaceae","Taxonomic","cycl_only_mycobacteriaceae_20151101_20180101"
"20151101","20180101","2 year current methods","env_cov",TRUE,TRUE,"family_bac","mycobacteriaceae","Taxonomic","env_cov_mycobacteriaceae_20151101_20180101"
"20151101","20180101","2 year current methods","env_cycl",TRUE,TRUE,"family_bac","mycobacteriaceae","Taxonomic","env_cycl_mycobacteriaceae_20151101_20180101"
"20151101","20180101","Legacy with covariate 2013-2018","cycl_only",TRUE,TRUE,"family_bac","mycobacteriaceae","Taxonomic","cycl_only_mycobacteriaceae_20130601_20180101"
"20151101","20180101","Legacy with covariate 2013-2018","env_cov",TRUE,TRUE,"family_bac","mycobacteriaceae","Taxonomic","env_cov_mycobacteriaceae_20130601_20180101"
"20151101","20180101","Legacy with covariate 2013-2018","env_cycl",TRUE,TRUE,"family_bac","mycobacteriaceae","Taxonomic","env_cycl_mycobacteriaceae_20130601_20180101"
"20151101","20200101","Full dataset","cycl_only",TRUE,TRUE,"family_bac","mycobacteriaceae","Taxonomic","cycl_only_mycobacteriaceae_20151101_20200101"
"20151101","20200101","Full dataset","env_cov",TRUE,TRUE,"family_bac","mycobacteriaceae","Taxonomic","env_cov_mycobacteriaceae_20151101_20200101"
"20151101","20200101","Full dataset","env_cycl",TRUE,TRUE,"family_bac","mycobacteriaceae","Taxonomic","env_cycl_mycobacteriaceae_20151101_20200101"
"20130601","20151101","Legacy only","cycl_only",TRUE,TRUE,"family_bac","nitrosomonadaceae","Taxonomic","cycl_only_nitrosomonadaceae_20130601_20151101"
"20130601","20151101","Legacy only","env_cov",TRUE,TRUE,"family_bac","nitrosomonadaceae","Taxonomic","env_cov_nitrosomonadaceae_20130601_20151101"
"20130601","20151101","Legacy only","env_cycl",TRUE,TRUE,"family_bac","nitrosomonadaceae","Taxonomic","env_cycl_nitrosomonadaceae_20130601_20151101"
"20130601","20170101","Legacy + 1 year current methods","cycl_only",TRUE,TRUE,"family_bac","nitrosomonadaceae","Taxonomic","cycl_only_nitrosomonadaceae_20130601_20170101"
"20130601","20170101","Legacy + 1 year current methods","env_cov",TRUE,TRUE,"family_bac","nitrosomonadaceae","Taxonomic","env_cov_nitrosomonadaceae_20130601_20170101"
"20130601","20170101","Legacy + 1 year current methods","env_cycl",TRUE,TRUE,"family_bac","nitrosomonadaceae","Taxonomic","env_cycl_nitrosomonadaceae_20130601_20170101"
"20130601","20180101","Legacy with covariate 2013-2018","cycl_only",TRUE,TRUE,"family_bac","nitrosomonadaceae","Taxonomic","cycl_only_nitrosomonadaceae_20130601_20180101"
"20130601","20180101","Legacy with covariate 2013-2018","env_cov",TRUE,TRUE,"family_bac","nitrosomonadaceae","Taxonomic","env_cov_nitrosomonadaceae_20130601_20180101"
"20130601","20180101","Legacy with covariate 2013-2018","env_cycl",TRUE,TRUE,"family_bac","nitrosomonadaceae","Taxonomic","env_cycl_nitrosomonadaceae_20130601_20180101"
"20151101","20180101","2 year current methods","cycl_only",TRUE,TRUE,"family_bac","nitrosomonadaceae","Taxonomic","cycl_only_nitrosomonadaceae_20151101_20180101"
"20151101","20180101","2 year current methods","env_cov",TRUE,TRUE,"family_bac","nitrosomonadaceae","Taxonomic","env_cov_nitrosomonadaceae_20151101_20180101"
"20151101","20180101","2 year current methods","env_cycl",TRUE,TRUE,"family_bac","nitrosomonadaceae","Taxonomic","env_cycl_nitrosomonadaceae_20151101_20180101"
"20151101","20180101","Legacy with covariate 2013-2018","cycl_only",TRUE,TRUE,"family_bac","nitrosomonadaceae","Taxonomic","cycl_only_nitrosomonadaceae_20130601_20180101"
"20151101","20180101","Legacy with covariate 2013-2018","env_cov",TRUE,TRUE,"family_bac","nitrosomonadaceae","Taxonomic","env_cov_nitrosomonadaceae_20130601_20180101"
"20151101","20180101","Legacy with covariate 2013-2018","env_cycl",TRUE,TRUE,"family_bac","nitrosomonadaceae","Taxonomic","env_cycl_nitrosomonadaceae_20130601_20180101"
"20151101","20200101","Full dataset","cycl_only",TRUE,TRUE,"family_bac","nitrosomonadaceae","Taxonomic","cycl_only_nitrosomonadaceae_20151101_20200101"
"20151101","20200101","Full dataset","env_cov",TRUE,TRUE,"family_bac","nitrosomonadaceae","Taxonomic","env_cov_nitrosomonadaceae_20151101_20200101"
"20151101","20200101","Full dataset","env_cycl",TRUE,TRUE,"family_bac","nitrosomonadaceae","Taxonomic","env_cycl_nitrosomonadaceae_20151101_20200101"
"20130601","20151101","Legacy only","cycl_only",TRUE,TRUE,"family_bac","pedosphaeraceae","Taxonomic","cycl_only_pedosphaeraceae_20130601_20151101"
"20130601","20151101","Legacy only","env_cov",TRUE,TRUE,"family_bac","pedosphaeraceae","Taxonomic","env_cov_pedosphaeraceae_20130601_20151101"
"20130601","20151101","Legacy only","env_cycl",TRUE,TRUE,"family_bac","pedosphaeraceae","Taxonomic","env_cycl_pedosphaeraceae_20130601_20151101"
"20130601","20170101","Legacy + 1 year current methods","cycl_only",TRUE,TRUE,"family_bac","pedosphaeraceae","Taxonomic","cycl_only_pedosphaeraceae_20130601_20170101"
"20130601","20170101","Legacy + 1 year current methods","env_cov",TRUE,TRUE,"family_bac","pedosphaeraceae","Taxonomic","env_cov_pedosphaeraceae_20130601_20170101"
"20130601","20170101","Legacy + 1 year current methods","env_cycl",TRUE,TRUE,"family_bac","pedosphaeraceae","Taxonomic","env_cycl_pedosphaeraceae_20130601_20170101"
"20130601","20180101","Legacy with covariate 2013-2018","cycl_only",TRUE,TRUE,"family_bac","pedosphaeraceae","Taxonomic","cycl_only_pedosphaeraceae_20130601_20180101"
"20130601","20180101","Legacy with covariate 2013-2018","env_cov",TRUE,TRUE,"family_bac","pedosphaeraceae","Taxonomic","env_cov_pedosphaeraceae_20130601_20180101"
"20130601","20180101","Legacy with covariate 2013-2018","env_cycl",TRUE,TRUE,"family_bac","pedosphaeraceae","Taxonomic","env_cycl_pedosphaeraceae_20130601_20180101"
"20151101","20180101","2 year current methods","cycl_only",TRUE,TRUE,"family_bac","pedosphaeraceae","Taxonomic","cycl_only_pedosphaeraceae_20151101_20180101"
"20151101","20180101","2 year current methods","env_cov",TRUE,TRUE,"family_bac","pedosphaeraceae","Taxonomic","env_cov_pedosphaeraceae_20151101_20180101"
"20151101","20180101","2 year current methods","env_cycl",TRUE,TRUE,"family_bac","pedosphaeraceae","Taxonomic","env_cycl_pedosphaeraceae_20151101_20180101"
"20151101","20180101","Legacy with covariate 2013-2018","cycl_only",TRUE,TRUE,"family_bac","pedosphaeraceae","Taxonomic","cycl_only_pedosphaeraceae_20130601_20180101"
"20151101","20180101","Legacy with covariate 2013-2018","env_cov",TRUE,TRUE,"family_bac","pedosphaeraceae","Taxonomic","env_cov_pedosphaeraceae_20130601_20180101"
"20151101","20180101","Legacy with covariate 2013-2018","env_cycl",TRUE,TRUE,"family_bac","pedosphaeraceae","Taxonomic","env_cycl_pedosphaeraceae_20130601_20180101"
"20151101","20200101","Full dataset","cycl_only",TRUE,TRUE,"family_bac","pedosphaeraceae","Taxonomic","cycl_only_pedosphaeraceae_20151101_20200101"
"20151101","20200101","Full dataset","env_cov",TRUE,TRUE,"family_bac","pedosphaeraceae","Taxonomic","env_cov_pedosphaeraceae_20151101_20200101"
"20151101","20200101","Full dataset","env_cycl",TRUE,TRUE,"family_bac","pedosphaeraceae","Taxonomic","env_cycl_pedosphaeraceae_20151101_20200101"
"20130601","20151101","Legacy only","cycl_only",TRUE,TRUE,"family_bac","pyrinomonadaceae","Taxonomic","cycl_only_pyrinomonadaceae_20130601_20151101"
"20130601","20151101","Legacy only","env_cov",TRUE,TRUE,"family_bac","pyrinomonadaceae","Taxonomic","env_cov_pyrinomonadaceae_20130601_20151101"
"20130601","20151101","Legacy only","env_cycl",TRUE,TRUE,"family_bac","pyrinomonadaceae","Taxonomic","env_cycl_pyrinomonadaceae_20130601_20151101"
"20130601","20170101","Legacy + 1 year current methods","cycl_only",TRUE,TRUE,"family_bac","pyrinomonadaceae","Taxonomic","cycl_only_pyrinomonadaceae_20130601_20170101"
"20130601","20170101","Legacy + 1 year current methods","env_cov",TRUE,TRUE,"family_bac","pyrinomonadaceae","Taxonomic","env_cov_pyrinomonadaceae_20130601_20170101"
"20130601","20170101","Legacy + 1 year current methods","env_cycl",TRUE,TRUE,"family_bac","pyrinomonadaceae","Taxonomic","env_cycl_pyrinomonadaceae_20130601_20170101"
"20130601","20180101","Legacy with covariate 2013-2018","cycl_only",TRUE,TRUE,"family_bac","pyrinomonadaceae","Taxonomic","cycl_only_pyrinomonadaceae_20130601_20180101"
"20130601","20180101","Legacy with covariate 2013-2018","env_cov",TRUE,TRUE,"family_bac","pyrinomonadaceae","Taxonomic","env_cov_pyrinomonadaceae_20130601_20180101"
"20130601","20180101","Legacy with covariate 2013-2018","env_cycl",TRUE,TRUE,"family_bac","pyrinomonadaceae","Taxonomic","env_cycl_pyrinomonadaceae_20130601_20180101"
"20151101","20180101","2 year current methods","cycl_only",TRUE,TRUE,"family_bac","pyrinomonadaceae","Taxonomic","cycl_only_pyrinomonadaceae_20151101_20180101"
"20151101","20180101","2 year current methods","env_cov",TRUE,TRUE,"family_bac","pyrinomonadaceae","Taxonomic","env_cov_pyrinomonadaceae_20151101_20180101"
"20151101","20180101","2 year current methods","env_cycl",TRUE,TRUE,"family_bac","pyrinomonadaceae","Taxonomic","env_cycl_pyrinomonadaceae_20151101_20180101"
"20151101","20180101","Legacy with covariate 2013-2018","cycl_only",TRUE,TRUE,"family_bac","pyrinomonadaceae","Taxonomic","cycl_only_pyrinomonadaceae_20130601_20180101"
"20151101","20180101","Legacy with covariate 2013-2018","env_cov",TRUE,TRUE,"family_bac","pyrinomonadaceae","Taxonomic","env_cov_pyrinomonadaceae_20130601_20180101"
"20151101","20180101","Legacy with covariate 2013-2018","env_cycl",TRUE,TRUE,"family_bac","pyrinomonadaceae","Taxonomic","env_cycl_pyrinomonadaceae_20130601_20180101"
"20151101","20200101","Full dataset","cycl_only",TRUE,TRUE,"family_bac","pyrinomonadaceae","Taxonomic","cycl_only_pyrinomonadaceae_20151101_20200101"
"20151101","20200101","Full dataset","env_cov",TRUE,TRUE,"family_bac","pyrinomonadaceae","Taxonomic","env_cov_pyrinomonadaceae_20151101_20200101"
"20151101","20200101","Full dataset","env_cycl",TRUE,TRUE,"family_bac","pyrinomonadaceae","Taxonomic","env_cycl_pyrinomonadaceae_20151101_20200101"
"20130601","20151101","Legacy only","cycl_only",TRUE,TRUE,"family_bac","reyranellaceae","Taxonomic","cycl_only_reyranellaceae_20130601_20151101"
"20130601","20151101","Legacy only","env_cov",TRUE,TRUE,"family_bac","reyranellaceae","Taxonomic","env_cov_reyranellaceae_20130601_20151101"
"20130601","20151101","Legacy only","env_cycl",TRUE,TRUE,"family_bac","reyranellaceae","Taxonomic","env_cycl_reyranellaceae_20130601_20151101"
"20130601","20170101","Legacy + 1 year current methods","cycl_only",TRUE,TRUE,"family_bac","reyranellaceae","Taxonomic","cycl_only_reyranellaceae_20130601_20170101"
"20130601","20170101","Legacy + 1 year current methods","env_cov",TRUE,TRUE,"family_bac","reyranellaceae","Taxonomic","env_cov_reyranellaceae_20130601_20170101"
"20130601","20170101","Legacy + 1 year current methods","env_cycl",TRUE,TRUE,"family_bac","reyranellaceae","Taxonomic","env_cycl_reyranellaceae_20130601_20170101"
"20130601","20180101","Legacy with covariate 2013-2018","cycl_only",TRUE,TRUE,"family_bac","reyranellaceae","Taxonomic","cycl_only_reyranellaceae_20130601_20180101"
"20130601","20180101","Legacy with covariate 2013-2018","env_cov",TRUE,TRUE,"family_bac","reyranellaceae","Taxonomic","env_cov_reyranellaceae_20130601_20180101"
"20130601","20180101","Legacy with covariate 2013-2018","env_cycl",TRUE,TRUE,"family_bac","reyranellaceae","Taxonomic","env_cycl_reyranellaceae_20130601_20180101"
"20151101","20180101","2 year current methods","cycl_only",TRUE,TRUE,"family_bac","reyranellaceae","Taxonomic","cycl_only_reyranellaceae_20151101_20180101"
"20151101","20180101","2 year current methods","env_cov",TRUE,TRUE,"family_bac","reyranellaceae","Taxonomic","env_cov_reyranellaceae_20151101_20180101"
"20151101","20180101","2 year current methods","env_cycl",TRUE,TRUE,"family_bac","reyranellaceae","Taxonomic","env_cycl_reyranellaceae_20151101_20180101"
"20151101","20180101","Legacy with covariate 2013-2018","cycl_only",TRUE,TRUE,"family_bac","reyranellaceae","Taxonomic","cycl_only_reyranellaceae_20130601_20180101"
"20151101","20180101","Legacy with covariate 2013-2018","env_cov",TRUE,TRUE,"family_bac","reyranellaceae","Taxonomic","env_cov_reyranellaceae_20130601_20180101"
"20151101","20180101","Legacy with covariate 2013-2018","env_cycl",TRUE,TRUE,"family_bac","reyranellaceae","Taxonomic","env_cycl_reyranellaceae_20130601_20180101"
"20151101","20200101","Full dataset","cycl_only",TRUE,TRUE,"family_bac","reyranellaceae","Taxonomic","cycl_only_reyranellaceae_20151101_20200101"
"20151101","20200101","Full dataset","env_cov",TRUE,TRUE,"family_bac","reyranellaceae","Taxonomic","env_cov_reyranellaceae_20151101_20200101"
"20151101","20200101","Full dataset","env_cycl",TRUE,TRUE,"family_bac","reyranellaceae","Taxonomic","env_cycl_reyranellaceae_20151101_20200101"
"20130601","20151101","Legacy only","cycl_only",TRUE,TRUE,"family_bac","solibacteraceae","Taxonomic","cycl_only_solibacteraceae_20130601_20151101"
"20130601","20151101","Legacy only","env_cov",TRUE,TRUE,"family_bac","solibacteraceae","Taxonomic","env_cov_solibacteraceae_20130601_20151101"
"20130601","20151101","Legacy only","env_cycl",TRUE,TRUE,"family_bac","solibacteraceae","Taxonomic","env_cycl_solibacteraceae_20130601_20151101"
"20130601","20170101","Legacy + 1 year current methods","cycl_only",TRUE,TRUE,"family_bac","solibacteraceae","Taxonomic","cycl_only_solibacteraceae_20130601_20170101"
"20130601","20170101","Legacy + 1 year current methods","env_cov",TRUE,TRUE,"family_bac","solibacteraceae","Taxonomic","env_cov_solibacteraceae_20130601_20170101"
"20130601","20170101","Legacy + 1 year current methods","env_cycl",TRUE,TRUE,"family_bac","solibacteraceae","Taxonomic","env_cycl_solibacteraceae_20130601_20170101"
"20130601","20180101","Legacy with covariate 2013-2018","cycl_only",TRUE,TRUE,"family_bac","solibacteraceae","Taxonomic","cycl_only_solibacteraceae_20130601_20180101"
"20130601","20180101","Legacy with covariate 2013-2018","env_cov",TRUE,TRUE,"family_bac","solibacteraceae","Taxonomic","env_cov_solibacteraceae_20130601_20180101"
"20130601","20180101","Legacy with covariate 2013-2018","env_cycl",TRUE,TRUE,"family_bac","solibacteraceae","Taxonomic","env_cycl_solibacteraceae_20130601_20180101"
"20151101","20180101","2 year current methods","cycl_only",TRUE,TRUE,"family_bac","solibacteraceae","Taxonomic","cycl_only_solibacteraceae_20151101_20180101"
"20151101","20180101","2 year current methods","env_cov",TRUE,TRUE,"family_bac","solibacteraceae","Taxonomic","env_cov_solibacteraceae_20151101_20180101"
"20151101","20180101","2 year current methods","env_cycl",TRUE,TRUE,"family_bac","solibacteraceae","Taxonomic","env_cycl_solibacteraceae_20151101_20180101"
"20151101","20180101","Legacy with covariate 2013-2018","cycl_only",TRUE,TRUE,"family_bac","solibacteraceae","Taxonomic","cycl_only_solibacteraceae_20130601_20180101"
"20151101","20180101","Legacy with covariate 2013-2018","env_cov",TRUE,TRUE,"family_bac","solibacteraceae","Taxonomic","env_cov_solibacteraceae_20130601_20180101"
"20151101","20180101","Legacy with covariate 2013-2018","env_cycl",TRUE,TRUE,"family_bac","solibacteraceae","Taxonomic","env_cycl_solibacteraceae_20130601_20180101"
"20151101","20200101","Full dataset","cycl_only",TRUE,TRUE,"family_bac","solibacteraceae","Taxonomic","cycl_only_solibacteraceae_20151101_20200101"
"20151101","20200101","Full dataset","env_cov",TRUE,TRUE,"family_bac","solibacteraceae","Taxonomic","env_cov_solibacteraceae_20151101_20200101"
"20151101","20200101","Full dataset","env_cycl",TRUE,TRUE,"family_bac","solibacteraceae","Taxonomic","env_cycl_solibacteraceae_20151101_20200101"
"20130601","20151101","Legacy only","cycl_only",TRUE,TRUE,"family_bac","solirubrobacteraceae","Taxonomic","cycl_only_solirubrobacteraceae_20130601_20151101"
"20130601","20151101","Legacy only","env_cov",TRUE,TRUE,"family_bac","solirubrobacteraceae","Taxonomic","env_cov_solirubrobacteraceae_20130601_20151101"
"20130601","20151101","Legacy only","env_cycl",TRUE,TRUE,"family_bac","solirubrobacteraceae","Taxonomic","env_cycl_solirubrobacteraceae_20130601_20151101"
"20130601","20170101","Legacy + 1 year current methods","cycl_only",TRUE,TRUE,"family_bac","solirubrobacteraceae","Taxonomic","cycl_only_solirubrobacteraceae_20130601_20170101"
"20130601","20170101","Legacy + 1 year current methods","env_cov",TRUE,TRUE,"family_bac","solirubrobacteraceae","Taxonomic","env_cov_solirubrobacteraceae_20130601_20170101"
"20130601","20170101","Legacy + 1 year current methods","env_cycl",TRUE,TRUE,"family_bac","solirubrobacteraceae","Taxonomic","env_cycl_solirubrobacteraceae_20130601_20170101"
"20130601","20180101","Legacy with covariate 2013-2018","cycl_only",TRUE,TRUE,"family_bac","solirubrobacteraceae","Taxonomic","cycl_only_solirubrobacteraceae_20130601_20180101"
"20130601","20180101","Legacy with covariate 2013-2018","env_cov",TRUE,TRUE,"family_bac","solirubrobacteraceae","Taxonomic","env_cov_solirubrobacteraceae_20130601_20180101"
"20130601","20180101","Legacy with covariate 2013-2018","env_cycl",TRUE,TRUE,"family_bac","solirubrobacteraceae","Taxonomic","env_cycl_solirubrobacteraceae_20130601_20180101"
"20151101","20180101","2 year current methods","cycl_only",TRUE,TRUE,"family_bac","solirubrobacteraceae","Taxonomic","cycl_only_solirubrobacteraceae_20151101_20180101"
"20151101","20180101","2 year current methods","env_cov",TRUE,TRUE,"family_bac","solirubrobacteraceae","Taxonomic","env_cov_solirubrobacteraceae_20151101_20180101"
"20151101","20180101","2 year current methods","env_cycl",TRUE,TRUE,"family_bac","solirubrobacteraceae","Taxonomic","env_cycl_solirubrobacteraceae_20151101_20180101"
"20151101","20180101","Legacy with covariate 2013-2018","cycl_only",TRUE,TRUE,"family_bac","solirubrobacteraceae","Taxonomic","cycl_only_solirubrobacteraceae_20130601_20180101"
"20151101","20180101","Legacy with covariate 2013-2018","env_cov",TRUE,TRUE,"family_bac","solirubrobacteraceae","Taxonomic","env_cov_solirubrobacteraceae_20130601_20180101"
"20151101","20180101","Legacy with covariate 2013-2018","env_cycl",TRUE,TRUE,"family_bac","solirubrobacteraceae","Taxonomic","env_cycl_solirubrobacteraceae_20130601_20180101"
"20151101","20200101","Full dataset","cycl_only",TRUE,TRUE,"family_bac","solirubrobacteraceae","Taxonomic","cycl_only_solirubrobacteraceae_20151101_20200101"
"20151101","20200101","Full dataset","env_cov",TRUE,TRUE,"family_bac","solirubrobacteraceae","Taxonomic","env_cov_solirubrobacteraceae_20151101_20200101"
"20151101","20200101","Full dataset","env_cycl",TRUE,TRUE,"family_bac","solirubrobacteraceae","Taxonomic","env_cycl_solirubrobacteraceae_20151101_20200101"
"20130601","20151101","Legacy only","cycl_only",TRUE,TRUE,"family_bac","sphingomonadaceae","Taxonomic","cycl_only_sphingomonadaceae_20130601_20151101"
"20130601","20151101","Legacy only","env_cov",TRUE,TRUE,"family_bac","sphingomonadaceae","Taxonomic","env_cov_sphingomonadaceae_20130601_20151101"
"20130601","20151101","Legacy only","env_cycl",TRUE,TRUE,"family_bac","sphingomonadaceae","Taxonomic","env_cycl_sphingomonadaceae_20130601_20151101"
"20130601","20170101","Legacy + 1 year current methods","cycl_only",TRUE,TRUE,"family_bac","sphingomonadaceae","Taxonomic","cycl_only_sphingomonadaceae_20130601_20170101"
"20130601","20170101","Legacy + 1 year current methods","env_cov",TRUE,TRUE,"family_bac","sphingomonadaceae","Taxonomic","env_cov_sphingomonadaceae_20130601_20170101"
"20130601","20170101","Legacy + 1 year current methods","env_cycl",TRUE,TRUE,"family_bac","sphingomonadaceae","Taxonomic","env_cycl_sphingomonadaceae_20130601_20170101"
"20130601","20180101","Legacy with covariate 2013-2018","cycl_only",TRUE,TRUE,"family_bac","sphingomonadaceae","Taxonomic","cycl_only_sphingomonadaceae_20130601_20180101"
"20130601","20180101","Legacy with covariate 2013-2018","env_cov",TRUE,TRUE,"family_bac","sphingomonadaceae","Taxonomic","env_cov_sphingomonadaceae_20130601_20180101"
"20130601","20180101","Legacy with covariate 2013-2018","env_cycl",TRUE,TRUE,"family_bac","sphingomonadaceae","Taxonomic","env_cycl_sphingomonadaceae_20130601_20180101"
"20151101","20180101","2 year current methods","cycl_only",TRUE,TRUE,"family_bac","sphingomonadaceae","Taxonomic","cycl_only_sphingomonadaceae_20151101_20180101"
"20151101","20180101","2 year current methods","env_cov",TRUE,TRUE,"family_bac","sphingomonadaceae","Taxonomic","env_cov_sphingomonadaceae_20151101_20180101"
"20151101","20180101","2 year current methods","env_cycl",TRUE,TRUE,"family_bac","sphingomonadaceae","Taxonomic","env_cycl_sphingomonadaceae_20151101_20180101"
"20151101","20180101","Legacy with covariate 2013-2018","cycl_only",TRUE,TRUE,"family_bac","sphingomonadaceae","Taxonomic","cycl_only_sphingomonadaceae_20130601_20180101"
"20151101","20180101","Legacy with covariate 2013-2018","env_cov",TRUE,TRUE,"family_bac","sphingomonadaceae","Taxonomic","env_cov_sphingomonadaceae_20130601_20180101"
"20151101","20180101","Legacy with covariate 2013-2018","env_cycl",TRUE,TRUE,"family_bac","sphingomonadaceae","Taxonomic","env_cycl_sphingomonadaceae_20130601_20180101"
"20151101","20200101","Full dataset","cycl_only",TRUE,TRUE,"family_bac","sphingomonadaceae","Taxonomic","cycl_only_sphingomonadaceae_20151101_20200101"
"20151101","20200101","Full dataset","env_cov",TRUE,TRUE,"family_bac","sphingomonadaceae","Taxonomic","env_cov_sphingomonadaceae_20151101_20200101"
"20151101","20200101","Full dataset","env_cycl",TRUE,TRUE,"family_bac","sphingomonadaceae","Taxonomic","env_cycl_sphingomonadaceae_20151101_20200101"
"20130601","20151101","Legacy only","cycl_only",TRUE,TRUE,"family_bac","wd2101.soil.group","Taxonomic","cycl_only_wd2101.soil.group_20130601_20151101"
"20130601","20151101","Legacy only","env_cov",TRUE,TRUE,"family_bac","wd2101.soil.group","Taxonomic","env_cov_wd2101.soil.group_20130601_20151101"
"20130601","20151101","Legacy only","env_cycl",TRUE,TRUE,"family_bac","wd2101.soil.group","Taxonomic","env_cycl_wd2101.soil.group_20130601_20151101"
"20130601","20170101","Legacy + 1 year current methods","cycl_only",TRUE,TRUE,"family_bac","wd2101.soil.group","Taxonomic","cycl_only_wd2101.soil.group_20130601_20170101"
"20130601","20170101","Legacy + 1 year current methods","env_cov",TRUE,TRUE,"family_bac","wd2101.soil.group","Taxonomic","env_cov_wd2101.soil.group_20130601_20170101"
"20130601","20170101","Legacy + 1 year current methods","env_cycl",TRUE,TRUE,"family_bac","wd2101.soil.group","Taxonomic","env_cycl_wd2101.soil.group_20130601_20170101"
"20130601","20180101","Legacy with covariate 2013-2018","cycl_only",TRUE,TRUE,"family_bac","wd2101.soil.group","Taxonomic","cycl_only_wd2101.soil.group_20130601_20180101"
"20130601","20180101","Legacy with covariate 2013-2018","env_cov",TRUE,TRUE,"family_bac","wd2101.soil.group","Taxonomic","env_cov_wd2101.soil.group_20130601_20180101"
"20130601","20180101","Legacy with covariate 2013-2018","env_cycl",TRUE,TRUE,"family_bac","wd2101.soil.group","Taxonomic","env_cycl_wd2101.soil.group_20130601_20180101"
"20151101","20180101","2 year current methods","cycl_only",TRUE,TRUE,"family_bac","wd2101.soil.group","Taxonomic","cycl_only_wd2101.soil.group_20151101_20180101"
"20151101","20180101","2 year current methods","env_cov",TRUE,TRUE,"family_bac","wd2101.soil.group","Taxonomic","env_cov_wd2101.soil.group_20151101_20180101"
"20151101","20180101","2 year current methods","env_cycl",TRUE,TRUE,"family_bac","wd2101.soil.group","Taxonomic","env_cycl_wd2101.soil.group_20151101_20180101"
"20151101","20180101","Legacy with covariate 2013-2018","cycl_only",TRUE,TRUE,"family_bac","wd2101.soil.group","Taxonomic","cycl_only_wd2101.soil.group_20130601_20180101"
"20151101","20180101","Legacy with covariate 2013-2018","env_cov",TRUE,TRUE,"family_bac","wd2101.soil.group","Taxonomic","env_cov_wd2101.soil.group_20130601_20180101"
"20151101","20180101","Legacy with covariate 2013-2018","env_cycl",TRUE,TRUE,"family_bac","wd2101.soil.group","Taxonomic","env_cycl_wd2101.soil.group_20130601_20180101"
"20151101","20200101","Full dataset","cycl_only",TRUE,TRUE,"family_bac","wd2101.soil.group","Taxonomic","cycl_only_wd2101.soil.group_20151101_20200101"
"20151101","20200101","Full dataset","env_cov",TRUE,TRUE,"family_bac","wd2101.soil.group","Taxonomic","env_cov_wd2101.soil.group_20151101_20200101"
"20151101","20200101","Full dataset","env_cycl",TRUE,TRUE,"family_bac","wd2101.soil.group","Taxonomic","env_cycl_wd2101.soil.group_20151101_20200101"
"20130601","20151101","Legacy only","cycl_only",TRUE,TRUE,"family_bac","xanthobacteraceae","Taxonomic","cycl_only_xanthobacteraceae_20130601_20151101"
"20130601","20151101","Legacy only","env_cov",TRUE,TRUE,"family_bac","xanthobacteraceae","Taxonomic","env_cov_xanthobacteraceae_20130601_20151101"
"20130601","20151101","Legacy only","env_cycl",TRUE,TRUE,"family_bac","xanthobacteraceae","Taxonomic","env_cycl_xanthobacteraceae_20130601_20151101"
"20130601","20170101","Legacy + 1 year current methods","cycl_only",TRUE,TRUE,"family_bac","xanthobacteraceae","Taxonomic","cycl_only_xanthobacteraceae_20130601_20170101"
"20130601","20170101","Legacy + 1 year current methods","env_cov",TRUE,TRUE,"family_bac","xanthobacteraceae","Taxonomic","env_cov_xanthobacteraceae_20130601_20170101"
"20130601","20170101","Legacy + 1 year current methods","env_cycl",TRUE,TRUE,"family_bac","xanthobacteraceae","Taxonomic","env_cycl_xanthobacteraceae_20130601_20170101"
"20130601","20180101","Legacy with covariate 2013-2018","cycl_only",TRUE,TRUE,"family_bac","xanthobacteraceae","Taxonomic","cycl_only_xanthobacteraceae_20130601_20180101"
"20130601","20180101","Legacy with covariate 2013-2018","env_cov",TRUE,TRUE,"family_bac","xanthobacteraceae","Taxonomic","env_cov_xanthobacteraceae_20130601_20180101"
"20130601","20180101","Legacy with covariate 2013-2018","env_cycl",TRUE,TRUE,"family_bac","xanthobacteraceae","Taxonomic","env_cycl_xanthobacteraceae_20130601_20180101"
"20151101","20180101","2 year current methods","cycl_only",TRUE,TRUE,"family_bac","xanthobacteraceae","Taxonomic","cycl_only_xanthobacteraceae_20151101_20180101"
"20151101","20180101","2 year current methods","env_cov",TRUE,TRUE,"family_bac","xanthobacteraceae","Taxonomic","env_cov_xanthobacteraceae_20151101_20180101"
"20151101","20180101","2 year current methods","env_cycl",TRUE,TRUE,"family_bac","xanthobacteraceae","Taxonomic","env_cycl_xanthobacteraceae_20151101_20180101"
"20151101","20180101","Legacy with covariate 2013-2018","cycl_only",TRUE,TRUE,"family_bac","xanthobacteraceae","Taxonomic","cycl_only_xanthobacteraceae_20130601_20180101"
"20151101","20180101","Legacy with covariate 2013-2018","env_cov",TRUE,TRUE,"family_bac","xanthobacteraceae","Taxonomic","env_cov_xanthobacteraceae_20130601_20180101"
"20151101","20180101","Legacy with covariate 2013-2018","env_cycl",TRUE,TRUE,"family_bac","xanthobacteraceae","Taxonomic","env_cycl_xanthobacteraceae_20130601_20180101"
"20151101","20200101","Full dataset","cycl_only",TRUE,TRUE,"family_bac","xanthobacteraceae","Taxonomic","cycl_only_xanthobacteraceae_20151101_20200101"
"20151101","20200101","Full dataset","env_cov",TRUE,TRUE,"family_bac","xanthobacteraceae","Taxonomic","env_cov_xanthobacteraceae_20151101_20200101"
"20151101","20200101","Full dataset","env_cycl",TRUE,TRUE,"family_bac","xanthobacteraceae","Taxonomic","env_cycl_xanthobacteraceae_20151101_20200101"
"20130601","20151101","Legacy only","cycl_only",TRUE,TRUE,"family_bac","xiphinematobacteraceae","Taxonomic","cycl_only_xiphinematobacteraceae_20130601_20151101"
"20130601","20151101","Legacy only","env_cov",TRUE,TRUE,"family_bac","xiphinematobacteraceae","Taxonomic","env_cov_xiphinematobacteraceae_20130601_20151101"
"20130601","20151101","Legacy only","env_cycl",TRUE,TRUE,"family_bac","xiphinematobacteraceae","Taxonomic","env_cycl_xiphinematobacteraceae_20130601_20151101"
"20130601","20170101","Legacy + 1 year current methods","cycl_only",TRUE,TRUE,"family_bac","xiphinematobacteraceae","Taxonomic","cycl_only_xiphinematobacteraceae_20130601_20170101"
"20130601","20170101","Legacy + 1 year current methods","env_cov",TRUE,TRUE,"family_bac","xiphinematobacteraceae","Taxonomic","env_cov_xiphinematobacteraceae_20130601_20170101"
"20130601","20170101","Legacy + 1 year current methods","env_cycl",TRUE,TRUE,"family_bac","xiphinematobacteraceae","Taxonomic","env_cycl_xiphinematobacteraceae_20130601_20170101"
"20130601","20180101","Legacy with covariate 2013-2018","cycl_only",TRUE,TRUE,"family_bac","xiphinematobacteraceae","Taxonomic","cycl_only_xiphinematobacteraceae_20130601_20180101"
"20130601","20180101","Legacy with covariate 2013-2018","env_cov",TRUE,TRUE,"family_bac","xiphinematobacteraceae","Taxonomic","env_cov_xiphinematobacteraceae_20130601_20180101"
"20130601","20180101","Legacy with covariate 2013-2018","env_cycl",TRUE,TRUE,"family_bac","xiphinematobacteraceae","Taxonomic","env_cycl_xiphinematobacteraceae_20130601_20180101"
"20151101","20180101","2 year current methods","cycl_only",TRUE,TRUE,"family_bac","xiphinematobacteraceae","Taxonomic","cycl_only_xiphinematobacteraceae_20151101_20180101"
"20151101","20180101","2 year current methods","env_cov",TRUE,TRUE,"family_bac","xiphinematobacteraceae","Taxonomic","env_cov_xiphinematobacteraceae_20151101_20180101"
"20151101","20180101","2 year current methods","env_cycl",TRUE,TRUE,"family_bac","xiphinematobacteraceae","Taxonomic","env_cycl_xiphinematobacteraceae_20151101_20180101"
"20151101","20180101","Legacy with covariate 2013-2018","cycl_only",TRUE,TRUE,"family_bac","xiphinematobacteraceae","Taxonomic","cycl_only_xiphinematobacteraceae_20130601_20180101"
"20151101","20180101","Legacy with covariate 2013-2018","env_cov",TRUE,TRUE,"family_bac","xiphinematobacteraceae","Taxonomic","env_cov_xiphinematobacteraceae_20130601_20180101"
"20151101","20180101","Legacy with covariate 2013-2018","env_cycl",TRUE,TRUE,"family_bac","xiphinematobacteraceae","Taxonomic","env_cycl_xiphinematobacteraceae_20130601_20180101"
"20151101","20200101","Full dataset","cycl_only",TRUE,TRUE,"family_bac","xiphinematobacteraceae","Taxonomic","cycl_only_xiphinematobacteraceae_20151101_20200101"
"20151101","20200101","Full dataset","env_cov",TRUE,TRUE,"family_bac","xiphinematobacteraceae","Taxonomic","env_cov_xiphinematobacteraceae_20151101_20200101"
"20151101","20200101","Full dataset","env_cycl",TRUE,TRUE,"family_bac","xiphinematobacteraceae","Taxonomic","env_cycl_xiphinematobacteraceae_20151101_20200101"
"20130601","20151101","Legacy only","cycl_only",TRUE,TRUE,"genus_bac","acidibacter","Taxonomic","cycl_only_acidibacter_20130601_20151101"
"20130601","20151101","Legacy only","env_cov",TRUE,TRUE,"genus_bac","acidibacter","Taxonomic","env_cov_acidibacter_20130601_20151101"
"20130601","20151101","Legacy only","env_cycl",TRUE,TRUE,"genus_bac","acidibacter","Taxonomic","env_cycl_acidibacter_20130601_20151101"
"20130601","20170101","Legacy + 1 year current methods","cycl_only",TRUE,TRUE,"genus_bac","acidibacter","Taxonomic","cycl_only_acidibacter_20130601_20170101"
"20130601","20170101","Legacy + 1 year current methods","env_cov",TRUE,TRUE,"genus_bac","acidibacter","Taxonomic","env_cov_acidibacter_20130601_20170101"
"20130601","20170101","Legacy + 1 year current methods","env_cycl",TRUE,TRUE,"genus_bac","acidibacter","Taxonomic","env_cycl_acidibacter_20130601_20170101"
"20130601","20180101","Legacy with covariate 2013-2018","cycl_only",TRUE,TRUE,"genus_bac","acidibacter","Taxonomic","cycl_only_acidibacter_20130601_20180101"
"20130601","20180101","Legacy with covariate 2013-2018","env_cov",TRUE,TRUE,"genus_bac","acidibacter","Taxonomic","env_cov_acidibacter_20130601_20180101"
"20130601","20180101","Legacy with covariate 2013-2018","env_cycl",TRUE,TRUE,"genus_bac","acidibacter","Taxonomic","env_cycl_acidibacter_20130601_20180101"
"20151101","20180101","2 year current methods","cycl_only",TRUE,TRUE,"genus_bac","acidibacter","Taxonomic","cycl_only_acidibacter_20151101_20180101"
"20151101","20180101","2 year current methods","env_cov",TRUE,TRUE,"genus_bac","acidibacter","Taxonomic","env_cov_acidibacter_20151101_20180101"
"20151101","20180101","2 year current methods","env_cycl",TRUE,TRUE,"genus_bac","acidibacter","Taxonomic","env_cycl_acidibacter_20151101_20180101"
"20151101","20180101","Legacy with covariate 2013-2018","cycl_only",TRUE,TRUE,"genus_bac","acidibacter","Taxonomic","cycl_only_acidibacter_20130601_20180101"
"20151101","20180101","Legacy with covariate 2013-2018","env_cov",TRUE,TRUE,"genus_bac","acidibacter","Taxonomic","env_cov_acidibacter_20130601_20180101"
"20151101","20180101","Legacy with covariate 2013-2018","env_cycl",TRUE,TRUE,"genus_bac","acidibacter","Taxonomic","env_cycl_acidibacter_20130601_20180101"
"20151101","20200101","Full dataset","cycl_only",TRUE,TRUE,"genus_bac","acidibacter","Taxonomic","cycl_only_acidibacter_20151101_20200101"
"20151101","20200101","Full dataset","env_cov",TRUE,TRUE,"genus_bac","acidibacter","Taxonomic","env_cov_acidibacter_20151101_20200101"
"20151101","20200101","Full dataset","env_cycl",TRUE,TRUE,"genus_bac","acidibacter","Taxonomic","env_cycl_acidibacter_20151101_20200101"
"20130601","20151101","Legacy only","cycl_only",TRUE,TRUE,"genus_bac","bacillus","Taxonomic","cycl_only_bacillus_20130601_20151101"
"20130601","20151101","Legacy only","env_cov",TRUE,TRUE,"genus_bac","bacillus","Taxonomic","env_cov_bacillus_20130601_20151101"
"20130601","20151101","Legacy only","env_cycl",TRUE,TRUE,"genus_bac","bacillus","Taxonomic","env_cycl_bacillus_20130601_20151101"
"20130601","20170101","Legacy + 1 year current methods","cycl_only",TRUE,TRUE,"genus_bac","bacillus","Taxonomic","cycl_only_bacillus_20130601_20170101"
"20130601","20170101","Legacy + 1 year current methods","env_cov",TRUE,TRUE,"genus_bac","bacillus","Taxonomic","env_cov_bacillus_20130601_20170101"
"20130601","20170101","Legacy + 1 year current methods","env_cycl",TRUE,TRUE,"genus_bac","bacillus","Taxonomic","env_cycl_bacillus_20130601_20170101"
"20130601","20180101","Legacy with covariate 2013-2018","cycl_only",TRUE,TRUE,"genus_bac","bacillus","Taxonomic","cycl_only_bacillus_20130601_20180101"
"20130601","20180101","Legacy with covariate 2013-2018","env_cov",TRUE,TRUE,"genus_bac","bacillus","Taxonomic","env_cov_bacillus_20130601_20180101"
"20130601","20180101","Legacy with covariate 2013-2018","env_cycl",TRUE,TRUE,"genus_bac","bacillus","Taxonomic","env_cycl_bacillus_20130601_20180101"
"20151101","20180101","2 year current methods","cycl_only",TRUE,TRUE,"genus_bac","bacillus","Taxonomic","cycl_only_bacillus_20151101_20180101"
"20151101","20180101","2 year current methods","env_cov",TRUE,TRUE,"genus_bac","bacillus","Taxonomic","env_cov_bacillus_20151101_20180101"
"20151101","20180101","2 year current methods","env_cycl",TRUE,TRUE,"genus_bac","bacillus","Taxonomic","env_cycl_bacillus_20151101_20180101"
"20151101","20180101","Legacy with covariate 2013-2018","cycl_only",TRUE,TRUE,"genus_bac","bacillus","Taxonomic","cycl_only_bacillus_20130601_20180101"
"20151101","20180101","Legacy with covariate 2013-2018","env_cov",TRUE,TRUE,"genus_bac","bacillus","Taxonomic","env_cov_bacillus_20130601_20180101"
"20151101","20180101","Legacy with covariate 2013-2018","env_cycl",TRUE,TRUE,"genus_bac","bacillus","Taxonomic","env_cycl_bacillus_20130601_20180101"
"20151101","20200101","Full dataset","cycl_only",TRUE,TRUE,"genus_bac","bacillus","Taxonomic","cycl_only_bacillus_20151101_20200101"
"20151101","20200101","Full dataset","env_cov",TRUE,TRUE,"genus_bac","bacillus","Taxonomic","env_cov_bacillus_20151101_20200101"
"20151101","20200101","Full dataset","env_cycl",TRUE,TRUE,"genus_bac","bacillus","Taxonomic","env_cycl_bacillus_20151101_20200101"
"20130601","20151101","Legacy only","cycl_only",TRUE,TRUE,"genus_bac","bryobacter","Taxonomic","cycl_only_bryobacter_20130601_20151101"
"20130601","20151101","Legacy only","env_cov",TRUE,TRUE,"genus_bac","bryobacter","Taxonomic","env_cov_bryobacter_20130601_20151101"
"20130601","20151101","Legacy only","env_cycl",TRUE,TRUE,"genus_bac","bryobacter","Taxonomic","env_cycl_bryobacter_20130601_20151101"
"20130601","20170101","Legacy + 1 year current methods","cycl_only",TRUE,TRUE,"genus_bac","bryobacter","Taxonomic","cycl_only_bryobacter_20130601_20170101"
"20130601","20170101","Legacy + 1 year current methods","env_cov",TRUE,TRUE,"genus_bac","bryobacter","Taxonomic","env_cov_bryobacter_20130601_20170101"
"20130601","20170101","Legacy + 1 year current methods","env_cycl",TRUE,TRUE,"genus_bac","bryobacter","Taxonomic","env_cycl_bryobacter_20130601_20170101"
"20130601","20180101","Legacy with covariate 2013-2018","cycl_only",TRUE,TRUE,"genus_bac","bryobacter","Taxonomic","cycl_only_bryobacter_20130601_20180101"
"20130601","20180101","Legacy with covariate 2013-2018","env_cov",TRUE,TRUE,"genus_bac","bryobacter","Taxonomic","env_cov_bryobacter_20130601_20180101"
"20130601","20180101","Legacy with covariate 2013-2018","env_cycl",TRUE,TRUE,"genus_bac","bryobacter","Taxonomic","env_cycl_bryobacter_20130601_20180101"
"20151101","20180101","2 year current methods","cycl_only",TRUE,TRUE,"genus_bac","bryobacter","Taxonomic","cycl_only_bryobacter_20151101_20180101"
"20151101","20180101","2 year current methods","env_cov",TRUE,TRUE,"genus_bac","bryobacter","Taxonomic","env_cov_bryobacter_20151101_20180101"
"20151101","20180101","2 year current methods","env_cycl",TRUE,TRUE,"genus_bac","bryobacter","Taxonomic","env_cycl_bryobacter_20151101_20180101"
"20151101","20180101","Legacy with covariate 2013-2018","cycl_only",TRUE,TRUE,"genus_bac","bryobacter","Taxonomic","cycl_only_bryobacter_20130601_20180101"
"20151101","20180101","Legacy with covariate 2013-2018","env_cov",TRUE,TRUE,"genus_bac","bryobacter","Taxonomic","env_cov_bryobacter_20130601_20180101"
"20151101","20180101","Legacy with covariate 2013-2018","env_cycl",TRUE,TRUE,"genus_bac","bryobacter","Taxonomic","env_cycl_bryobacter_20130601_20180101"
"20151101","20200101","Full dataset","cycl_only",TRUE,TRUE,"genus_bac","bryobacter","Taxonomic","cycl_only_bryobacter_20151101_20200101"
"20151101","20200101","Full dataset","env_cov",TRUE,TRUE,"genus_bac","bryobacter","Taxonomic","env_cov_bryobacter_20151101_20200101"
"20151101","20200101","Full dataset","env_cycl",TRUE,TRUE,"genus_bac","bryobacter","Taxonomic","env_cycl_bryobacter_20151101_20200101"
"20130601","20151101","Legacy only","cycl_only",TRUE,TRUE,"genus_bac","candidatus.koribacter","Taxonomic","cycl_only_candidatus.koribacter_20130601_20151101"
"20130601","20151101","Legacy only","env_cov",TRUE,TRUE,"genus_bac","candidatus.koribacter","Taxonomic","env_cov_candidatus.koribacter_20130601_20151101"
"20130601","20151101","Legacy only","env_cycl",TRUE,TRUE,"genus_bac","candidatus.koribacter","Taxonomic","env_cycl_candidatus.koribacter_20130601_20151101"
"20130601","20170101","Legacy + 1 year current methods","cycl_only",TRUE,TRUE,"genus_bac","candidatus.koribacter","Taxonomic","cycl_only_candidatus.koribacter_20130601_20170101"
"20130601","20170101","Legacy + 1 year current methods","env_cov",TRUE,TRUE,"genus_bac","candidatus.koribacter","Taxonomic","env_cov_candidatus.koribacter_20130601_20170101"
"20130601","20170101","Legacy + 1 year current methods","env_cycl",TRUE,TRUE,"genus_bac","candidatus.koribacter","Taxonomic","env_cycl_candidatus.koribacter_20130601_20170101"
"20130601","20180101","Legacy with covariate 2013-2018","cycl_only",TRUE,TRUE,"genus_bac","candidatus.koribacter","Taxonomic","cycl_only_candidatus.koribacter_20130601_20180101"
"20130601","20180101","Legacy with covariate 2013-2018","env_cov",TRUE,TRUE,"genus_bac","candidatus.koribacter","Taxonomic","env_cov_candidatus.koribacter_20130601_20180101"
"20130601","20180101","Legacy with covariate 2013-2018","env_cycl",TRUE,TRUE,"genus_bac","candidatus.koribacter","Taxonomic","env_cycl_candidatus.koribacter_20130601_20180101"
"20151101","20180101","2 year current methods","cycl_only",TRUE,TRUE,"genus_bac","candidatus.koribacter","Taxonomic","cycl_only_candidatus.koribacter_20151101_20180101"
"20151101","20180101","2 year current methods","env_cov",TRUE,TRUE,"genus_bac","candidatus.koribacter","Taxonomic","env_cov_candidatus.koribacter_20151101_20180101"
"20151101","20180101","2 year current methods","env_cycl",TRUE,TRUE,"genus_bac","candidatus.koribacter","Taxonomic","env_cycl_candidatus.koribacter_20151101_20180101"
"20151101","20180101","Legacy with covariate 2013-2018","cycl_only",TRUE,TRUE,"genus_bac","candidatus.koribacter","Taxonomic","cycl_only_candidatus.koribacter_20130601_20180101"
"20151101","20180101","Legacy with covariate 2013-2018","env_cov",TRUE,TRUE,"genus_bac","candidatus.koribacter","Taxonomic","env_cov_candidatus.koribacter_20130601_20180101"
"20151101","20180101","Legacy with covariate 2013-2018","env_cycl",TRUE,TRUE,"genus_bac","candidatus.koribacter","Taxonomic","env_cycl_candidatus.koribacter_20130601_20180101"
"20151101","20200101","Full dataset","cycl_only",TRUE,TRUE,"genus_bac","candidatus.koribacter","Taxonomic","cycl_only_candidatus.koribacter_20151101_20200101"
"20151101","20200101","Full dataset","env_cov",TRUE,TRUE,"genus_bac","candidatus.koribacter","Taxonomic","env_cov_candidatus.koribacter_20151101_20200101"
"20151101","20200101","Full dataset","env_cycl",TRUE,TRUE,"genus_bac","candidatus.koribacter","Taxonomic","env_cycl_candidatus.koribacter_20151101_20200101"
"20130601","20151101","Legacy only","cycl_only",TRUE,TRUE,"genus_bac","candidatus.solibacter","Taxonomic","cycl_only_candidatus.solibacter_20130601_20151101"
"20130601","20151101","Legacy only","env_cov",TRUE,TRUE,"genus_bac","candidatus.solibacter","Taxonomic","env_cov_candidatus.solibacter_20130601_20151101"
"20130601","20151101","Legacy only","env_cycl",TRUE,TRUE,"genus_bac","candidatus.solibacter","Taxonomic","env_cycl_candidatus.solibacter_20130601_20151101"
"20130601","20170101","Legacy + 1 year current methods","cycl_only",TRUE,TRUE,"genus_bac","candidatus.solibacter","Taxonomic","cycl_only_candidatus.solibacter_20130601_20170101"
"20130601","20170101","Legacy + 1 year current methods","env_cov",TRUE,TRUE,"genus_bac","candidatus.solibacter","Taxonomic","env_cov_candidatus.solibacter_20130601_20170101"
"20130601","20170101","Legacy + 1 year current methods","env_cycl",TRUE,TRUE,"genus_bac","candidatus.solibacter","Taxonomic","env_cycl_candidatus.solibacter_20130601_20170101"
"20130601","20180101","Legacy with covariate 2013-2018","cycl_only",TRUE,TRUE,"genus_bac","candidatus.solibacter","Taxonomic","cycl_only_candidatus.solibacter_20130601_20180101"
"20130601","20180101","Legacy with covariate 2013-2018","env_cov",TRUE,TRUE,"genus_bac","candidatus.solibacter","Taxonomic","env_cov_candidatus.solibacter_20130601_20180101"
"20130601","20180101","Legacy with covariate 2013-2018","env_cycl",TRUE,TRUE,"genus_bac","candidatus.solibacter","Taxonomic","env_cycl_candidatus.solibacter_20130601_20180101"
"20151101","20180101","2 year current methods","cycl_only",TRUE,TRUE,"genus_bac","candidatus.solibacter","Taxonomic","cycl_only_candidatus.solibacter_20151101_20180101"
"20151101","20180101","2 year current methods","env_cov",TRUE,TRUE,"genus_bac","candidatus.solibacter","Taxonomic","env_cov_candidatus.solibacter_20151101_20180101"
"20151101","20180101","2 year current methods","env_cycl",TRUE,TRUE,"genus_bac","candidatus.solibacter","Taxonomic","env_cycl_candidatus.solibacter_20151101_20180101"
"20151101","20180101","Legacy with covariate 2013-2018","cycl_only",TRUE,TRUE,"genus_bac","candidatus.solibacter","Taxonomic","cycl_only_candidatus.solibacter_20130601_20180101"
"20151101","20180101","Legacy with covariate 2013-2018","env_cov",TRUE,TRUE,"genus_bac","candidatus.solibacter","Taxonomic","env_cov_candidatus.solibacter_20130601_20180101"
"20151101","20180101","Legacy with covariate 2013-2018","env_cycl",TRUE,TRUE,"genus_bac","candidatus.solibacter","Taxonomic","env_cycl_candidatus.solibacter_20130601_20180101"
"20151101","20200101","Full dataset","cycl_only",TRUE,TRUE,"genus_bac","candidatus.solibacter","Taxonomic","cycl_only_candidatus.solibacter_20151101_20200101"
"20151101","20200101","Full dataset","env_cov",TRUE,TRUE,"genus_bac","candidatus.solibacter","Taxonomic","env_cov_candidatus.solibacter_20151101_20200101"
"20151101","20200101","Full dataset","env_cycl",TRUE,TRUE,"genus_bac","candidatus.solibacter","Taxonomic","env_cycl_candidatus.solibacter_20151101_20200101"
"20130601","20151101","Legacy only","cycl_only",TRUE,TRUE,"genus_bac","candidatus.udaeobacter","Taxonomic","cycl_only_candidatus.udaeobacter_20130601_20151101"
"20130601","20151101","Legacy only","env_cov",TRUE,TRUE,"genus_bac","candidatus.udaeobacter","Taxonomic","env_cov_candidatus.udaeobacter_20130601_20151101"
"20130601","20151101","Legacy only","env_cycl",TRUE,TRUE,"genus_bac","candidatus.udaeobacter","Taxonomic","env_cycl_candidatus.udaeobacter_20130601_20151101"
"20130601","20170101","Legacy + 1 year current methods","cycl_only",TRUE,TRUE,"genus_bac","candidatus.udaeobacter","Taxonomic","cycl_only_candidatus.udaeobacter_20130601_20170101"
"20130601","20170101","Legacy + 1 year current methods","env_cov",TRUE,TRUE,"genus_bac","candidatus.udaeobacter","Taxonomic","env_cov_candidatus.udaeobacter_20130601_20170101"
"20130601","20170101","Legacy + 1 year current methods","env_cycl",TRUE,TRUE,"genus_bac","candidatus.udaeobacter","Taxonomic","env_cycl_candidatus.udaeobacter_20130601_20170101"
"20130601","20180101","Legacy with covariate 2013-2018","cycl_only",TRUE,TRUE,"genus_bac","candidatus.udaeobacter","Taxonomic","cycl_only_candidatus.udaeobacter_20130601_20180101"
"20130601","20180101","Legacy with covariate 2013-2018","env_cov",TRUE,TRUE,"genus_bac","candidatus.udaeobacter","Taxonomic","env_cov_candidatus.udaeobacter_20130601_20180101"
"20130601","20180101","Legacy with covariate 2013-2018","env_cycl",TRUE,TRUE,"genus_bac","candidatus.udaeobacter","Taxonomic","env_cycl_candidatus.udaeobacter_20130601_20180101"
"20151101","20180101","2 year current methods","cycl_only",TRUE,TRUE,"genus_bac","candidatus.udaeobacter","Taxonomic","cycl_only_candidatus.udaeobacter_20151101_20180101"
"20151101","20180101","2 year current methods","env_cov",TRUE,TRUE,"genus_bac","candidatus.udaeobacter","Taxonomic","env_cov_candidatus.udaeobacter_20151101_20180101"
"20151101","20180101","2 year current methods","env_cycl",TRUE,TRUE,"genus_bac","candidatus.udaeobacter","Taxonomic","env_cycl_candidatus.udaeobacter_20151101_20180101"
"20151101","20180101","Legacy with covariate 2013-2018","cycl_only",TRUE,TRUE,"genus_bac","candidatus.udaeobacter","Taxonomic","cycl_only_candidatus.udaeobacter_20130601_20180101"
"20151101","20180101","Legacy with covariate 2013-2018","env_cov",TRUE,TRUE,"genus_bac","candidatus.udaeobacter","Taxonomic","env_cov_candidatus.udaeobacter_20130601_20180101"
"20151101","20180101","Legacy with covariate 2013-2018","env_cycl",TRUE,TRUE,"genus_bac","candidatus.udaeobacter","Taxonomic","env_cycl_candidatus.udaeobacter_20130601_20180101"
"20151101","20200101","Full dataset","cycl_only",TRUE,TRUE,"genus_bac","candidatus.udaeobacter","Taxonomic","cycl_only_candidatus.udaeobacter_20151101_20200101"
"20151101","20200101","Full dataset","env_cov",TRUE,TRUE,"genus_bac","candidatus.udaeobacter","Taxonomic","env_cov_candidatus.udaeobacter_20151101_20200101"
"20151101","20200101","Full dataset","env_cycl",TRUE,TRUE,"genus_bac","candidatus.udaeobacter","Taxonomic","env_cycl_candidatus.udaeobacter_20151101_20200101"
"20130601","20151101","Legacy only","cycl_only",TRUE,TRUE,"genus_bac","candidatus.xiphinematobacter","Taxonomic","cycl_only_candidatus.xiphinematobacter_20130601_20151101"
"20130601","20151101","Legacy only","env_cov",TRUE,TRUE,"genus_bac","candidatus.xiphinematobacter","Taxonomic","env_cov_candidatus.xiphinematobacter_20130601_20151101"
"20130601","20151101","Legacy only","env_cycl",TRUE,TRUE,"genus_bac","candidatus.xiphinematobacter","Taxonomic","env_cycl_candidatus.xiphinematobacter_20130601_20151101"
"20130601","20170101","Legacy + 1 year current methods","cycl_only",TRUE,TRUE,"genus_bac","candidatus.xiphinematobacter","Taxonomic","cycl_only_candidatus.xiphinematobacter_20130601_20170101"
"20130601","20170101","Legacy + 1 year current methods","env_cov",TRUE,TRUE,"genus_bac","candidatus.xiphinematobacter","Taxonomic","env_cov_candidatus.xiphinematobacter_20130601_20170101"
"20130601","20170101","Legacy + 1 year current methods","env_cycl",TRUE,TRUE,"genus_bac","candidatus.xiphinematobacter","Taxonomic","env_cycl_candidatus.xiphinematobacter_20130601_20170101"
"20130601","20180101","Legacy with covariate 2013-2018","cycl_only",TRUE,TRUE,"genus_bac","candidatus.xiphinematobacter","Taxonomic","cycl_only_candidatus.xiphinematobacter_20130601_20180101"
"20130601","20180101","Legacy with covariate 2013-2018","env_cov",TRUE,TRUE,"genus_bac","candidatus.xiphinematobacter","Taxonomic","env_cov_candidatus.xiphinematobacter_20130601_20180101"
"20130601","20180101","Legacy with covariate 2013-2018","env_cycl",TRUE,TRUE,"genus_bac","candidatus.xiphinematobacter","Taxonomic","env_cycl_candidatus.xiphinematobacter_20130601_20180101"
"20151101","20180101","2 year current methods","cycl_only",TRUE,TRUE,"genus_bac","candidatus.xiphinematobacter","Taxonomic","cycl_only_candidatus.xiphinematobacter_20151101_20180101"
"20151101","20180101","2 year current methods","env_cov",TRUE,TRUE,"genus_bac","candidatus.xiphinematobacter","Taxonomic","env_cov_candidatus.xiphinematobacter_20151101_20180101"
"20151101","20180101","2 year current methods","env_cycl",TRUE,TRUE,"genus_bac","candidatus.xiphinematobacter","Taxonomic","env_cycl_candidatus.xiphinematobacter_20151101_20180101"
"20151101","20180101","Legacy with covariate 2013-2018","cycl_only",TRUE,TRUE,"genus_bac","candidatus.xiphinematobacter","Taxonomic","cycl_only_candidatus.xiphinematobacter_20130601_20180101"
"20151101","20180101","Legacy with covariate 2013-2018","env_cov",TRUE,TRUE,"genus_bac","candidatus.xiphinematobacter","Taxonomic","env_cov_candidatus.xiphinematobacter_20130601_20180101"
"20151101","20180101","Legacy with covariate 2013-2018","env_cycl",TRUE,TRUE,"genus_bac","candidatus.xiphinematobacter","Taxonomic","env_cycl_candidatus.xiphinematobacter_20130601_20180101"
"20151101","20200101","Full dataset","cycl_only",TRUE,TRUE,"genus_bac","candidatus.xiphinematobacter","Taxonomic","cycl_only_candidatus.xiphinematobacter_20151101_20200101"
"20151101","20200101","Full dataset","env_cov",TRUE,TRUE,"genus_bac","candidatus.xiphinematobacter","Taxonomic","env_cov_candidatus.xiphinematobacter_20151101_20200101"
"20151101","20200101","Full dataset","env_cycl",TRUE,TRUE,"genus_bac","candidatus.xiphinematobacter","Taxonomic","env_cycl_candidatus.xiphinematobacter_20151101_20200101"
"20130601","20151101","Legacy only","cycl_only",TRUE,TRUE,"genus_bac","caulobacter","Taxonomic","cycl_only_caulobacter_20130601_20151101"
"20130601","20151101","Legacy only","env_cov",TRUE,TRUE,"genus_bac","caulobacter","Taxonomic","env_cov_caulobacter_20130601_20151101"
"20130601","20151101","Legacy only","env_cycl",TRUE,TRUE,"genus_bac","caulobacter","Taxonomic","env_cycl_caulobacter_20130601_20151101"
"20130601","20170101","Legacy + 1 year current methods","cycl_only",TRUE,TRUE,"genus_bac","caulobacter","Taxonomic","cycl_only_caulobacter_20130601_20170101"
"20130601","20170101","Legacy + 1 year current methods","env_cov",TRUE,TRUE,"genus_bac","caulobacter","Taxonomic","env_cov_caulobacter_20130601_20170101"
"20130601","20170101","Legacy + 1 year current methods","env_cycl",TRUE,TRUE,"genus_bac","caulobacter","Taxonomic","env_cycl_caulobacter_20130601_20170101"
"20130601","20180101","Legacy with covariate 2013-2018","cycl_only",TRUE,TRUE,"genus_bac","caulobacter","Taxonomic","cycl_only_caulobacter_20130601_20180101"
"20130601","20180101","Legacy with covariate 2013-2018","env_cov",TRUE,TRUE,"genus_bac","caulobacter","Taxonomic","env_cov_caulobacter_20130601_20180101"
"20130601","20180101","Legacy with covariate 2013-2018","env_cycl",TRUE,TRUE,"genus_bac","caulobacter","Taxonomic","env_cycl_caulobacter_20130601_20180101"
"20151101","20180101","2 year current methods","cycl_only",TRUE,TRUE,"genus_bac","caulobacter","Taxonomic","cycl_only_caulobacter_20151101_20180101"
"20151101","20180101","2 year current methods","env_cov",TRUE,TRUE,"genus_bac","caulobacter","Taxonomic","env_cov_caulobacter_20151101_20180101"
"20151101","20180101","2 year current methods","env_cycl",TRUE,TRUE,"genus_bac","caulobacter","Taxonomic","env_cycl_caulobacter_20151101_20180101"
"20151101","20180101","Legacy with covariate 2013-2018","cycl_only",TRUE,TRUE,"genus_bac","caulobacter","Taxonomic","cycl_only_caulobacter_20130601_20180101"
"20151101","20180101","Legacy with covariate 2013-2018","env_cov",TRUE,TRUE,"genus_bac","caulobacter","Taxonomic","env_cov_caulobacter_20130601_20180101"
"20151101","20180101","Legacy with covariate 2013-2018","env_cycl",TRUE,TRUE,"genus_bac","caulobacter","Taxonomic","env_cycl_caulobacter_20130601_20180101"
"20151101","20200101","Full dataset","cycl_only",TRUE,TRUE,"genus_bac","caulobacter","Taxonomic","cycl_only_caulobacter_20151101_20200101"
"20151101","20200101","Full dataset","env_cov",TRUE,TRUE,"genus_bac","caulobacter","Taxonomic","env_cov_caulobacter_20151101_20200101"
"20151101","20200101","Full dataset","env_cycl",TRUE,TRUE,"genus_bac","caulobacter","Taxonomic","env_cycl_caulobacter_20151101_20200101"
"20130601","20151101","Legacy only","cycl_only",TRUE,TRUE,"genus_bac","chthoniobacter","Taxonomic","cycl_only_chthoniobacter_20130601_20151101"
"20130601","20151101","Legacy only","env_cov",TRUE,TRUE,"genus_bac","chthoniobacter","Taxonomic","env_cov_chthoniobacter_20130601_20151101"
"20130601","20151101","Legacy only","env_cycl",TRUE,TRUE,"genus_bac","chthoniobacter","Taxonomic","env_cycl_chthoniobacter_20130601_20151101"
"20130601","20170101","Legacy + 1 year current methods","cycl_only",TRUE,TRUE,"genus_bac","chthoniobacter","Taxonomic","cycl_only_chthoniobacter_20130601_20170101"
"20130601","20170101","Legacy + 1 year current methods","env_cov",TRUE,TRUE,"genus_bac","chthoniobacter","Taxonomic","env_cov_chthoniobacter_20130601_20170101"
"20130601","20170101","Legacy + 1 year current methods","env_cycl",TRUE,TRUE,"genus_bac","chthoniobacter","Taxonomic","env_cycl_chthoniobacter_20130601_20170101"
"20130601","20180101","Legacy with covariate 2013-2018","cycl_only",TRUE,TRUE,"genus_bac","chthoniobacter","Taxonomic","cycl_only_chthoniobacter_20130601_20180101"
"20130601","20180101","Legacy with covariate 2013-2018","env_cov",TRUE,TRUE,"genus_bac","chthoniobacter","Taxonomic","env_cov_chthoniobacter_20130601_20180101"
"20130601","20180101","Legacy with covariate 2013-2018","env_cycl",TRUE,TRUE,"genus_bac","chthoniobacter","Taxonomic","env_cycl_chthoniobacter_20130601_20180101"
"20151101","20180101","2 year current methods","cycl_only",TRUE,TRUE,"genus_bac","chthoniobacter","Taxonomic","cycl_only_chthoniobacter_20151101_20180101"
"20151101","20180101","2 year current methods","env_cov",TRUE,TRUE,"genus_bac","chthoniobacter","Taxonomic","env_cov_chthoniobacter_20151101_20180101"
"20151101","20180101","2 year current methods","env_cycl",TRUE,TRUE,"genus_bac","chthoniobacter","Taxonomic","env_cycl_chthoniobacter_20151101_20180101"
"20151101","20180101","Legacy with covariate 2013-2018","cycl_only",TRUE,TRUE,"genus_bac","chthoniobacter","Taxonomic","cycl_only_chthoniobacter_20130601_20180101"
"20151101","20180101","Legacy with covariate 2013-2018","env_cov",TRUE,TRUE,"genus_bac","chthoniobacter","Taxonomic","env_cov_chthoniobacter_20130601_20180101"
"20151101","20180101","Legacy with covariate 2013-2018","env_cycl",TRUE,TRUE,"genus_bac","chthoniobacter","Taxonomic","env_cycl_chthoniobacter_20130601_20180101"
"20151101","20200101","Full dataset","cycl_only",TRUE,TRUE,"genus_bac","chthoniobacter","Taxonomic","cycl_only_chthoniobacter_20151101_20200101"
"20151101","20200101","Full dataset","env_cov",TRUE,TRUE,"genus_bac","chthoniobacter","Taxonomic","env_cov_chthoniobacter_20151101_20200101"
"20151101","20200101","Full dataset","env_cycl",TRUE,TRUE,"genus_bac","chthoniobacter","Taxonomic","env_cycl_chthoniobacter_20151101_20200101"
"20130601","20151101","Legacy only","cycl_only",TRUE,TRUE,"genus_bac","conexibacter","Taxonomic","cycl_only_conexibacter_20130601_20151101"
"20130601","20151101","Legacy only","env_cov",TRUE,TRUE,"genus_bac","conexibacter","Taxonomic","env_cov_conexibacter_20130601_20151101"
"20130601","20151101","Legacy only","env_cycl",TRUE,TRUE,"genus_bac","conexibacter","Taxonomic","env_cycl_conexibacter_20130601_20151101"
"20130601","20170101","Legacy + 1 year current methods","cycl_only",TRUE,TRUE,"genus_bac","conexibacter","Taxonomic","cycl_only_conexibacter_20130601_20170101"
"20130601","20170101","Legacy + 1 year current methods","env_cov",TRUE,TRUE,"genus_bac","conexibacter","Taxonomic","env_cov_conexibacter_20130601_20170101"
"20130601","20170101","Legacy + 1 year current methods","env_cycl",TRUE,TRUE,"genus_bac","conexibacter","Taxonomic","env_cycl_conexibacter_20130601_20170101"
"20130601","20180101","Legacy with covariate 2013-2018","cycl_only",TRUE,TRUE,"genus_bac","conexibacter","Taxonomic","cycl_only_conexibacter_20130601_20180101"
"20130601","20180101","Legacy with covariate 2013-2018","env_cov",TRUE,TRUE,"genus_bac","conexibacter","Taxonomic","env_cov_conexibacter_20130601_20180101"
"20130601","20180101","Legacy with covariate 2013-2018","env_cycl",TRUE,TRUE,"genus_bac","conexibacter","Taxonomic","env_cycl_conexibacter_20130601_20180101"
"20151101","20180101","2 year current methods","cycl_only",TRUE,TRUE,"genus_bac","conexibacter","Taxonomic","cycl_only_conexibacter_20151101_20180101"
"20151101","20180101","2 year current methods","env_cov",TRUE,TRUE,"genus_bac","conexibacter","Taxonomic","env_cov_conexibacter_20151101_20180101"
"20151101","20180101","2 year current methods","env_cycl",TRUE,TRUE,"genus_bac","conexibacter","Taxonomic","env_cycl_conexibacter_20151101_20180101"
"20151101","20180101","Legacy with covariate 2013-2018","cycl_only",TRUE,TRUE,"genus_bac","conexibacter","Taxonomic","cycl_only_conexibacter_20130601_20180101"
"20151101","20180101","Legacy with covariate 2013-2018","env_cov",TRUE,TRUE,"genus_bac","conexibacter","Taxonomic","env_cov_conexibacter_20130601_20180101"
"20151101","20180101","Legacy with covariate 2013-2018","env_cycl",TRUE,TRUE,"genus_bac","conexibacter","Taxonomic","env_cycl_conexibacter_20130601_20180101"
"20151101","20200101","Full dataset","cycl_only",TRUE,TRUE,"genus_bac","conexibacter","Taxonomic","cycl_only_conexibacter_20151101_20200101"
"20151101","20200101","Full dataset","env_cov",TRUE,TRUE,"genus_bac","conexibacter","Taxonomic","env_cov_conexibacter_20151101_20200101"
"20151101","20200101","Full dataset","env_cycl",TRUE,TRUE,"genus_bac","conexibacter","Taxonomic","env_cycl_conexibacter_20151101_20200101"
"20130601","20151101","Legacy only","cycl_only",TRUE,TRUE,"genus_bac","dorea","Taxonomic","cycl_only_dorea_20130601_20151101"
"20130601","20151101","Legacy only","env_cov",TRUE,TRUE,"genus_bac","dorea","Taxonomic","env_cov_dorea_20130601_20151101"
"20130601","20151101","Legacy only","env_cycl",TRUE,TRUE,"genus_bac","dorea","Taxonomic","env_cycl_dorea_20130601_20151101"
"20130601","20170101","Legacy + 1 year current methods","cycl_only",TRUE,TRUE,"genus_bac","dorea","Taxonomic","cycl_only_dorea_20130601_20170101"
"20130601","20170101","Legacy + 1 year current methods","env_cov",TRUE,TRUE,"genus_bac","dorea","Taxonomic","env_cov_dorea_20130601_20170101"
"20130601","20170101","Legacy + 1 year current methods","env_cycl",TRUE,TRUE,"genus_bac","dorea","Taxonomic","env_cycl_dorea_20130601_20170101"
"20130601","20180101","Legacy with covariate 2013-2018","cycl_only",TRUE,TRUE,"genus_bac","dorea","Taxonomic","cycl_only_dorea_20130601_20180101"
"20130601","20180101","Legacy with covariate 2013-2018","env_cov",TRUE,TRUE,"genus_bac","dorea","Taxonomic","env_cov_dorea_20130601_20180101"
"20130601","20180101","Legacy with covariate 2013-2018","env_cycl",TRUE,TRUE,"genus_bac","dorea","Taxonomic","env_cycl_dorea_20130601_20180101"
"20151101","20180101","2 year current methods","cycl_only",TRUE,TRUE,"genus_bac","dorea","Taxonomic","cycl_only_dorea_20151101_20180101"
"20151101","20180101","2 year current methods","env_cov",TRUE,TRUE,"genus_bac","dorea","Taxonomic","env_cov_dorea_20151101_20180101"
"20151101","20180101","2 year current methods","env_cycl",TRUE,TRUE,"genus_bac","dorea","Taxonomic","env_cycl_dorea_20151101_20180101"
"20151101","20180101","Legacy with covariate 2013-2018","cycl_only",TRUE,TRUE,"genus_bac","dorea","Taxonomic","cycl_only_dorea_20130601_20180101"
"20151101","20180101","Legacy with covariate 2013-2018","env_cov",TRUE,TRUE,"genus_bac","dorea","Taxonomic","env_cov_dorea_20130601_20180101"
"20151101","20180101","Legacy with covariate 2013-2018","env_cycl",TRUE,TRUE,"genus_bac","dorea","Taxonomic","env_cycl_dorea_20130601_20180101"
"20151101","20200101","Full dataset","cycl_only",TRUE,TRUE,"genus_bac","dorea","Taxonomic","cycl_only_dorea_20151101_20200101"
"20151101","20200101","Full dataset","env_cov",TRUE,TRUE,"genus_bac","dorea","Taxonomic","env_cov_dorea_20151101_20200101"
"20151101","20200101","Full dataset","env_cycl",TRUE,TRUE,"genus_bac","dorea","Taxonomic","env_cycl_dorea_20151101_20200101"
"20130601","20151101","Legacy only","cycl_only",TRUE,TRUE,"genus_bac","gaiella","Taxonomic","cycl_only_gaiella_20130601_20151101"
"20130601","20151101","Legacy only","env_cov",TRUE,TRUE,"genus_bac","gaiella","Taxonomic","env_cov_gaiella_20130601_20151101"
"20130601","20151101","Legacy only","env_cycl",TRUE,TRUE,"genus_bac","gaiella","Taxonomic","env_cycl_gaiella_20130601_20151101"
"20130601","20170101","Legacy + 1 year current methods","cycl_only",TRUE,TRUE,"genus_bac","gaiella","Taxonomic","cycl_only_gaiella_20130601_20170101"
"20130601","20170101","Legacy + 1 year current methods","env_cov",TRUE,TRUE,"genus_bac","gaiella","Taxonomic","env_cov_gaiella_20130601_20170101"
"20130601","20170101","Legacy + 1 year current methods","env_cycl",TRUE,TRUE,"genus_bac","gaiella","Taxonomic","env_cycl_gaiella_20130601_20170101"
"20130601","20180101","Legacy with covariate 2013-2018","cycl_only",TRUE,TRUE,"genus_bac","gaiella","Taxonomic","cycl_only_gaiella_20130601_20180101"
"20130601","20180101","Legacy with covariate 2013-2018","env_cov",TRUE,TRUE,"genus_bac","gaiella","Taxonomic","env_cov_gaiella_20130601_20180101"
"20130601","20180101","Legacy with covariate 2013-2018","env_cycl",TRUE,TRUE,"genus_bac","gaiella","Taxonomic","env_cycl_gaiella_20130601_20180101"
"20151101","20180101","2 year current methods","cycl_only",TRUE,TRUE,"genus_bac","gaiella","Taxonomic","cycl_only_gaiella_20151101_20180101"
"20151101","20180101","2 year current methods","env_cov",TRUE,TRUE,"genus_bac","gaiella","Taxonomic","env_cov_gaiella_20151101_20180101"
"20151101","20180101","2 year current methods","env_cycl",TRUE,TRUE,"genus_bac","gaiella","Taxonomic","env_cycl_gaiella_20151101_20180101"
"20151101","20180101","Legacy with covariate 2013-2018","cycl_only",TRUE,TRUE,"genus_bac","gaiella","Taxonomic","cycl_only_gaiella_20130601_20180101"
"20151101","20180101","Legacy with covariate 2013-2018","env_cov",TRUE,TRUE,"genus_bac","gaiella","Taxonomic","env_cov_gaiella_20130601_20180101"
"20151101","20180101","Legacy with covariate 2013-2018","env_cycl",TRUE,TRUE,"genus_bac","gaiella","Taxonomic","env_cycl_gaiella_20130601_20180101"
"20151101","20200101","Full dataset","cycl_only",TRUE,TRUE,"genus_bac","gaiella","Taxonomic","cycl_only_gaiella_20151101_20200101"
"20151101","20200101","Full dataset","env_cov",TRUE,TRUE,"genus_bac","gaiella","Taxonomic","env_cov_gaiella_20151101_20200101"
"20151101","20200101","Full dataset","env_cycl",TRUE,TRUE,"genus_bac","gaiella","Taxonomic","env_cycl_gaiella_20151101_20200101"
"20130601","20151101","Legacy only","cycl_only",TRUE,TRUE,"genus_bac","mycobacterium","Taxonomic","cycl_only_mycobacterium_20130601_20151101"
"20130601","20151101","Legacy only","env_cov",TRUE,TRUE,"genus_bac","mycobacterium","Taxonomic","env_cov_mycobacterium_20130601_20151101"
"20130601","20151101","Legacy only","env_cycl",TRUE,TRUE,"genus_bac","mycobacterium","Taxonomic","env_cycl_mycobacterium_20130601_20151101"
"20130601","20170101","Legacy + 1 year current methods","cycl_only",TRUE,TRUE,"genus_bac","mycobacterium","Taxonomic","cycl_only_mycobacterium_20130601_20170101"
"20130601","20170101","Legacy + 1 year current methods","env_cov",TRUE,TRUE,"genus_bac","mycobacterium","Taxonomic","env_cov_mycobacterium_20130601_20170101"
"20130601","20170101","Legacy + 1 year current methods","env_cycl",TRUE,TRUE,"genus_bac","mycobacterium","Taxonomic","env_cycl_mycobacterium_20130601_20170101"
"20130601","20180101","Legacy with covariate 2013-2018","cycl_only",TRUE,TRUE,"genus_bac","mycobacterium","Taxonomic","cycl_only_mycobacterium_20130601_20180101"
"20130601","20180101","Legacy with covariate 2013-2018","env_cov",TRUE,TRUE,"genus_bac","mycobacterium","Taxonomic","env_cov_mycobacterium_20130601_20180101"
"20130601","20180101","Legacy with covariate 2013-2018","env_cycl",TRUE,TRUE,"genus_bac","mycobacterium","Taxonomic","env_cycl_mycobacterium_20130601_20180101"
"20151101","20180101","2 year current methods","cycl_only",TRUE,TRUE,"genus_bac","mycobacterium","Taxonomic","cycl_only_mycobacterium_20151101_20180101"
"20151101","20180101","2 year current methods","env_cov",TRUE,TRUE,"genus_bac","mycobacterium","Taxonomic","env_cov_mycobacterium_20151101_20180101"
"20151101","20180101","2 year current methods","env_cycl",TRUE,TRUE,"genus_bac","mycobacterium","Taxonomic","env_cycl_mycobacterium_20151101_20180101"
"20151101","20180101","Legacy with covariate 2013-2018","cycl_only",TRUE,TRUE,"genus_bac","mycobacterium","Taxonomic","cycl_only_mycobacterium_20130601_20180101"
"20151101","20180101","Legacy with covariate 2013-2018","env_cov",TRUE,TRUE,"genus_bac","mycobacterium","Taxonomic","env_cov_mycobacterium_20130601_20180101"
"20151101","20180101","Legacy with covariate 2013-2018","env_cycl",TRUE,TRUE,"genus_bac","mycobacterium","Taxonomic","env_cycl_mycobacterium_20130601_20180101"
"20151101","20200101","Full dataset","cycl_only",TRUE,TRUE,"genus_bac","mycobacterium","Taxonomic","cycl_only_mycobacterium_20151101_20200101"
"20151101","20200101","Full dataset","env_cov",TRUE,TRUE,"genus_bac","mycobacterium","Taxonomic","env_cov_mycobacterium_20151101_20200101"
"20151101","20200101","Full dataset","env_cycl",TRUE,TRUE,"genus_bac","mycobacterium","Taxonomic","env_cycl_mycobacterium_20151101_20200101"
"20130601","20151101","Legacy only","cycl_only",TRUE,TRUE,"genus_bac","nitrospira","Taxonomic","cycl_only_nitrospira_20130601_20151101"
"20130601","20151101","Legacy only","env_cov",TRUE,TRUE,"genus_bac","nitrospira","Taxonomic","env_cov_nitrospira_20130601_20151101"
"20130601","20151101","Legacy only","env_cycl",TRUE,TRUE,"genus_bac","nitrospira","Taxonomic","env_cycl_nitrospira_20130601_20151101"
"20130601","20170101","Legacy + 1 year current methods","cycl_only",TRUE,TRUE,"genus_bac","nitrospira","Taxonomic","cycl_only_nitrospira_20130601_20170101"
"20130601","20170101","Legacy + 1 year current methods","env_cov",TRUE,TRUE,"genus_bac","nitrospira","Taxonomic","env_cov_nitrospira_20130601_20170101"
"20130601","20170101","Legacy + 1 year current methods","env_cycl",TRUE,TRUE,"genus_bac","nitrospira","Taxonomic","env_cycl_nitrospira_20130601_20170101"
"20130601","20180101","Legacy with covariate 2013-2018","cycl_only",TRUE,TRUE,"genus_bac","nitrospira","Taxonomic","cycl_only_nitrospira_20130601_20180101"
"20130601","20180101","Legacy with covariate 2013-2018","env_cov",TRUE,TRUE,"genus_bac","nitrospira","Taxonomic","env_cov_nitrospira_20130601_20180101"
"20130601","20180101","Legacy with covariate 2013-2018","env_cycl",TRUE,TRUE,"genus_bac","nitrospira","Taxonomic","env_cycl_nitrospira_20130601_20180101"
"20151101","20180101","2 year current methods","cycl_only",TRUE,TRUE,"genus_bac","nitrospira","Taxonomic","cycl_only_nitrospira_20151101_20180101"
"20151101","20180101","2 year current methods","env_cov",TRUE,TRUE,"genus_bac","nitrospira","Taxonomic","env_cov_nitrospira_20151101_20180101"
"20151101","20180101","2 year current methods","env_cycl",TRUE,TRUE,"genus_bac","nitrospira","Taxonomic","env_cycl_nitrospira_20151101_20180101"
"20151101","20180101","Legacy with covariate 2013-2018","cycl_only",TRUE,TRUE,"genus_bac","nitrospira","Taxonomic","cycl_only_nitrospira_20130601_20180101"
"20151101","20180101","Legacy with covariate 2013-2018","env_cov",TRUE,TRUE,"genus_bac","nitrospira","Taxonomic","env_cov_nitrospira_20130601_20180101"
"20151101","20180101","Legacy with covariate 2013-2018","env_cycl",TRUE,TRUE,"genus_bac","nitrospira","Taxonomic","env_cycl_nitrospira_20130601_20180101"
"20151101","20200101","Full dataset","cycl_only",TRUE,TRUE,"genus_bac","nitrospira","Taxonomic","cycl_only_nitrospira_20151101_20200101"
"20151101","20200101","Full dataset","env_cov",TRUE,TRUE,"genus_bac","nitrospira","Taxonomic","env_cov_nitrospira_20151101_20200101"
"20151101","20200101","Full dataset","env_cycl",TRUE,TRUE,"genus_bac","nitrospira","Taxonomic","env_cycl_nitrospira_20151101_20200101"
"20130601","20151101","Legacy only","cycl_only",TRUE,TRUE,"genus_bac","puia","Taxonomic","cycl_only_puia_20130601_20151101"
"20130601","20151101","Legacy only","env_cov",TRUE,TRUE,"genus_bac","puia","Taxonomic","env_cov_puia_20130601_20151101"
"20130601","20151101","Legacy only","env_cycl",TRUE,TRUE,"genus_bac","puia","Taxonomic","env_cycl_puia_20130601_20151101"
"20130601","20170101","Legacy + 1 year current methods","cycl_only",TRUE,TRUE,"genus_bac","puia","Taxonomic","cycl_only_puia_20130601_20170101"
"20130601","20170101","Legacy + 1 year current methods","env_cov",TRUE,TRUE,"genus_bac","puia","Taxonomic","env_cov_puia_20130601_20170101"
"20130601","20170101","Legacy + 1 year current methods","env_cycl",TRUE,TRUE,"genus_bac","puia","Taxonomic","env_cycl_puia_20130601_20170101"
"20130601","20180101","Legacy with covariate 2013-2018","cycl_only",TRUE,TRUE,"genus_bac","puia","Taxonomic","cycl_only_puia_20130601_20180101"
"20130601","20180101","Legacy with covariate 2013-2018","env_cov",TRUE,TRUE,"genus_bac","puia","Taxonomic","env_cov_puia_20130601_20180101"
"20130601","20180101","Legacy with covariate 2013-2018","env_cycl",TRUE,TRUE,"genus_bac","puia","Taxonomic","env_cycl_puia_20130601_20180101"
"20151101","20180101","2 year current methods","cycl_only",TRUE,TRUE,"genus_bac","puia","Taxonomic","cycl_only_puia_20151101_20180101"
"20151101","20180101","2 year current methods","env_cov",TRUE,TRUE,"genus_bac","puia","Taxonomic","env_cov_puia_20151101_20180101"
"20151101","20180101","2 year current methods","env_cycl",TRUE,TRUE,"genus_bac","puia","Taxonomic","env_cycl_puia_20151101_20180101"
"20151101","20180101","Legacy with covariate 2013-2018","cycl_only",TRUE,TRUE,"genus_bac","puia","Taxonomic","cycl_only_puia_20130601_20180101"
"20151101","20180101","Legacy with covariate 2013-2018","env_cov",TRUE,TRUE,"genus_bac","puia","Taxonomic","env_cov_puia_20130601_20180101"
"20151101","20180101","Legacy with covariate 2013-2018","env_cycl",TRUE,TRUE,"genus_bac","puia","Taxonomic","env_cycl_puia_20130601_20180101"
"20151101","20200101","Full dataset","cycl_only",TRUE,TRUE,"genus_bac","puia","Taxonomic","cycl_only_puia_20151101_20200101"
"20151101","20200101","Full dataset","env_cov",TRUE,TRUE,"genus_bac","puia","Taxonomic","env_cov_puia_20151101_20200101"
"20151101","20200101","Full dataset","env_cycl",TRUE,TRUE,"genus_bac","puia","Taxonomic","env_cycl_puia_20151101_20200101"
"20130601","20151101","Legacy only","cycl_only",TRUE,TRUE,"genus_bac","rb41","Taxonomic","cycl_only_rb41_20130601_20151101"
"20130601","20151101","Legacy only","env_cov",TRUE,TRUE,"genus_bac","rb41","Taxonomic","env_cov_rb41_20130601_20151101"
"20130601","20151101","Legacy only","env_cycl",TRUE,TRUE,"genus_bac","rb41","Taxonomic","env_cycl_rb41_20130601_20151101"
"20130601","20170101","Legacy + 1 year current methods","cycl_only",TRUE,TRUE,"genus_bac","rb41","Taxonomic","cycl_only_rb41_20130601_20170101"
"20130601","20170101","Legacy + 1 year current methods","env_cov",TRUE,TRUE,"genus_bac","rb41","Taxonomic","env_cov_rb41_20130601_20170101"
"20130601","20170101","Legacy + 1 year current methods","env_cycl",TRUE,TRUE,"genus_bac","rb41","Taxonomic","env_cycl_rb41_20130601_20170101"
"20130601","20180101","Legacy with covariate 2013-2018","cycl_only",TRUE,TRUE,"genus_bac","rb41","Taxonomic","cycl_only_rb41_20130601_20180101"
"20130601","20180101","Legacy with covariate 2013-2018","env_cov",TRUE,TRUE,"genus_bac","rb41","Taxonomic","env_cov_rb41_20130601_20180101"
"20130601","20180101","Legacy with covariate 2013-2018","env_cycl",TRUE,TRUE,"genus_bac","rb41","Taxonomic","env_cycl_rb41_20130601_20180101"
"20151101","20180101","2 year current methods","cycl_only",TRUE,TRUE,"genus_bac","rb41","Taxonomic","cycl_only_rb41_20151101_20180101"
"20151101","20180101","2 year current methods","env_cov",TRUE,TRUE,"genus_bac","rb41","Taxonomic","env_cov_rb41_20151101_20180101"
"20151101","20180101","2 year current methods","env_cycl",TRUE,TRUE,"genus_bac","rb41","Taxonomic","env_cycl_rb41_20151101_20180101"
"20151101","20180101","Legacy with covariate 2013-2018","cycl_only",TRUE,TRUE,"genus_bac","rb41","Taxonomic","cycl_only_rb41_20130601_20180101"
"20151101","20180101","Legacy with covariate 2013-2018","env_cov",TRUE,TRUE,"genus_bac","rb41","Taxonomic","env_cov_rb41_20130601_20180101"
"20151101","20180101","Legacy with covariate 2013-2018","env_cycl",TRUE,TRUE,"genus_bac","rb41","Taxonomic","env_cycl_rb41_20130601_20180101"
"20151101","20200101","Full dataset","cycl_only",TRUE,TRUE,"genus_bac","rb41","Taxonomic","cycl_only_rb41_20151101_20200101"
"20151101","20200101","Full dataset","env_cov",TRUE,TRUE,"genus_bac","rb41","Taxonomic","env_cov_rb41_20151101_20200101"
"20151101","20200101","Full dataset","env_cycl",TRUE,TRUE,"genus_bac","rb41","Taxonomic","env_cycl_rb41_20151101_20200101"
"20130601","20151101","Legacy only","cycl_only",TRUE,TRUE,"genus_bac","reyranella","Taxonomic","cycl_only_reyranella_20130601_20151101"
"20130601","20151101","Legacy only","env_cov",TRUE,TRUE,"genus_bac","reyranella","Taxonomic","env_cov_reyranella_20130601_20151101"
"20130601","20151101","Legacy only","env_cycl",TRUE,TRUE,"genus_bac","reyranella","Taxonomic","env_cycl_reyranella_20130601_20151101"
"20130601","20170101","Legacy + 1 year current methods","cycl_only",TRUE,TRUE,"genus_bac","reyranella","Taxonomic","cycl_only_reyranella_20130601_20170101"
"20130601","20170101","Legacy + 1 year current methods","env_cov",TRUE,TRUE,"genus_bac","reyranella","Taxonomic","env_cov_reyranella_20130601_20170101"
"20130601","20170101","Legacy + 1 year current methods","env_cycl",TRUE,TRUE,"genus_bac","reyranella","Taxonomic","env_cycl_reyranella_20130601_20170101"
"20130601","20180101","Legacy with covariate 2013-2018","cycl_only",TRUE,TRUE,"genus_bac","reyranella","Taxonomic","cycl_only_reyranella_20130601_20180101"
"20130601","20180101","Legacy with covariate 2013-2018","env_cov",TRUE,TRUE,"genus_bac","reyranella","Taxonomic","env_cov_reyranella_20130601_20180101"
"20130601","20180101","Legacy with covariate 2013-2018","env_cycl",TRUE,TRUE,"genus_bac","reyranella","Taxonomic","env_cycl_reyranella_20130601_20180101"
"20151101","20180101","2 year current methods","cycl_only",TRUE,TRUE,"genus_bac","reyranella","Taxonomic","cycl_only_reyranella_20151101_20180101"
"20151101","20180101","2 year current methods","env_cov",TRUE,TRUE,"genus_bac","reyranella","Taxonomic","env_cov_reyranella_20151101_20180101"
"20151101","20180101","2 year current methods","env_cycl",TRUE,TRUE,"genus_bac","reyranella","Taxonomic","env_cycl_reyranella_20151101_20180101"
"20151101","20180101","Legacy with covariate 2013-2018","cycl_only",TRUE,TRUE,"genus_bac","reyranella","Taxonomic","cycl_only_reyranella_20130601_20180101"
"20151101","20180101","Legacy with covariate 2013-2018","env_cov",TRUE,TRUE,"genus_bac","reyranella","Taxonomic","env_cov_reyranella_20130601_20180101"
"20151101","20180101","Legacy with covariate 2013-2018","env_cycl",TRUE,TRUE,"genus_bac","reyranella","Taxonomic","env_cycl_reyranella_20130601_20180101"
"20151101","20200101","Full dataset","cycl_only",TRUE,TRUE,"genus_bac","reyranella","Taxonomic","cycl_only_reyranella_20151101_20200101"
"20151101","20200101","Full dataset","env_cov",TRUE,TRUE,"genus_bac","reyranella","Taxonomic","env_cov_reyranella_20151101_20200101"
"20151101","20200101","Full dataset","env_cycl",TRUE,TRUE,"genus_bac","reyranella","Taxonomic","env_cycl_reyranella_20151101_20200101"
"20130601","20151101","Legacy only","cycl_only",TRUE,TRUE,"genus_bac","rhodoplanes","Taxonomic","cycl_only_rhodoplanes_20130601_20151101"
"20130601","20151101","Legacy only","env_cov",TRUE,TRUE,"genus_bac","rhodoplanes","Taxonomic","env_cov_rhodoplanes_20130601_20151101"
"20130601","20151101","Legacy only","env_cycl",TRUE,TRUE,"genus_bac","rhodoplanes","Taxonomic","env_cycl_rhodoplanes_20130601_20151101"
"20130601","20170101","Legacy + 1 year current methods","cycl_only",TRUE,TRUE,"genus_bac","rhodoplanes","Taxonomic","cycl_only_rhodoplanes_20130601_20170101"
"20130601","20170101","Legacy + 1 year current methods","env_cov",TRUE,TRUE,"genus_bac","rhodoplanes","Taxonomic","env_cov_rhodoplanes_20130601_20170101"
"20130601","20170101","Legacy + 1 year current methods","env_cycl",TRUE,TRUE,"genus_bac","rhodoplanes","Taxonomic","env_cycl_rhodoplanes_20130601_20170101"
"20130601","20180101","Legacy with covariate 2013-2018","cycl_only",TRUE,TRUE,"genus_bac","rhodoplanes","Taxonomic","cycl_only_rhodoplanes_20130601_20180101"
"20130601","20180101","Legacy with covariate 2013-2018","env_cov",TRUE,TRUE,"genus_bac","rhodoplanes","Taxonomic","env_cov_rhodoplanes_20130601_20180101"
"20130601","20180101","Legacy with covariate 2013-2018","env_cycl",TRUE,TRUE,"genus_bac","rhodoplanes","Taxonomic","env_cycl_rhodoplanes_20130601_20180101"
"20151101","20180101","2 year current methods","cycl_only",TRUE,TRUE,"genus_bac","rhodoplanes","Taxonomic","cycl_only_rhodoplanes_20151101_20180101"
"20151101","20180101","2 year current methods","env_cov",TRUE,TRUE,"genus_bac","rhodoplanes","Taxonomic","env_cov_rhodoplanes_20151101_20180101"
"20151101","20180101","2 year current methods","env_cycl",TRUE,TRUE,"genus_bac","rhodoplanes","Taxonomic","env_cycl_rhodoplanes_20151101_20180101"
"20151101","20180101","Legacy with covariate 2013-2018","cycl_only",TRUE,TRUE,"genus_bac","rhodoplanes","Taxonomic","cycl_only_rhodoplanes_20130601_20180101"
"20151101","20180101","Legacy with covariate 2013-2018","env_cov",TRUE,TRUE,"genus_bac","rhodoplanes","Taxonomic","env_cov_rhodoplanes_20130601_20180101"
"20151101","20180101","Legacy with covariate 2013-2018","env_cycl",TRUE,TRUE,"genus_bac","rhodoplanes","Taxonomic","env_cycl_rhodoplanes_20130601_20180101"
"20151101","20200101","Full dataset","cycl_only",TRUE,TRUE,"genus_bac","rhodoplanes","Taxonomic","cycl_only_rhodoplanes_20151101_20200101"
"20151101","20200101","Full dataset","env_cov",TRUE,TRUE,"genus_bac","rhodoplanes","Taxonomic","env_cov_rhodoplanes_20151101_20200101"
"20151101","20200101","Full dataset","env_cycl",TRUE,TRUE,"genus_bac","rhodoplanes","Taxonomic","env_cycl_rhodoplanes_20151101_20200101"
"20130601","20151101","Legacy only","cycl_only",TRUE,TRUE,"genus_bac","streptococcus","Taxonomic","cycl_only_streptococcus_20130601_20151101"
"20130601","20151101","Legacy only","env_cov",TRUE,TRUE,"genus_bac","streptococcus","Taxonomic","env_cov_streptococcus_20130601_20151101"
"20130601","20151101","Legacy only","env_cycl",TRUE,TRUE,"genus_bac","streptococcus","Taxonomic","env_cycl_streptococcus_20130601_20151101"
"20130601","20170101","Legacy + 1 year current methods","cycl_only",TRUE,TRUE,"genus_bac","streptococcus","Taxonomic","cycl_only_streptococcus_20130601_20170101"
"20130601","20170101","Legacy + 1 year current methods","env_cov",TRUE,TRUE,"genus_bac","streptococcus","Taxonomic","env_cov_streptococcus_20130601_20170101"
"20130601","20170101","Legacy + 1 year current methods","env_cycl",TRUE,TRUE,"genus_bac","streptococcus","Taxonomic","env_cycl_streptococcus_20130601_20170101"
"20130601","20180101","Legacy with covariate 2013-2018","cycl_only",TRUE,TRUE,"genus_bac","streptococcus","Taxonomic","cycl_only_streptococcus_20130601_20180101"
"20130601","20180101","Legacy with covariate 2013-2018","env_cov",TRUE,TRUE,"genus_bac","streptococcus","Taxonomic","env_cov_streptococcus_20130601_20180101"
"20130601","20180101","Legacy with covariate 2013-2018","env_cycl",TRUE,TRUE,"genus_bac","streptococcus","Taxonomic","env_cycl_streptococcus_20130601_20180101"
"20151101","20180101","2 year current methods","cycl_only",TRUE,TRUE,"genus_bac","streptococcus","Taxonomic","cycl_only_streptococcus_20151101_20180101"
"20151101","20180101","2 year current methods","env_cov",TRUE,TRUE,"genus_bac","streptococcus","Taxonomic","env_cov_streptococcus_20151101_20180101"
"20151101","20180101","2 year current methods","env_cycl",TRUE,TRUE,"genus_bac","streptococcus","Taxonomic","env_cycl_streptococcus_20151101_20180101"
"20151101","20180101","Legacy with covariate 2013-2018","cycl_only",TRUE,TRUE,"genus_bac","streptococcus","Taxonomic","cycl_only_streptococcus_20130601_20180101"
"20151101","20180101","Legacy with covariate 2013-2018","env_cov",TRUE,TRUE,"genus_bac","streptococcus","Taxonomic","env_cov_streptococcus_20130601_20180101"
"20151101","20180101","Legacy with covariate 2013-2018","env_cycl",TRUE,TRUE,"genus_bac","streptococcus","Taxonomic","env_cycl_streptococcus_20130601_20180101"
"20151101","20200101","Full dataset","cycl_only",TRUE,TRUE,"genus_bac","streptococcus","Taxonomic","cycl_only_streptococcus_20151101_20200101"
"20151101","20200101","Full dataset","env_cov",TRUE,TRUE,"genus_bac","streptococcus","Taxonomic","env_cov_streptococcus_20151101_20200101"
"20151101","20200101","Full dataset","env_cycl",TRUE,TRUE,"genus_bac","streptococcus","Taxonomic","env_cycl_streptococcus_20151101_20200101"
"20130601","20151101","Legacy only","cycl_only",TRUE,TRUE,"genus_bac","streptomyces","Taxonomic","cycl_only_streptomyces_20130601_20151101"
"20130601","20151101","Legacy only","env_cov",TRUE,TRUE,"genus_bac","streptomyces","Taxonomic","env_cov_streptomyces_20130601_20151101"
"20130601","20151101","Legacy only","env_cycl",TRUE,TRUE,"genus_bac","streptomyces","Taxonomic","env_cycl_streptomyces_20130601_20151101"
"20130601","20170101","Legacy + 1 year current methods","cycl_only",TRUE,TRUE,"genus_bac","streptomyces","Taxonomic","cycl_only_streptomyces_20130601_20170101"
"20130601","20170101","Legacy + 1 year current methods","env_cov",TRUE,TRUE,"genus_bac","streptomyces","Taxonomic","env_cov_streptomyces_20130601_20170101"
"20130601","20170101","Legacy + 1 year current methods","env_cycl",TRUE,TRUE,"genus_bac","streptomyces","Taxonomic","env_cycl_streptomyces_20130601_20170101"
"20130601","20180101","Legacy with covariate 2013-2018","cycl_only",TRUE,TRUE,"genus_bac","streptomyces","Taxonomic","cycl_only_streptomyces_20130601_20180101"
"20130601","20180101","Legacy with covariate 2013-2018","env_cov",TRUE,TRUE,"genus_bac","streptomyces","Taxonomic","env_cov_streptomyces_20130601_20180101"
"20130601","20180101","Legacy with covariate 2013-2018","env_cycl",TRUE,TRUE,"genus_bac","streptomyces","Taxonomic","env_cycl_streptomyces_20130601_20180101"
"20151101","20180101","2 year current methods","cycl_only",TRUE,TRUE,"genus_bac","streptomyces","Taxonomic","cycl_only_streptomyces_20151101_20180101"
"20151101","20180101","2 year current methods","env_cov",TRUE,TRUE,"genus_bac","streptomyces","Taxonomic","env_cov_streptomyces_20151101_20180101"
"20151101","20180101","2 year current methods","env_cycl",TRUE,TRUE,"genus_bac","streptomyces","Taxonomic","env_cycl_streptomyces_20151101_20180101"
"20151101","20180101","Legacy with covariate 2013-2018","cycl_only",TRUE,TRUE,"genus_bac","streptomyces","Taxonomic","cycl_only_streptomyces_20130601_20180101"
"20151101","20180101","Legacy with covariate 2013-2018","env_cov",TRUE,TRUE,"genus_bac","streptomyces","Taxonomic","env_cov_streptomyces_20130601_20180101"
"20151101","20180101","Legacy with covariate 2013-2018","env_cycl",TRUE,TRUE,"genus_bac","streptomyces","Taxonomic","env_cycl_streptomyces_20130601_20180101"
"20151101","20200101","Full dataset","cycl_only",TRUE,TRUE,"genus_bac","streptomyces","Taxonomic","cycl_only_streptomyces_20151101_20200101"
"20151101","20200101","Full dataset","env_cov",TRUE,TRUE,"genus_bac","streptomyces","Taxonomic","env_cov_streptomyces_20151101_20200101"
"20151101","20200101","Full dataset","env_cycl",TRUE,TRUE,"genus_bac","streptomyces","Taxonomic","env_cycl_streptomyces_20151101_20200101"
"20130601","20151101","Legacy only","cycl_only",TRUE,TRUE,"phylum_fun","ascomycota","Taxonomic","cycl_only_ascomycota_20130601_20151101"
"20130601","20151101","Legacy only","env_cov",TRUE,TRUE,"phylum_fun","ascomycota","Taxonomic","env_cov_ascomycota_20130601_20151101"
"20130601","20151101","Legacy only","env_cycl",TRUE,TRUE,"phylum_fun","ascomycota","Taxonomic","env_cycl_ascomycota_20130601_20151101"
"20130601","20170101","Legacy + 1 year current methods","cycl_only",TRUE,TRUE,"phylum_fun","ascomycota","Taxonomic","cycl_only_ascomycota_20130601_20170101"
"20130601","20170101","Legacy + 1 year current methods","env_cov",TRUE,TRUE,"phylum_fun","ascomycota","Taxonomic","env_cov_ascomycota_20130601_20170101"
"20130601","20170101","Legacy + 1 year current methods","env_cycl",TRUE,TRUE,"phylum_fun","ascomycota","Taxonomic","env_cycl_ascomycota_20130601_20170101"
"20130601","20180101","Legacy with covariate 2013-2018","cycl_only",TRUE,TRUE,"phylum_fun","ascomycota","Taxonomic","cycl_only_ascomycota_20130601_20180101"
"20130601","20180101","Legacy with covariate 2013-2018","env_cov",TRUE,TRUE,"phylum_fun","ascomycota","Taxonomic","env_cov_ascomycota_20130601_20180101"
"20130601","20180101","Legacy with covariate 2013-2018","env_cycl",TRUE,TRUE,"phylum_fun","ascomycota","Taxonomic","env_cycl_ascomycota_20130601_20180101"
"20151101","20180101","2 year current methods","cycl_only",TRUE,TRUE,"phylum_fun","ascomycota","Taxonomic","cycl_only_ascomycota_20151101_20180101"
"20151101","20180101","2 year current methods","env_cov",TRUE,TRUE,"phylum_fun","ascomycota","Taxonomic","env_cov_ascomycota_20151101_20180101"
"20151101","20180101","2 year current methods","env_cycl",TRUE,TRUE,"phylum_fun","ascomycota","Taxonomic","env_cycl_ascomycota_20151101_20180101"
"20151101","20180101","Legacy with covariate 2013-2018","cycl_only",TRUE,TRUE,"phylum_fun","ascomycota","Taxonomic","cycl_only_ascomycota_20130601_20180101"
"20151101","20180101","Legacy with covariate 2013-2018","env_cov",TRUE,TRUE,"phylum_fun","ascomycota","Taxonomic","env_cov_ascomycota_20130601_20180101"
"20151101","20180101","Legacy with covariate 2013-2018","env_cycl",TRUE,TRUE,"phylum_fun","ascomycota","Taxonomic","env_cycl_ascomycota_20130601_20180101"
"20151101","20200101","Full dataset","cycl_only",TRUE,TRUE,"phylum_fun","ascomycota","Taxonomic","cycl_only_ascomycota_20151101_20200101"
"20151101","20200101","Full dataset","env_cov",TRUE,TRUE,"phylum_fun","ascomycota","Taxonomic","env_cov_ascomycota_20151101_20200101"
"20151101","20200101","Full dataset","env_cycl",TRUE,TRUE,"phylum_fun","ascomycota","Taxonomic","env_cycl_ascomycota_20151101_20200101"
"20130601","20151101","Legacy only","cycl_only",TRUE,TRUE,"phylum_fun","basidiomycota","Taxonomic","cycl_only_basidiomycota_20130601_20151101"
"20130601","20151101","Legacy only","env_cov",TRUE,TRUE,"phylum_fun","basidiomycota","Taxonomic","env_cov_basidiomycota_20130601_20151101"
"20130601","20151101","Legacy only","env_cycl",TRUE,TRUE,"phylum_fun","basidiomycota","Taxonomic","env_cycl_basidiomycota_20130601_20151101"
"20130601","20170101","Legacy + 1 year current methods","cycl_only",TRUE,TRUE,"phylum_fun","basidiomycota","Taxonomic","cycl_only_basidiomycota_20130601_20170101"
"20130601","20170101","Legacy + 1 year current methods","env_cov",TRUE,TRUE,"phylum_fun","basidiomycota","Taxonomic","env_cov_basidiomycota_20130601_20170101"
"20130601","20170101","Legacy + 1 year current methods","env_cycl",TRUE,TRUE,"phylum_fun","basidiomycota","Taxonomic","env_cycl_basidiomycota_20130601_20170101"
"20130601","20180101","Legacy with covariate 2013-2018","cycl_only",TRUE,TRUE,"phylum_fun","basidiomycota","Taxonomic","cycl_only_basidiomycota_20130601_20180101"
"20130601","20180101","Legacy with covariate 2013-2018","env_cov",TRUE,TRUE,"phylum_fun","basidiomycota","Taxonomic","env_cov_basidiomycota_20130601_20180101"
"20130601","20180101","Legacy with covariate 2013-2018","env_cycl",TRUE,TRUE,"phylum_fun","basidiomycota","Taxonomic","env_cycl_basidiomycota_20130601_20180101"
"20151101","20180101","2 year current methods","cycl_only",TRUE,TRUE,"phylum_fun","basidiomycota","Taxonomic","cycl_only_basidiomycota_20151101_20180101"
"20151101","20180101","2 year current methods","env_cov",TRUE,TRUE,"phylum_fun","basidiomycota","Taxonomic","env_cov_basidiomycota_20151101_20180101"
"20151101","20180101","2 year current methods","env_cycl",TRUE,TRUE,"phylum_fun","basidiomycota","Taxonomic","env_cycl_basidiomycota_20151101_20180101"
"20151101","20180101","Legacy with covariate 2013-2018","cycl_only",TRUE,TRUE,"phylum_fun","basidiomycota","Taxonomic","cycl_only_basidiomycota_20130601_20180101"
"20151101","20180101","Legacy with covariate 2013-2018","env_cov",TRUE,TRUE,"phylum_fun","basidiomycota","Taxonomic","env_cov_basidiomycota_20130601_20180101"
"20151101","20180101","Legacy with covariate 2013-2018","env_cycl",TRUE,TRUE,"phylum_fun","basidiomycota","Taxonomic","env_cycl_basidiomycota_20130601_20180101"
"20151101","20200101","Full dataset","cycl_only",TRUE,TRUE,"phylum_fun","basidiomycota","Taxonomic","cycl_only_basidiomycota_20151101_20200101"
"20151101","20200101","Full dataset","env_cov",TRUE,TRUE,"phylum_fun","basidiomycota","Taxonomic","env_cov_basidiomycota_20151101_20200101"
"20151101","20200101","Full dataset","env_cycl",TRUE,TRUE,"phylum_fun","basidiomycota","Taxonomic","env_cycl_basidiomycota_20151101_20200101"
"20130601","20151101","Legacy only","cycl_only",TRUE,TRUE,"phylum_fun","chytridiomycota","Taxonomic","cycl_only_chytridiomycota_20130601_20151101"
"20130601","20151101","Legacy only","env_cov",TRUE,TRUE,"phylum_fun","chytridiomycota","Taxonomic","env_cov_chytridiomycota_20130601_20151101"
"20130601","20151101","Legacy only","env_cycl",TRUE,TRUE,"phylum_fun","chytridiomycota","Taxonomic","env_cycl_chytridiomycota_20130601_20151101"
"20130601","20170101","Legacy + 1 year current methods","cycl_only",TRUE,TRUE,"phylum_fun","chytridiomycota","Taxonomic","cycl_only_chytridiomycota_20130601_20170101"
"20130601","20170101","Legacy + 1 year current methods","env_cov",TRUE,TRUE,"phylum_fun","chytridiomycota","Taxonomic","env_cov_chytridiomycota_20130601_20170101"
"20130601","20170101","Legacy + 1 year current methods","env_cycl",TRUE,TRUE,"phylum_fun","chytridiomycota","Taxonomic","env_cycl_chytridiomycota_20130601_20170101"
"20130601","20180101","Legacy with covariate 2013-2018","cycl_only",TRUE,TRUE,"phylum_fun","chytridiomycota","Taxonomic","cycl_only_chytridiomycota_20130601_20180101"
"20130601","20180101","Legacy with covariate 2013-2018","env_cov",TRUE,TRUE,"phylum_fun","chytridiomycota","Taxonomic","env_cov_chytridiomycota_20130601_20180101"
"20130601","20180101","Legacy with covariate 2013-2018","env_cycl",TRUE,TRUE,"phylum_fun","chytridiomycota","Taxonomic","env_cycl_chytridiomycota_20130601_20180101"
"20151101","20180101","2 year current methods","cycl_only",TRUE,TRUE,"phylum_fun","chytridiomycota","Taxonomic","cycl_only_chytridiomycota_20151101_20180101"
"20151101","20180101","2 year current methods","env_cov",TRUE,TRUE,"phylum_fun","chytridiomycota","Taxonomic","env_cov_chytridiomycota_20151101_20180101"
"20151101","20180101","2 year current methods","env_cycl",TRUE,TRUE,"phylum_fun","chytridiomycota","Taxonomic","env_cycl_chytridiomycota_20151101_20180101"
"20151101","20180101","Legacy with covariate 2013-2018","cycl_only",TRUE,TRUE,"phylum_fun","chytridiomycota","Taxonomic","cycl_only_chytridiomycota_20130601_20180101"
"20151101","20180101","Legacy with covariate 2013-2018","env_cov",TRUE,TRUE,"phylum_fun","chytridiomycota","Taxonomic","env_cov_chytridiomycota_20130601_20180101"
"20151101","20180101","Legacy with covariate 2013-2018","env_cycl",TRUE,TRUE,"phylum_fun","chytridiomycota","Taxonomic","env_cycl_chytridiomycota_20130601_20180101"
"20151101","20200101","Full dataset","cycl_only",TRUE,TRUE,"phylum_fun","chytridiomycota","Taxonomic","cycl_only_chytridiomycota_20151101_20200101"
"20151101","20200101","Full dataset","env_cov",TRUE,TRUE,"phylum_fun","chytridiomycota","Taxonomic","env_cov_chytridiomycota_20151101_20200101"
"20151101","20200101","Full dataset","env_cycl",TRUE,TRUE,"phylum_fun","chytridiomycota","Taxonomic","env_cycl_chytridiomycota_20151101_20200101"
"20130601","20151101","Legacy only","cycl_only",TRUE,TRUE,"phylum_fun","glomeromycota","Taxonomic","cycl_only_glomeromycota_20130601_20151101"
"20130601","20151101","Legacy only","env_cov",TRUE,TRUE,"phylum_fun","glomeromycota","Taxonomic","env_cov_glomeromycota_20130601_20151101"
"20130601","20151101","Legacy only","env_cycl",TRUE,TRUE,"phylum_fun","glomeromycota","Taxonomic","env_cycl_glomeromycota_20130601_20151101"
"20130601","20170101","Legacy + 1 year current methods","cycl_only",TRUE,TRUE,"phylum_fun","glomeromycota","Taxonomic","cycl_only_glomeromycota_20130601_20170101"
"20130601","20170101","Legacy + 1 year current methods","env_cov",TRUE,TRUE,"phylum_fun","glomeromycota","Taxonomic","env_cov_glomeromycota_20130601_20170101"
"20130601","20170101","Legacy + 1 year current methods","env_cycl",TRUE,TRUE,"phylum_fun","glomeromycota","Taxonomic","env_cycl_glomeromycota_20130601_20170101"
"20130601","20180101","Legacy with covariate 2013-2018","cycl_only",TRUE,TRUE,"phylum_fun","glomeromycota","Taxonomic","cycl_only_glomeromycota_20130601_20180101"
"20130601","20180101","Legacy with covariate 2013-2018","env_cov",TRUE,TRUE,"phylum_fun","glomeromycota","Taxonomic","env_cov_glomeromycota_20130601_20180101"
"20130601","20180101","Legacy with covariate 2013-2018","env_cycl",TRUE,TRUE,"phylum_fun","glomeromycota","Taxonomic","env_cycl_glomeromycota_20130601_20180101"
"20151101","20180101","2 year current methods","cycl_only",TRUE,TRUE,"phylum_fun","glomeromycota","Taxonomic","cycl_only_glomeromycota_20151101_20180101"
"20151101","20180101","2 year current methods","env_cov",TRUE,TRUE,"phylum_fun","glomeromycota","Taxonomic","env_cov_glomeromycota_20151101_20180101"
"20151101","20180101","2 year current methods","env_cycl",TRUE,TRUE,"phylum_fun","glomeromycota","Taxonomic","env_cycl_glomeromycota_20151101_20180101"
"20151101","20180101","Legacy with covariate 2013-2018","cycl_only",TRUE,TRUE,"phylum_fun","glomeromycota","Taxonomic","cycl_only_glomeromycota_20130601_20180101"
"20151101","20180101","Legacy with covariate 2013-2018","env_cov",TRUE,TRUE,"phylum_fun","glomeromycota","Taxonomic","env_cov_glomeromycota_20130601_20180101"
"20151101","20180101","Legacy with covariate 2013-2018","env_cycl",TRUE,TRUE,"phylum_fun","glomeromycota","Taxonomic","env_cycl_glomeromycota_20130601_20180101"
"20151101","20200101","Full dataset","cycl_only",TRUE,TRUE,"phylum_fun","glomeromycota","Taxonomic","cycl_only_glomeromycota_20151101_20200101"
"20151101","20200101","Full dataset","env_cov",TRUE,TRUE,"phylum_fun","glomeromycota","Taxonomic","env_cov_glomeromycota_20151101_20200101"
"20151101","20200101","Full dataset","env_cycl",TRUE,TRUE,"phylum_fun","glomeromycota","Taxonomic","env_cycl_glomeromycota_20151101_20200101"
"20130601","20151101","Legacy only","cycl_only",TRUE,TRUE,"phylum_fun","mortierellomycota","Taxonomic","cycl_only_mortierellomycota_20130601_20151101"
"20130601","20151101","Legacy only","env_cov",TRUE,TRUE,"phylum_fun","mortierellomycota","Taxonomic","env_cov_mortierellomycota_20130601_20151101"
"20130601","20151101","Legacy only","env_cycl",TRUE,TRUE,"phylum_fun","mortierellomycota","Taxonomic","env_cycl_mortierellomycota_20130601_20151101"
"20130601","20170101","Legacy + 1 year current methods","cycl_only",TRUE,TRUE,"phylum_fun","mortierellomycota","Taxonomic","cycl_only_mortierellomycota_20130601_20170101"
"20130601","20170101","Legacy + 1 year current methods","env_cov",TRUE,TRUE,"phylum_fun","mortierellomycota","Taxonomic","env_cov_mortierellomycota_20130601_20170101"
"20130601","20170101","Legacy + 1 year current methods","env_cycl",TRUE,TRUE,"phylum_fun","mortierellomycota","Taxonomic","env_cycl_mortierellomycota_20130601_20170101"
"20130601","20180101","Legacy with covariate 2013-2018","cycl_only",TRUE,TRUE,"phylum_fun","mortierellomycota","Taxonomic","cycl_only_mortierellomycota_20130601_20180101"
"20130601","20180101","Legacy with covariate 2013-2018","env_cov",TRUE,TRUE,"phylum_fun","mortierellomycota","Taxonomic","env_cov_mortierellomycota_20130601_20180101"
"20130601","20180101","Legacy with covariate 2013-2018","env_cycl",TRUE,TRUE,"phylum_fun","mortierellomycota","Taxonomic","env_cycl_mortierellomycota_20130601_20180101"
"20151101","20180101","2 year current methods","cycl_only",TRUE,TRUE,"phylum_fun","mortierellomycota","Taxonomic","cycl_only_mortierellomycota_20151101_20180101"
"20151101","20180101","2 year current methods","env_cov",TRUE,TRUE,"phylum_fun","mortierellomycota","Taxonomic","env_cov_mortierellomycota_20151101_20180101"
"20151101","20180101","2 year current methods","env_cycl",TRUE,TRUE,"phylum_fun","mortierellomycota","Taxonomic","env_cycl_mortierellomycota_20151101_20180101"
"20151101","20180101","Legacy with covariate 2013-2018","cycl_only",TRUE,TRUE,"phylum_fun","mortierellomycota","Taxonomic","cycl_only_mortierellomycota_20130601_20180101"
"20151101","20180101","Legacy with covariate 2013-2018","env_cov",TRUE,TRUE,"phylum_fun","mortierellomycota","Taxonomic","env_cov_mortierellomycota_20130601_20180101"
"20151101","20180101","Legacy with covariate 2013-2018","env_cycl",TRUE,TRUE,"phylum_fun","mortierellomycota","Taxonomic","env_cycl_mortierellomycota_20130601_20180101"
"20151101","20200101","Full dataset","cycl_only",TRUE,TRUE,"phylum_fun","mortierellomycota","Taxonomic","cycl_only_mortierellomycota_20151101_20200101"
"20151101","20200101","Full dataset","env_cov",TRUE,TRUE,"phylum_fun","mortierellomycota","Taxonomic","env_cov_mortierellomycota_20151101_20200101"
"20151101","20200101","Full dataset","env_cycl",TRUE,TRUE,"phylum_fun","mortierellomycota","Taxonomic","env_cycl_mortierellomycota_20151101_20200101"
"20130601","20151101","Legacy only","cycl_only",TRUE,TRUE,"phylum_fun","mucoromycota","Taxonomic","cycl_only_mucoromycota_20130601_20151101"
"20130601","20151101","Legacy only","env_cov",TRUE,TRUE,"phylum_fun","mucoromycota","Taxonomic","env_cov_mucoromycota_20130601_20151101"
"20130601","20151101","Legacy only","env_cycl",TRUE,TRUE,"phylum_fun","mucoromycota","Taxonomic","env_cycl_mucoromycota_20130601_20151101"
"20130601","20170101","Legacy + 1 year current methods","cycl_only",TRUE,TRUE,"phylum_fun","mucoromycota","Taxonomic","cycl_only_mucoromycota_20130601_20170101"
"20130601","20170101","Legacy + 1 year current methods","env_cov",TRUE,TRUE,"phylum_fun","mucoromycota","Taxonomic","env_cov_mucoromycota_20130601_20170101"
"20130601","20170101","Legacy + 1 year current methods","env_cycl",TRUE,TRUE,"phylum_fun","mucoromycota","Taxonomic","env_cycl_mucoromycota_20130601_20170101"
"20130601","20180101","Legacy with covariate 2013-2018","cycl_only",TRUE,TRUE,"phylum_fun","mucoromycota","Taxonomic","cycl_only_mucoromycota_20130601_20180101"
"20130601","20180101","Legacy with covariate 2013-2018","env_cov",TRUE,TRUE,"phylum_fun","mucoromycota","Taxonomic","env_cov_mucoromycota_20130601_20180101"
"20130601","20180101","Legacy with covariate 2013-2018","env_cycl",TRUE,TRUE,"phylum_fun","mucoromycota","Taxonomic","env_cycl_mucoromycota_20130601_20180101"
"20151101","20180101","2 year current methods","cycl_only",TRUE,TRUE,"phylum_fun","mucoromycota","Taxonomic","cycl_only_mucoromycota_20151101_20180101"
"20151101","20180101","2 year current methods","env_cov",TRUE,TRUE,"phylum_fun","mucoromycota","Taxonomic","env_cov_mucoromycota_20151101_20180101"
"20151101","20180101","2 year current methods","env_cycl",TRUE,TRUE,"phylum_fun","mucoromycota","Taxonomic","env_cycl_mucoromycota_20151101_20180101"
"20151101","20180101","Legacy with covariate 2013-2018","cycl_only",TRUE,TRUE,"phylum_fun","mucoromycota","Taxonomic","cycl_only_mucoromycota_20130601_20180101"
"20151101","20180101","Legacy with covariate 2013-2018","env_cov",TRUE,TRUE,"phylum_fun","mucoromycota","Taxonomic","env_cov_mucoromycota_20130601_20180101"
"20151101","20180101","Legacy with covariate 2013-2018","env_cycl",TRUE,TRUE,"phylum_fun","mucoromycota","Taxonomic","env_cycl_mucoromycota_20130601_20180101"
"20151101","20200101","Full dataset","cycl_only",TRUE,TRUE,"phylum_fun","mucoromycota","Taxonomic","cycl_only_mucoromycota_20151101_20200101"
"20151101","20200101","Full dataset","env_cov",TRUE,TRUE,"phylum_fun","mucoromycota","Taxonomic","env_cov_mucoromycota_20151101_20200101"
"20151101","20200101","Full dataset","env_cycl",TRUE,TRUE,"phylum_fun","mucoromycota","Taxonomic","env_cycl_mucoromycota_20151101_20200101"
"20130601","20151101","Legacy only","cycl_only",TRUE,TRUE,"phylum_fun","rozellomycota","Taxonomic","cycl_only_rozellomycota_20130601_20151101"
"20130601","20151101","Legacy only","env_cov",TRUE,TRUE,"phylum_fun","rozellomycota","Taxonomic","env_cov_rozellomycota_20130601_20151101"
"20130601","20151101","Legacy only","env_cycl",TRUE,TRUE,"phylum_fun","rozellomycota","Taxonomic","env_cycl_rozellomycota_20130601_20151101"
"20130601","20170101","Legacy + 1 year current methods","cycl_only",TRUE,TRUE,"phylum_fun","rozellomycota","Taxonomic","cycl_only_rozellomycota_20130601_20170101"
"20130601","20170101","Legacy + 1 year current methods","env_cov",TRUE,TRUE,"phylum_fun","rozellomycota","Taxonomic","env_cov_rozellomycota_20130601_20170101"
"20130601","20170101","Legacy + 1 year current methods","env_cycl",TRUE,TRUE,"phylum_fun","rozellomycota","Taxonomic","env_cycl_rozellomycota_20130601_20170101"
"20130601","20180101","Legacy with covariate 2013-2018","cycl_only",TRUE,TRUE,"phylum_fun","rozellomycota","Taxonomic","cycl_only_rozellomycota_20130601_20180101"
"20130601","20180101","Legacy with covariate 2013-2018","env_cov",TRUE,TRUE,"phylum_fun","rozellomycota","Taxonomic","env_cov_rozellomycota_20130601_20180101"
"20130601","20180101","Legacy with covariate 2013-2018","env_cycl",TRUE,TRUE,"phylum_fun","rozellomycota","Taxonomic","env_cycl_rozellomycota_20130601_20180101"
"20151101","20180101","2 year current methods","cycl_only",TRUE,TRUE,"phylum_fun","rozellomycota","Taxonomic","cycl_only_rozellomycota_20151101_20180101"
"20151101","20180101","2 year current methods","env_cov",TRUE,TRUE,"phylum_fun","rozellomycota","Taxonomic","env_cov_rozellomycota_20151101_20180101"
"20151101","20180101","2 year current methods","env_cycl",TRUE,TRUE,"phylum_fun","rozellomycota","Taxonomic","env_cycl_rozellomycota_20151101_20180101"
"20151101","20180101","Legacy with covariate 2013-2018","cycl_only",TRUE,TRUE,"phylum_fun","rozellomycota","Taxonomic","cycl_only_rozellomycota_20130601_20180101"
"20151101","20180101","Legacy with covariate 2013-2018","env_cov",TRUE,TRUE,"phylum_fun","rozellomycota","Taxonomic","env_cov_rozellomycota_20130601_20180101"
"20151101","20180101","Legacy with covariate 2013-2018","env_cycl",TRUE,TRUE,"phylum_fun","rozellomycota","Taxonomic","env_cycl_rozellomycota_20130601_20180101"
"20151101","20200101","Full dataset","cycl_only",TRUE,TRUE,"phylum_fun","rozellomycota","Taxonomic","cycl_only_rozellomycota_20151101_20200101"
"20151101","20200101","Full dataset","env_cov",TRUE,TRUE,"phylum_fun","rozellomycota","Taxonomic","env_cov_rozellomycota_20151101_20200101"
"20151101","20200101","Full dataset","env_cycl",TRUE,TRUE,"phylum_fun","rozellomycota","Taxonomic","env_cycl_rozellomycota_20151101_20200101"
"20130601","20151101","Legacy only","cycl_only",TRUE,TRUE,"class_fun","agaricomycetes","Taxonomic","cycl_only_agaricomycetes_20130601_20151101"
"20130601","20151101","Legacy only","env_cov",TRUE,TRUE,"class_fun","agaricomycetes","Taxonomic","env_cov_agaricomycetes_20130601_20151101"
"20130601","20151101","Legacy only","env_cycl",TRUE,TRUE,"class_fun","agaricomycetes","Taxonomic","env_cycl_agaricomycetes_20130601_20151101"
"20130601","20170101","Legacy + 1 year current methods","cycl_only",TRUE,TRUE,"class_fun","agaricomycetes","Taxonomic","cycl_only_agaricomycetes_20130601_20170101"
"20130601","20170101","Legacy + 1 year current methods","env_cov",TRUE,TRUE,"class_fun","agaricomycetes","Taxonomic","env_cov_agaricomycetes_20130601_20170101"
"20130601","20170101","Legacy + 1 year current methods","env_cycl",TRUE,TRUE,"class_fun","agaricomycetes","Taxonomic","env_cycl_agaricomycetes_20130601_20170101"
"20130601","20180101","Legacy with covariate 2013-2018","cycl_only",TRUE,TRUE,"class_fun","agaricomycetes","Taxonomic","cycl_only_agaricomycetes_20130601_20180101"
"20130601","20180101","Legacy with covariate 2013-2018","env_cov",TRUE,TRUE,"class_fun","agaricomycetes","Taxonomic","env_cov_agaricomycetes_20130601_20180101"
"20130601","20180101","Legacy with covariate 2013-2018","env_cycl",TRUE,TRUE,"class_fun","agaricomycetes","Taxonomic","env_cycl_agaricomycetes_20130601_20180101"
"20151101","20180101","2 year current methods","cycl_only",TRUE,TRUE,"class_fun","agaricomycetes","Taxonomic","cycl_only_agaricomycetes_20151101_20180101"
"20151101","20180101","2 year current methods","env_cov",TRUE,TRUE,"class_fun","agaricomycetes","Taxonomic","env_cov_agaricomycetes_20151101_20180101"
"20151101","20180101","2 year current methods","env_cycl",TRUE,TRUE,"class_fun","agaricomycetes","Taxonomic","env_cycl_agaricomycetes_20151101_20180101"
"20151101","20180101","Legacy with covariate 2013-2018","cycl_only",TRUE,TRUE,"class_fun","agaricomycetes","Taxonomic","cycl_only_agaricomycetes_20130601_20180101"
"20151101","20180101","Legacy with covariate 2013-2018","env_cov",TRUE,TRUE,"class_fun","agaricomycetes","Taxonomic","env_cov_agaricomycetes_20130601_20180101"
"20151101","20180101","Legacy with covariate 2013-2018","env_cycl",TRUE,TRUE,"class_fun","agaricomycetes","Taxonomic","env_cycl_agaricomycetes_20130601_20180101"
"20151101","20200101","Full dataset","cycl_only",TRUE,TRUE,"class_fun","agaricomycetes","Taxonomic","cycl_only_agaricomycetes_20151101_20200101"
"20151101","20200101","Full dataset","env_cov",TRUE,TRUE,"class_fun","agaricomycetes","Taxonomic","env_cov_agaricomycetes_20151101_20200101"
"20151101","20200101","Full dataset","env_cycl",TRUE,TRUE,"class_fun","agaricomycetes","Taxonomic","env_cycl_agaricomycetes_20151101_20200101"
"20130601","20151101","Legacy only","cycl_only",TRUE,TRUE,"class_fun","archaeorhizomycetes","Taxonomic","cycl_only_archaeorhizomycetes_20130601_20151101"
"20130601","20151101","Legacy only","env_cov",TRUE,TRUE,"class_fun","archaeorhizomycetes","Taxonomic","env_cov_archaeorhizomycetes_20130601_20151101"
"20130601","20151101","Legacy only","env_cycl",TRUE,TRUE,"class_fun","archaeorhizomycetes","Taxonomic","env_cycl_archaeorhizomycetes_20130601_20151101"
"20130601","20170101","Legacy + 1 year current methods","cycl_only",TRUE,TRUE,"class_fun","archaeorhizomycetes","Taxonomic","cycl_only_archaeorhizomycetes_20130601_20170101"
"20130601","20170101","Legacy + 1 year current methods","env_cov",TRUE,TRUE,"class_fun","archaeorhizomycetes","Taxonomic","env_cov_archaeorhizomycetes_20130601_20170101"
"20130601","20170101","Legacy + 1 year current methods","env_cycl",TRUE,TRUE,"class_fun","archaeorhizomycetes","Taxonomic","env_cycl_archaeorhizomycetes_20130601_20170101"
"20130601","20180101","Legacy with covariate 2013-2018","cycl_only",TRUE,TRUE,"class_fun","archaeorhizomycetes","Taxonomic","cycl_only_archaeorhizomycetes_20130601_20180101"
"20130601","20180101","Legacy with covariate 2013-2018","env_cov",TRUE,TRUE,"class_fun","archaeorhizomycetes","Taxonomic","env_cov_archaeorhizomycetes_20130601_20180101"
"20130601","20180101","Legacy with covariate 2013-2018","env_cycl",TRUE,TRUE,"class_fun","archaeorhizomycetes","Taxonomic","env_cycl_archaeorhizomycetes_20130601_20180101"
"20151101","20180101","2 year current methods","cycl_only",TRUE,TRUE,"class_fun","archaeorhizomycetes","Taxonomic","cycl_only_archaeorhizomycetes_20151101_20180101"
"20151101","20180101","2 year current methods","env_cov",TRUE,TRUE,"class_fun","archaeorhizomycetes","Taxonomic","env_cov_archaeorhizomycetes_20151101_20180101"
"20151101","20180101","2 year current methods","env_cycl",TRUE,TRUE,"class_fun","archaeorhizomycetes","Taxonomic","env_cycl_archaeorhizomycetes_20151101_20180101"
"20151101","20180101","Legacy with covariate 2013-2018","cycl_only",TRUE,TRUE,"class_fun","archaeorhizomycetes","Taxonomic","cycl_only_archaeorhizomycetes_20130601_20180101"
"20151101","20180101","Legacy with covariate 2013-2018","env_cov",TRUE,TRUE,"class_fun","archaeorhizomycetes","Taxonomic","env_cov_archaeorhizomycetes_20130601_20180101"
"20151101","20180101","Legacy with covariate 2013-2018","env_cycl",TRUE,TRUE,"class_fun","archaeorhizomycetes","Taxonomic","env_cycl_archaeorhizomycetes_20130601_20180101"
"20151101","20200101","Full dataset","cycl_only",TRUE,TRUE,"class_fun","archaeorhizomycetes","Taxonomic","cycl_only_archaeorhizomycetes_20151101_20200101"
"20151101","20200101","Full dataset","env_cov",TRUE,TRUE,"class_fun","archaeorhizomycetes","Taxonomic","env_cov_archaeorhizomycetes_20151101_20200101"
"20151101","20200101","Full dataset","env_cycl",TRUE,TRUE,"class_fun","archaeorhizomycetes","Taxonomic","env_cycl_archaeorhizomycetes_20151101_20200101"
"20130601","20151101","Legacy only","cycl_only",TRUE,TRUE,"class_fun","chytridiomycetes","Taxonomic","cycl_only_chytridiomycetes_20130601_20151101"
"20130601","20151101","Legacy only","env_cov",TRUE,TRUE,"class_fun","chytridiomycetes","Taxonomic","env_cov_chytridiomycetes_20130601_20151101"
"20130601","20151101","Legacy only","env_cycl",TRUE,TRUE,"class_fun","chytridiomycetes","Taxonomic","env_cycl_chytridiomycetes_20130601_20151101"
"20130601","20170101","Legacy + 1 year current methods","cycl_only",TRUE,TRUE,"class_fun","chytridiomycetes","Taxonomic","cycl_only_chytridiomycetes_20130601_20170101"
"20130601","20170101","Legacy + 1 year current methods","env_cov",TRUE,TRUE,"class_fun","chytridiomycetes","Taxonomic","env_cov_chytridiomycetes_20130601_20170101"
"20130601","20170101","Legacy + 1 year current methods","env_cycl",TRUE,TRUE,"class_fun","chytridiomycetes","Taxonomic","env_cycl_chytridiomycetes_20130601_20170101"
"20130601","20180101","Legacy with covariate 2013-2018","cycl_only",TRUE,TRUE,"class_fun","chytridiomycetes","Taxonomic","cycl_only_chytridiomycetes_20130601_20180101"
"20130601","20180101","Legacy with covariate 2013-2018","env_cov",TRUE,TRUE,"class_fun","chytridiomycetes","Taxonomic","env_cov_chytridiomycetes_20130601_20180101"
"20130601","20180101","Legacy with covariate 2013-2018","env_cycl",TRUE,TRUE,"class_fun","chytridiomycetes","Taxonomic","env_cycl_chytridiomycetes_20130601_20180101"
"20151101","20180101","2 year current methods","cycl_only",TRUE,TRUE,"class_fun","chytridiomycetes","Taxonomic","cycl_only_chytridiomycetes_20151101_20180101"
"20151101","20180101","2 year current methods","env_cov",TRUE,TRUE,"class_fun","chytridiomycetes","Taxonomic","env_cov_chytridiomycetes_20151101_20180101"
"20151101","20180101","2 year current methods","env_cycl",TRUE,TRUE,"class_fun","chytridiomycetes","Taxonomic","env_cycl_chytridiomycetes_20151101_20180101"
"20151101","20180101","Legacy with covariate 2013-2018","cycl_only",TRUE,TRUE,"class_fun","chytridiomycetes","Taxonomic","cycl_only_chytridiomycetes_20130601_20180101"
"20151101","20180101","Legacy with covariate 2013-2018","env_cov",TRUE,TRUE,"class_fun","chytridiomycetes","Taxonomic","env_cov_chytridiomycetes_20130601_20180101"
"20151101","20180101","Legacy with covariate 2013-2018","env_cycl",TRUE,TRUE,"class_fun","chytridiomycetes","Taxonomic","env_cycl_chytridiomycetes_20130601_20180101"
"20151101","20200101","Full dataset","cycl_only",TRUE,TRUE,"class_fun","chytridiomycetes","Taxonomic","cycl_only_chytridiomycetes_20151101_20200101"
"20151101","20200101","Full dataset","env_cov",TRUE,TRUE,"class_fun","chytridiomycetes","Taxonomic","env_cov_chytridiomycetes_20151101_20200101"
"20151101","20200101","Full dataset","env_cycl",TRUE,TRUE,"class_fun","chytridiomycetes","Taxonomic","env_cycl_chytridiomycetes_20151101_20200101"
"20130601","20151101","Legacy only","cycl_only",TRUE,TRUE,"class_fun","dothideomycetes","Taxonomic","cycl_only_dothideomycetes_20130601_20151101"
"20130601","20151101","Legacy only","env_cov",TRUE,TRUE,"class_fun","dothideomycetes","Taxonomic","env_cov_dothideomycetes_20130601_20151101"
"20130601","20151101","Legacy only","env_cycl",TRUE,TRUE,"class_fun","dothideomycetes","Taxonomic","env_cycl_dothideomycetes_20130601_20151101"
"20130601","20170101","Legacy + 1 year current methods","cycl_only",TRUE,TRUE,"class_fun","dothideomycetes","Taxonomic","cycl_only_dothideomycetes_20130601_20170101"
"20130601","20170101","Legacy + 1 year current methods","env_cov",TRUE,TRUE,"class_fun","dothideomycetes","Taxonomic","env_cov_dothideomycetes_20130601_20170101"
"20130601","20170101","Legacy + 1 year current methods","env_cycl",TRUE,TRUE,"class_fun","dothideomycetes","Taxonomic","env_cycl_dothideomycetes_20130601_20170101"
"20130601","20180101","Legacy with covariate 2013-2018","cycl_only",TRUE,TRUE,"class_fun","dothideomycetes","Taxonomic","cycl_only_dothideomycetes_20130601_20180101"
"20130601","20180101","Legacy with covariate 2013-2018","env_cov",TRUE,TRUE,"class_fun","dothideomycetes","Taxonomic","env_cov_dothideomycetes_20130601_20180101"
"20130601","20180101","Legacy with covariate 2013-2018","env_cycl",TRUE,TRUE,"class_fun","dothideomycetes","Taxonomic","env_cycl_dothideomycetes_20130601_20180101"
"20151101","20180101","2 year current methods","cycl_only",TRUE,TRUE,"class_fun","dothideomycetes","Taxonomic","cycl_only_dothideomycetes_20151101_20180101"
"20151101","20180101","2 year current methods","env_cov",TRUE,TRUE,"class_fun","dothideomycetes","Taxonomic","env_cov_dothideomycetes_20151101_20180101"
"20151101","20180101","2 year current methods","env_cycl",TRUE,TRUE,"class_fun","dothideomycetes","Taxonomic","env_cycl_dothideomycetes_20151101_20180101"
"20151101","20180101","Legacy with covariate 2013-2018","cycl_only",TRUE,TRUE,"class_fun","dothideomycetes","Taxonomic","cycl_only_dothideomycetes_20130601_20180101"
"20151101","20180101","Legacy with covariate 2013-2018","env_cov",TRUE,TRUE,"class_fun","dothideomycetes","Taxonomic","env_cov_dothideomycetes_20130601_20180101"
"20151101","20180101","Legacy with covariate 2013-2018","env_cycl",TRUE,TRUE,"class_fun","dothideomycetes","Taxonomic","env_cycl_dothideomycetes_20130601_20180101"
"20151101","20200101","Full dataset","cycl_only",TRUE,TRUE,"class_fun","dothideomycetes","Taxonomic","cycl_only_dothideomycetes_20151101_20200101"
"20151101","20200101","Full dataset","env_cov",TRUE,TRUE,"class_fun","dothideomycetes","Taxonomic","env_cov_dothideomycetes_20151101_20200101"
"20151101","20200101","Full dataset","env_cycl",TRUE,TRUE,"class_fun","dothideomycetes","Taxonomic","env_cycl_dothideomycetes_20151101_20200101"
"20130601","20151101","Legacy only","cycl_only",TRUE,TRUE,"class_fun","eurotiomycetes","Taxonomic","cycl_only_eurotiomycetes_20130601_20151101"
"20130601","20151101","Legacy only","env_cov",TRUE,TRUE,"class_fun","eurotiomycetes","Taxonomic","env_cov_eurotiomycetes_20130601_20151101"
"20130601","20151101","Legacy only","env_cycl",TRUE,TRUE,"class_fun","eurotiomycetes","Taxonomic","env_cycl_eurotiomycetes_20130601_20151101"
"20130601","20170101","Legacy + 1 year current methods","cycl_only",TRUE,TRUE,"class_fun","eurotiomycetes","Taxonomic","cycl_only_eurotiomycetes_20130601_20170101"
"20130601","20170101","Legacy + 1 year current methods","env_cov",TRUE,TRUE,"class_fun","eurotiomycetes","Taxonomic","env_cov_eurotiomycetes_20130601_20170101"
"20130601","20170101","Legacy + 1 year current methods","env_cycl",TRUE,TRUE,"class_fun","eurotiomycetes","Taxonomic","env_cycl_eurotiomycetes_20130601_20170101"
"20130601","20180101","Legacy with covariate 2013-2018","cycl_only",TRUE,TRUE,"class_fun","eurotiomycetes","Taxonomic","cycl_only_eurotiomycetes_20130601_20180101"
"20130601","20180101","Legacy with covariate 2013-2018","env_cov",TRUE,TRUE,"class_fun","eurotiomycetes","Taxonomic","env_cov_eurotiomycetes_20130601_20180101"
"20130601","20180101","Legacy with covariate 2013-2018","env_cycl",TRUE,TRUE,"class_fun","eurotiomycetes","Taxonomic","env_cycl_eurotiomycetes_20130601_20180101"
"20151101","20180101","2 year current methods","cycl_only",TRUE,TRUE,"class_fun","eurotiomycetes","Taxonomic","cycl_only_eurotiomycetes_20151101_20180101"
"20151101","20180101","2 year current methods","env_cov",TRUE,TRUE,"class_fun","eurotiomycetes","Taxonomic","env_cov_eurotiomycetes_20151101_20180101"
"20151101","20180101","2 year current methods","env_cycl",TRUE,TRUE,"class_fun","eurotiomycetes","Taxonomic","env_cycl_eurotiomycetes_20151101_20180101"
"20151101","20180101","Legacy with covariate 2013-2018","cycl_only",TRUE,TRUE,"class_fun","eurotiomycetes","Taxonomic","cycl_only_eurotiomycetes_20130601_20180101"
"20151101","20180101","Legacy with covariate 2013-2018","env_cov",TRUE,TRUE,"class_fun","eurotiomycetes","Taxonomic","env_cov_eurotiomycetes_20130601_20180101"
"20151101","20180101","Legacy with covariate 2013-2018","env_cycl",TRUE,TRUE,"class_fun","eurotiomycetes","Taxonomic","env_cycl_eurotiomycetes_20130601_20180101"
"20151101","20200101","Full dataset","cycl_only",TRUE,TRUE,"class_fun","eurotiomycetes","Taxonomic","cycl_only_eurotiomycetes_20151101_20200101"
"20151101","20200101","Full dataset","env_cov",TRUE,TRUE,"class_fun","eurotiomycetes","Taxonomic","env_cov_eurotiomycetes_20151101_20200101"
"20151101","20200101","Full dataset","env_cycl",TRUE,TRUE,"class_fun","eurotiomycetes","Taxonomic","env_cycl_eurotiomycetes_20151101_20200101"
"20130601","20151101","Legacy only","cycl_only",TRUE,TRUE,"class_fun","geminibasidiomycetes","Taxonomic","cycl_only_geminibasidiomycetes_20130601_20151101"
"20130601","20151101","Legacy only","env_cov",TRUE,TRUE,"class_fun","geminibasidiomycetes","Taxonomic","env_cov_geminibasidiomycetes_20130601_20151101"
"20130601","20151101","Legacy only","env_cycl",TRUE,TRUE,"class_fun","geminibasidiomycetes","Taxonomic","env_cycl_geminibasidiomycetes_20130601_20151101"
"20130601","20170101","Legacy + 1 year current methods","cycl_only",TRUE,TRUE,"class_fun","geminibasidiomycetes","Taxonomic","cycl_only_geminibasidiomycetes_20130601_20170101"
"20130601","20170101","Legacy + 1 year current methods","env_cov",TRUE,TRUE,"class_fun","geminibasidiomycetes","Taxonomic","env_cov_geminibasidiomycetes_20130601_20170101"
"20130601","20170101","Legacy + 1 year current methods","env_cycl",TRUE,TRUE,"class_fun","geminibasidiomycetes","Taxonomic","env_cycl_geminibasidiomycetes_20130601_20170101"
"20130601","20180101","Legacy with covariate 2013-2018","cycl_only",TRUE,TRUE,"class_fun","geminibasidiomycetes","Taxonomic","cycl_only_geminibasidiomycetes_20130601_20180101"
"20130601","20180101","Legacy with covariate 2013-2018","env_cov",TRUE,TRUE,"class_fun","geminibasidiomycetes","Taxonomic","env_cov_geminibasidiomycetes_20130601_20180101"
"20130601","20180101","Legacy with covariate 2013-2018","env_cycl",TRUE,TRUE,"class_fun","geminibasidiomycetes","Taxonomic","env_cycl_geminibasidiomycetes_20130601_20180101"
"20151101","20180101","2 year current methods","cycl_only",TRUE,TRUE,"class_fun","geminibasidiomycetes","Taxonomic","cycl_only_geminibasidiomycetes_20151101_20180101"
"20151101","20180101","2 year current methods","env_cov",TRUE,TRUE,"class_fun","geminibasidiomycetes","Taxonomic","env_cov_geminibasidiomycetes_20151101_20180101"
"20151101","20180101","2 year current methods","env_cycl",TRUE,TRUE,"class_fun","geminibasidiomycetes","Taxonomic","env_cycl_geminibasidiomycetes_20151101_20180101"
"20151101","20180101","Legacy with covariate 2013-2018","cycl_only",TRUE,TRUE,"class_fun","geminibasidiomycetes","Taxonomic","cycl_only_geminibasidiomycetes_20130601_20180101"
"20151101","20180101","Legacy with covariate 2013-2018","env_cov",TRUE,TRUE,"class_fun","geminibasidiomycetes","Taxonomic","env_cov_geminibasidiomycetes_20130601_20180101"
"20151101","20180101","Legacy with covariate 2013-2018","env_cycl",TRUE,TRUE,"class_fun","geminibasidiomycetes","Taxonomic","env_cycl_geminibasidiomycetes_20130601_20180101"
"20151101","20200101","Full dataset","cycl_only",TRUE,TRUE,"class_fun","geminibasidiomycetes","Taxonomic","cycl_only_geminibasidiomycetes_20151101_20200101"
"20151101","20200101","Full dataset","env_cov",TRUE,TRUE,"class_fun","geminibasidiomycetes","Taxonomic","env_cov_geminibasidiomycetes_20151101_20200101"
"20151101","20200101","Full dataset","env_cycl",TRUE,TRUE,"class_fun","geminibasidiomycetes","Taxonomic","env_cycl_geminibasidiomycetes_20151101_20200101"
"20130601","20151101","Legacy only","cycl_only",TRUE,TRUE,"class_fun","glomeromycetes","Taxonomic","cycl_only_glomeromycetes_20130601_20151101"
"20130601","20151101","Legacy only","env_cov",TRUE,TRUE,"class_fun","glomeromycetes","Taxonomic","env_cov_glomeromycetes_20130601_20151101"
"20130601","20151101","Legacy only","env_cycl",TRUE,TRUE,"class_fun","glomeromycetes","Taxonomic","env_cycl_glomeromycetes_20130601_20151101"
"20130601","20170101","Legacy + 1 year current methods","cycl_only",TRUE,TRUE,"class_fun","glomeromycetes","Taxonomic","cycl_only_glomeromycetes_20130601_20170101"
"20130601","20170101","Legacy + 1 year current methods","env_cov",TRUE,TRUE,"class_fun","glomeromycetes","Taxonomic","env_cov_glomeromycetes_20130601_20170101"
"20130601","20170101","Legacy + 1 year current methods","env_cycl",TRUE,TRUE,"class_fun","glomeromycetes","Taxonomic","env_cycl_glomeromycetes_20130601_20170101"
"20130601","20180101","Legacy with covariate 2013-2018","cycl_only",TRUE,TRUE,"class_fun","glomeromycetes","Taxonomic","cycl_only_glomeromycetes_20130601_20180101"
"20130601","20180101","Legacy with covariate 2013-2018","env_cov",TRUE,TRUE,"class_fun","glomeromycetes","Taxonomic","env_cov_glomeromycetes_20130601_20180101"
"20130601","20180101","Legacy with covariate 2013-2018","env_cycl",TRUE,TRUE,"class_fun","glomeromycetes","Taxonomic","env_cycl_glomeromycetes_20130601_20180101"
"20151101","20180101","2 year current methods","cycl_only",TRUE,TRUE,"class_fun","glomeromycetes","Taxonomic","cycl_only_glomeromycetes_20151101_20180101"
"20151101","20180101","2 year current methods","env_cov",TRUE,TRUE,"class_fun","glomeromycetes","Taxonomic","env_cov_glomeromycetes_20151101_20180101"
"20151101","20180101","2 year current methods","env_cycl",TRUE,TRUE,"class_fun","glomeromycetes","Taxonomic","env_cycl_glomeromycetes_20151101_20180101"
"20151101","20180101","Legacy with covariate 2013-2018","cycl_only",TRUE,TRUE,"class_fun","glomeromycetes","Taxonomic","cycl_only_glomeromycetes_20130601_20180101"
"20151101","20180101","Legacy with covariate 2013-2018","env_cov",TRUE,TRUE,"class_fun","glomeromycetes","Taxonomic","env_cov_glomeromycetes_20130601_20180101"
"20151101","20180101","Legacy with covariate 2013-2018","env_cycl",TRUE,TRUE,"class_fun","glomeromycetes","Taxonomic","env_cycl_glomeromycetes_20130601_20180101"
"20151101","20200101","Full dataset","cycl_only",TRUE,TRUE,"class_fun","glomeromycetes","Taxonomic","cycl_only_glomeromycetes_20151101_20200101"
"20151101","20200101","Full dataset","env_cov",TRUE,TRUE,"class_fun","glomeromycetes","Taxonomic","env_cov_glomeromycetes_20151101_20200101"
"20151101","20200101","Full dataset","env_cycl",TRUE,TRUE,"class_fun","glomeromycetes","Taxonomic","env_cycl_glomeromycetes_20151101_20200101"
"20130601","20151101","Legacy only","cycl_only",TRUE,TRUE,"class_fun","leotiomycetes","Taxonomic","cycl_only_leotiomycetes_20130601_20151101"
"20130601","20151101","Legacy only","env_cov",TRUE,TRUE,"class_fun","leotiomycetes","Taxonomic","env_cov_leotiomycetes_20130601_20151101"
"20130601","20151101","Legacy only","env_cycl",TRUE,TRUE,"class_fun","leotiomycetes","Taxonomic","env_cycl_leotiomycetes_20130601_20151101"
"20130601","20170101","Legacy + 1 year current methods","cycl_only",TRUE,TRUE,"class_fun","leotiomycetes","Taxonomic","cycl_only_leotiomycetes_20130601_20170101"
"20130601","20170101","Legacy + 1 year current methods","env_cov",TRUE,TRUE,"class_fun","leotiomycetes","Taxonomic","env_cov_leotiomycetes_20130601_20170101"
"20130601","20170101","Legacy + 1 year current methods","env_cycl",TRUE,TRUE,"class_fun","leotiomycetes","Taxonomic","env_cycl_leotiomycetes_20130601_20170101"
"20130601","20180101","Legacy with covariate 2013-2018","cycl_only",TRUE,TRUE,"class_fun","leotiomycetes","Taxonomic","cycl_only_leotiomycetes_20130601_20180101"
"20130601","20180101","Legacy with covariate 2013-2018","env_cov",TRUE,TRUE,"class_fun","leotiomycetes","Taxonomic","env_cov_leotiomycetes_20130601_20180101"
"20130601","20180101","Legacy with covariate 2013-2018","env_cycl",TRUE,TRUE,"class_fun","leotiomycetes","Taxonomic","env_cycl_leotiomycetes_20130601_20180101"
"20151101","20180101","2 year current methods","cycl_only",TRUE,TRUE,"class_fun","leotiomycetes","Taxonomic","cycl_only_leotiomycetes_20151101_20180101"
"20151101","20180101","2 year current methods","env_cov",TRUE,TRUE,"class_fun","leotiomycetes","Taxonomic","env_cov_leotiomycetes_20151101_20180101"
"20151101","20180101","2 year current methods","env_cycl",TRUE,TRUE,"class_fun","leotiomycetes","Taxonomic","env_cycl_leotiomycetes_20151101_20180101"
"20151101","20180101","Legacy with covariate 2013-2018","cycl_only",TRUE,TRUE,"class_fun","leotiomycetes","Taxonomic","cycl_only_leotiomycetes_20130601_20180101"
"20151101","20180101","Legacy with covariate 2013-2018","env_cov",TRUE,TRUE,"class_fun","leotiomycetes","Taxonomic","env_cov_leotiomycetes_20130601_20180101"
"20151101","20180101","Legacy with covariate 2013-2018","env_cycl",TRUE,TRUE,"class_fun","leotiomycetes","Taxonomic","env_cycl_leotiomycetes_20130601_20180101"
"20151101","20200101","Full dataset","cycl_only",TRUE,TRUE,"class_fun","leotiomycetes","Taxonomic","cycl_only_leotiomycetes_20151101_20200101"
"20151101","20200101","Full dataset","env_cov",TRUE,TRUE,"class_fun","leotiomycetes","Taxonomic","env_cov_leotiomycetes_20151101_20200101"
"20151101","20200101","Full dataset","env_cycl",TRUE,TRUE,"class_fun","leotiomycetes","Taxonomic","env_cycl_leotiomycetes_20151101_20200101"
"20130601","20151101","Legacy only","cycl_only",TRUE,TRUE,"class_fun","microbotryomycetes","Taxonomic","cycl_only_microbotryomycetes_20130601_20151101"
"20130601","20151101","Legacy only","env_cov",TRUE,TRUE,"class_fun","microbotryomycetes","Taxonomic","env_cov_microbotryomycetes_20130601_20151101"
"20130601","20151101","Legacy only","env_cycl",TRUE,TRUE,"class_fun","microbotryomycetes","Taxonomic","env_cycl_microbotryomycetes_20130601_20151101"
"20130601","20170101","Legacy + 1 year current methods","cycl_only",TRUE,TRUE,"class_fun","microbotryomycetes","Taxonomic","cycl_only_microbotryomycetes_20130601_20170101"
"20130601","20170101","Legacy + 1 year current methods","env_cov",TRUE,TRUE,"class_fun","microbotryomycetes","Taxonomic","env_cov_microbotryomycetes_20130601_20170101"
"20130601","20170101","Legacy + 1 year current methods","env_cycl",TRUE,TRUE,"class_fun","microbotryomycetes","Taxonomic","env_cycl_microbotryomycetes_20130601_20170101"
"20130601","20180101","Legacy with covariate 2013-2018","cycl_only",TRUE,TRUE,"class_fun","microbotryomycetes","Taxonomic","cycl_only_microbotryomycetes_20130601_20180101"
"20130601","20180101","Legacy with covariate 2013-2018","env_cov",TRUE,TRUE,"class_fun","microbotryomycetes","Taxonomic","env_cov_microbotryomycetes_20130601_20180101"
"20130601","20180101","Legacy with covariate 2013-2018","env_cycl",TRUE,TRUE,"class_fun","microbotryomycetes","Taxonomic","env_cycl_microbotryomycetes_20130601_20180101"
"20151101","20180101","2 year current methods","cycl_only",TRUE,TRUE,"class_fun","microbotryomycetes","Taxonomic","cycl_only_microbotryomycetes_20151101_20180101"
"20151101","20180101","2 year current methods","env_cov",TRUE,TRUE,"class_fun","microbotryomycetes","Taxonomic","env_cov_microbotryomycetes_20151101_20180101"
"20151101","20180101","2 year current methods","env_cycl",TRUE,TRUE,"class_fun","microbotryomycetes","Taxonomic","env_cycl_microbotryomycetes_20151101_20180101"
"20151101","20180101","Legacy with covariate 2013-2018","cycl_only",TRUE,TRUE,"class_fun","microbotryomycetes","Taxonomic","cycl_only_microbotryomycetes_20130601_20180101"
"20151101","20180101","Legacy with covariate 2013-2018","env_cov",TRUE,TRUE,"class_fun","microbotryomycetes","Taxonomic","env_cov_microbotryomycetes_20130601_20180101"
"20151101","20180101","Legacy with covariate 2013-2018","env_cycl",TRUE,TRUE,"class_fun","microbotryomycetes","Taxonomic","env_cycl_microbotryomycetes_20130601_20180101"
"20151101","20200101","Full dataset","cycl_only",TRUE,TRUE,"class_fun","microbotryomycetes","Taxonomic","cycl_only_microbotryomycetes_20151101_20200101"
"20151101","20200101","Full dataset","env_cov",TRUE,TRUE,"class_fun","microbotryomycetes","Taxonomic","env_cov_microbotryomycetes_20151101_20200101"
"20151101","20200101","Full dataset","env_cycl",TRUE,TRUE,"class_fun","microbotryomycetes","Taxonomic","env_cycl_microbotryomycetes_20151101_20200101"
"20130601","20151101","Legacy only","cycl_only",TRUE,TRUE,"class_fun","mortierellomycetes","Taxonomic","cycl_only_mortierellomycetes_20130601_20151101"
"20130601","20151101","Legacy only","env_cov",TRUE,TRUE,"class_fun","mortierellomycetes","Taxonomic","env_cov_mortierellomycetes_20130601_20151101"
"20130601","20151101","Legacy only","env_cycl",TRUE,TRUE,"class_fun","mortierellomycetes","Taxonomic","env_cycl_mortierellomycetes_20130601_20151101"
"20130601","20170101","Legacy + 1 year current methods","cycl_only",TRUE,TRUE,"class_fun","mortierellomycetes","Taxonomic","cycl_only_mortierellomycetes_20130601_20170101"
"20130601","20170101","Legacy + 1 year current methods","env_cov",TRUE,TRUE,"class_fun","mortierellomycetes","Taxonomic","env_cov_mortierellomycetes_20130601_20170101"
"20130601","20170101","Legacy + 1 year current methods","env_cycl",TRUE,TRUE,"class_fun","mortierellomycetes","Taxonomic","env_cycl_mortierellomycetes_20130601_20170101"
"20130601","20180101","Legacy with covariate 2013-2018","cycl_only",TRUE,TRUE,"class_fun","mortierellomycetes","Taxonomic","cycl_only_mortierellomycetes_20130601_20180101"
"20130601","20180101","Legacy with covariate 2013-2018","env_cov",TRUE,TRUE,"class_fun","mortierellomycetes","Taxonomic","env_cov_mortierellomycetes_20130601_20180101"
"20130601","20180101","Legacy with covariate 2013-2018","env_cycl",TRUE,TRUE,"class_fun","mortierellomycetes","Taxonomic","env_cycl_mortierellomycetes_20130601_20180101"
"20151101","20180101","2 year current methods","cycl_only",TRUE,TRUE,"class_fun","mortierellomycetes","Taxonomic","cycl_only_mortierellomycetes_20151101_20180101"
"20151101","20180101","2 year current methods","env_cov",TRUE,TRUE,"class_fun","mortierellomycetes","Taxonomic","env_cov_mortierellomycetes_20151101_20180101"
"20151101","20180101","2 year current methods","env_cycl",TRUE,TRUE,"class_fun","mortierellomycetes","Taxonomic","env_cycl_mortierellomycetes_20151101_20180101"
"20151101","20180101","Legacy with covariate 2013-2018","cycl_only",TRUE,TRUE,"class_fun","mortierellomycetes","Taxonomic","cycl_only_mortierellomycetes_20130601_20180101"
"20151101","20180101","Legacy with covariate 2013-2018","env_cov",TRUE,TRUE,"class_fun","mortierellomycetes","Taxonomic","env_cov_mortierellomycetes_20130601_20180101"
"20151101","20180101","Legacy with covariate 2013-2018","env_cycl",TRUE,TRUE,"class_fun","mortierellomycetes","Taxonomic","env_cycl_mortierellomycetes_20130601_20180101"
"20151101","20200101","Full dataset","cycl_only",TRUE,TRUE,"class_fun","mortierellomycetes","Taxonomic","cycl_only_mortierellomycetes_20151101_20200101"
"20151101","20200101","Full dataset","env_cov",TRUE,TRUE,"class_fun","mortierellomycetes","Taxonomic","env_cov_mortierellomycetes_20151101_20200101"
"20151101","20200101","Full dataset","env_cycl",TRUE,TRUE,"class_fun","mortierellomycetes","Taxonomic","env_cycl_mortierellomycetes_20151101_20200101"
"20130601","20151101","Legacy only","cycl_only",TRUE,TRUE,"class_fun","mucoromycetes","Taxonomic","cycl_only_mucoromycetes_20130601_20151101"
"20130601","20151101","Legacy only","env_cov",TRUE,TRUE,"class_fun","mucoromycetes","Taxonomic","env_cov_mucoromycetes_20130601_20151101"
"20130601","20151101","Legacy only","env_cycl",TRUE,TRUE,"class_fun","mucoromycetes","Taxonomic","env_cycl_mucoromycetes_20130601_20151101"
"20130601","20170101","Legacy + 1 year current methods","cycl_only",TRUE,TRUE,"class_fun","mucoromycetes","Taxonomic","cycl_only_mucoromycetes_20130601_20170101"
"20130601","20170101","Legacy + 1 year current methods","env_cov",TRUE,TRUE,"class_fun","mucoromycetes","Taxonomic","env_cov_mucoromycetes_20130601_20170101"
"20130601","20170101","Legacy + 1 year current methods","env_cycl",TRUE,TRUE,"class_fun","mucoromycetes","Taxonomic","env_cycl_mucoromycetes_20130601_20170101"
"20130601","20180101","Legacy with covariate 2013-2018","cycl_only",TRUE,TRUE,"class_fun","mucoromycetes","Taxonomic","cycl_only_mucoromycetes_20130601_20180101"
"20130601","20180101","Legacy with covariate 2013-2018","env_cov",TRUE,TRUE,"class_fun","mucoromycetes","Taxonomic","env_cov_mucoromycetes_20130601_20180101"
"20130601","20180101","Legacy with covariate 2013-2018","env_cycl",TRUE,TRUE,"class_fun","mucoromycetes","Taxonomic","env_cycl_mucoromycetes_20130601_20180101"
"20151101","20180101","2 year current methods","cycl_only",TRUE,TRUE,"class_fun","mucoromycetes","Taxonomic","cycl_only_mucoromycetes_20151101_20180101"
"20151101","20180101","2 year current methods","env_cov",TRUE,TRUE,"class_fun","mucoromycetes","Taxonomic","env_cov_mucoromycetes_20151101_20180101"
"20151101","20180101","2 year current methods","env_cycl",TRUE,TRUE,"class_fun","mucoromycetes","Taxonomic","env_cycl_mucoromycetes_20151101_20180101"
"20151101","20180101","Legacy with covariate 2013-2018","cycl_only",TRUE,TRUE,"class_fun","mucoromycetes","Taxonomic","cycl_only_mucoromycetes_20130601_20180101"
"20151101","20180101","Legacy with covariate 2013-2018","env_cov",TRUE,TRUE,"class_fun","mucoromycetes","Taxonomic","env_cov_mucoromycetes_20130601_20180101"
"20151101","20180101","Legacy with covariate 2013-2018","env_cycl",TRUE,TRUE,"class_fun","mucoromycetes","Taxonomic","env_cycl_mucoromycetes_20130601_20180101"
"20151101","20200101","Full dataset","cycl_only",TRUE,TRUE,"class_fun","mucoromycetes","Taxonomic","cycl_only_mucoromycetes_20151101_20200101"
"20151101","20200101","Full dataset","env_cov",TRUE,TRUE,"class_fun","mucoromycetes","Taxonomic","env_cov_mucoromycetes_20151101_20200101"
"20151101","20200101","Full dataset","env_cycl",TRUE,TRUE,"class_fun","mucoromycetes","Taxonomic","env_cycl_mucoromycetes_20151101_20200101"
"20130601","20151101","Legacy only","cycl_only",TRUE,TRUE,"class_fun","mucoromycotina_cls_incertae_sedis","Taxonomic","cycl_only_mucoromycotina_cls_incertae_sedis_20130601_20151101"
"20130601","20151101","Legacy only","env_cov",TRUE,TRUE,"class_fun","mucoromycotina_cls_incertae_sedis","Taxonomic","env_cov_mucoromycotina_cls_incertae_sedis_20130601_20151101"
"20130601","20151101","Legacy only","env_cycl",TRUE,TRUE,"class_fun","mucoromycotina_cls_incertae_sedis","Taxonomic","env_cycl_mucoromycotina_cls_incertae_sedis_20130601_20151101"
"20130601","20170101","Legacy + 1 year current methods","cycl_only",TRUE,TRUE,"class_fun","mucoromycotina_cls_incertae_sedis","Taxonomic","cycl_only_mucoromycotina_cls_incertae_sedis_20130601_20170101"
"20130601","20170101","Legacy + 1 year current methods","env_cov",TRUE,TRUE,"class_fun","mucoromycotina_cls_incertae_sedis","Taxonomic","env_cov_mucoromycotina_cls_incertae_sedis_20130601_20170101"
"20130601","20170101","Legacy + 1 year current methods","env_cycl",TRUE,TRUE,"class_fun","mucoromycotina_cls_incertae_sedis","Taxonomic","env_cycl_mucoromycotina_cls_incertae_sedis_20130601_20170101"
"20130601","20180101","Legacy with covariate 2013-2018","cycl_only",TRUE,TRUE,"class_fun","mucoromycotina_cls_incertae_sedis","Taxonomic","cycl_only_mucoromycotina_cls_incertae_sedis_20130601_20180101"
"20130601","20180101","Legacy with covariate 2013-2018","env_cov",TRUE,TRUE,"class_fun","mucoromycotina_cls_incertae_sedis","Taxonomic","env_cov_mucoromycotina_cls_incertae_sedis_20130601_20180101"
"20130601","20180101","Legacy with covariate 2013-2018","env_cycl",TRUE,TRUE,"class_fun","mucoromycotina_cls_incertae_sedis","Taxonomic","env_cycl_mucoromycotina_cls_incertae_sedis_20130601_20180101"
"20151101","20180101","2 year current methods","cycl_only",TRUE,TRUE,"class_fun","mucoromycotina_cls_incertae_sedis","Taxonomic","cycl_only_mucoromycotina_cls_incertae_sedis_20151101_20180101"
"20151101","20180101","2 year current methods","env_cov",TRUE,TRUE,"class_fun","mucoromycotina_cls_incertae_sedis","Taxonomic","env_cov_mucoromycotina_cls_incertae_sedis_20151101_20180101"
"20151101","20180101","2 year current methods","env_cycl",TRUE,TRUE,"class_fun","mucoromycotina_cls_incertae_sedis","Taxonomic","env_cycl_mucoromycotina_cls_incertae_sedis_20151101_20180101"
"20151101","20180101","Legacy with covariate 2013-2018","cycl_only",TRUE,TRUE,"class_fun","mucoromycotina_cls_incertae_sedis","Taxonomic","cycl_only_mucoromycotina_cls_incertae_sedis_20130601_20180101"
"20151101","20180101","Legacy with covariate 2013-2018","env_cov",TRUE,TRUE,"class_fun","mucoromycotina_cls_incertae_sedis","Taxonomic","env_cov_mucoromycotina_cls_incertae_sedis_20130601_20180101"
"20151101","20180101","Legacy with covariate 2013-2018","env_cycl",TRUE,TRUE,"class_fun","mucoromycotina_cls_incertae_sedis","Taxonomic","env_cycl_mucoromycotina_cls_incertae_sedis_20130601_20180101"
"20151101","20200101","Full dataset","cycl_only",TRUE,TRUE,"class_fun","mucoromycotina_cls_incertae_sedis","Taxonomic","cycl_only_mucoromycotina_cls_incertae_sedis_20151101_20200101"
"20151101","20200101","Full dataset","env_cov",TRUE,TRUE,"class_fun","mucoromycotina_cls_incertae_sedis","Taxonomic","env_cov_mucoromycotina_cls_incertae_sedis_20151101_20200101"
"20151101","20200101","Full dataset","env_cycl",TRUE,TRUE,"class_fun","mucoromycotina_cls_incertae_sedis","Taxonomic","env_cycl_mucoromycotina_cls_incertae_sedis_20151101_20200101"
"20130601","20151101","Legacy only","cycl_only",TRUE,TRUE,"class_fun","orbiliomycetes","Taxonomic","cycl_only_orbiliomycetes_20130601_20151101"
"20130601","20151101","Legacy only","env_cov",TRUE,TRUE,"class_fun","orbiliomycetes","Taxonomic","env_cov_orbiliomycetes_20130601_20151101"
"20130601","20151101","Legacy only","env_cycl",TRUE,TRUE,"class_fun","orbiliomycetes","Taxonomic","env_cycl_orbiliomycetes_20130601_20151101"
"20130601","20170101","Legacy + 1 year current methods","cycl_only",TRUE,TRUE,"class_fun","orbiliomycetes","Taxonomic","cycl_only_orbiliomycetes_20130601_20170101"
"20130601","20170101","Legacy + 1 year current methods","env_cov",TRUE,TRUE,"class_fun","orbiliomycetes","Taxonomic","env_cov_orbiliomycetes_20130601_20170101"
"20130601","20170101","Legacy + 1 year current methods","env_cycl",TRUE,TRUE,"class_fun","orbiliomycetes","Taxonomic","env_cycl_orbiliomycetes_20130601_20170101"
"20130601","20180101","Legacy with covariate 2013-2018","cycl_only",TRUE,TRUE,"class_fun","orbiliomycetes","Taxonomic","cycl_only_orbiliomycetes_20130601_20180101"
"20130601","20180101","Legacy with covariate 2013-2018","env_cov",TRUE,TRUE,"class_fun","orbiliomycetes","Taxonomic","env_cov_orbiliomycetes_20130601_20180101"
"20130601","20180101","Legacy with covariate 2013-2018","env_cycl",TRUE,TRUE,"class_fun","orbiliomycetes","Taxonomic","env_cycl_orbiliomycetes_20130601_20180101"
"20151101","20180101","2 year current methods","cycl_only",TRUE,TRUE,"class_fun","orbiliomycetes","Taxonomic","cycl_only_orbiliomycetes_20151101_20180101"
"20151101","20180101","2 year current methods","env_cov",TRUE,TRUE,"class_fun","orbiliomycetes","Taxonomic","env_cov_orbiliomycetes_20151101_20180101"
"20151101","20180101","2 year current methods","env_cycl",TRUE,TRUE,"class_fun","orbiliomycetes","Taxonomic","env_cycl_orbiliomycetes_20151101_20180101"
"20151101","20180101","Legacy with covariate 2013-2018","cycl_only",TRUE,TRUE,"class_fun","orbiliomycetes","Taxonomic","cycl_only_orbiliomycetes_20130601_20180101"
"20151101","20180101","Legacy with covariate 2013-2018","env_cov",TRUE,TRUE,"class_fun","orbiliomycetes","Taxonomic","env_cov_orbiliomycetes_20130601_20180101"
"20151101","20180101","Legacy with covariate 2013-2018","env_cycl",TRUE,TRUE,"class_fun","orbiliomycetes","Taxonomic","env_cycl_orbiliomycetes_20130601_20180101"
"20151101","20200101","Full dataset","cycl_only",TRUE,TRUE,"class_fun","orbiliomycetes","Taxonomic","cycl_only_orbiliomycetes_20151101_20200101"
"20151101","20200101","Full dataset","env_cov",TRUE,TRUE,"class_fun","orbiliomycetes","Taxonomic","env_cov_orbiliomycetes_20151101_20200101"
"20151101","20200101","Full dataset","env_cycl",TRUE,TRUE,"class_fun","orbiliomycetes","Taxonomic","env_cycl_orbiliomycetes_20151101_20200101"
"20130601","20151101","Legacy only","cycl_only",TRUE,TRUE,"class_fun","pezizomycetes","Taxonomic","cycl_only_pezizomycetes_20130601_20151101"
"20130601","20151101","Legacy only","env_cov",TRUE,TRUE,"class_fun","pezizomycetes","Taxonomic","env_cov_pezizomycetes_20130601_20151101"
"20130601","20151101","Legacy only","env_cycl",TRUE,TRUE,"class_fun","pezizomycetes","Taxonomic","env_cycl_pezizomycetes_20130601_20151101"
"20130601","20170101","Legacy + 1 year current methods","cycl_only",TRUE,TRUE,"class_fun","pezizomycetes","Taxonomic","cycl_only_pezizomycetes_20130601_20170101"
"20130601","20170101","Legacy + 1 year current methods","env_cov",TRUE,TRUE,"class_fun","pezizomycetes","Taxonomic","env_cov_pezizomycetes_20130601_20170101"
"20130601","20170101","Legacy + 1 year current methods","env_cycl",TRUE,TRUE,"class_fun","pezizomycetes","Taxonomic","env_cycl_pezizomycetes_20130601_20170101"
"20130601","20180101","Legacy with covariate 2013-2018","cycl_only",TRUE,TRUE,"class_fun","pezizomycetes","Taxonomic","cycl_only_pezizomycetes_20130601_20180101"
"20130601","20180101","Legacy with covariate 2013-2018","env_cov",TRUE,TRUE,"class_fun","pezizomycetes","Taxonomic","env_cov_pezizomycetes_20130601_20180101"
"20130601","20180101","Legacy with covariate 2013-2018","env_cycl",TRUE,TRUE,"class_fun","pezizomycetes","Taxonomic","env_cycl_pezizomycetes_20130601_20180101"
"20151101","20180101","2 year current methods","cycl_only",TRUE,TRUE,"class_fun","pezizomycetes","Taxonomic","cycl_only_pezizomycetes_20151101_20180101"
"20151101","20180101","2 year current methods","env_cov",TRUE,TRUE,"class_fun","pezizomycetes","Taxonomic","env_cov_pezizomycetes_20151101_20180101"
"20151101","20180101","2 year current methods","env_cycl",TRUE,TRUE,"class_fun","pezizomycetes","Taxonomic","env_cycl_pezizomycetes_20151101_20180101"
"20151101","20180101","Legacy with covariate 2013-2018","cycl_only",TRUE,TRUE,"class_fun","pezizomycetes","Taxonomic","cycl_only_pezizomycetes_20130601_20180101"
"20151101","20180101","Legacy with covariate 2013-2018","env_cov",TRUE,TRUE,"class_fun","pezizomycetes","Taxonomic","env_cov_pezizomycetes_20130601_20180101"
"20151101","20180101","Legacy with covariate 2013-2018","env_cycl",TRUE,TRUE,"class_fun","pezizomycetes","Taxonomic","env_cycl_pezizomycetes_20130601_20180101"
"20151101","20200101","Full dataset","cycl_only",TRUE,TRUE,"class_fun","pezizomycetes","Taxonomic","cycl_only_pezizomycetes_20151101_20200101"
"20151101","20200101","Full dataset","env_cov",TRUE,TRUE,"class_fun","pezizomycetes","Taxonomic","env_cov_pezizomycetes_20151101_20200101"
"20151101","20200101","Full dataset","env_cycl",TRUE,TRUE,"class_fun","pezizomycetes","Taxonomic","env_cycl_pezizomycetes_20151101_20200101"
"20130601","20151101","Legacy only","cycl_only",TRUE,TRUE,"class_fun","rozellomycotina_cls_incertae_sedis","Taxonomic","cycl_only_rozellomycotina_cls_incertae_sedis_20130601_20151101"
"20130601","20151101","Legacy only","env_cov",TRUE,TRUE,"class_fun","rozellomycotina_cls_incertae_sedis","Taxonomic","env_cov_rozellomycotina_cls_incertae_sedis_20130601_20151101"
"20130601","20151101","Legacy only","env_cycl",TRUE,TRUE,"class_fun","rozellomycotina_cls_incertae_sedis","Taxonomic","env_cycl_rozellomycotina_cls_incertae_sedis_20130601_20151101"
"20130601","20170101","Legacy + 1 year current methods","cycl_only",TRUE,TRUE,"class_fun","rozellomycotina_cls_incertae_sedis","Taxonomic","cycl_only_rozellomycotina_cls_incertae_sedis_20130601_20170101"
"20130601","20170101","Legacy + 1 year current methods","env_cov",TRUE,TRUE,"class_fun","rozellomycotina_cls_incertae_sedis","Taxonomic","env_cov_rozellomycotina_cls_incertae_sedis_20130601_20170101"
"20130601","20170101","Legacy + 1 year current methods","env_cycl",TRUE,TRUE,"class_fun","rozellomycotina_cls_incertae_sedis","Taxonomic","env_cycl_rozellomycotina_cls_incertae_sedis_20130601_20170101"
"20130601","20180101","Legacy with covariate 2013-2018","cycl_only",TRUE,TRUE,"class_fun","rozellomycotina_cls_incertae_sedis","Taxonomic","cycl_only_rozellomycotina_cls_incertae_sedis_20130601_20180101"
"20130601","20180101","Legacy with covariate 2013-2018","env_cov",TRUE,TRUE,"class_fun","rozellomycotina_cls_incertae_sedis","Taxonomic","env_cov_rozellomycotina_cls_incertae_sedis_20130601_20180101"
"20130601","20180101","Legacy with covariate 2013-2018","env_cycl",TRUE,TRUE,"class_fun","rozellomycotina_cls_incertae_sedis","Taxonomic","env_cycl_rozellomycotina_cls_incertae_sedis_20130601_20180101"
"20151101","20180101","2 year current methods","cycl_only",TRUE,TRUE,"class_fun","rozellomycotina_cls_incertae_sedis","Taxonomic","cycl_only_rozellomycotina_cls_incertae_sedis_20151101_20180101"
"20151101","20180101","2 year current methods","env_cov",TRUE,TRUE,"class_fun","rozellomycotina_cls_incertae_sedis","Taxonomic","env_cov_rozellomycotina_cls_incertae_sedis_20151101_20180101"
"20151101","20180101","2 year current methods","env_cycl",TRUE,TRUE,"class_fun","rozellomycotina_cls_incertae_sedis","Taxonomic","env_cycl_rozellomycotina_cls_incertae_sedis_20151101_20180101"
"20151101","20180101","Legacy with covariate 2013-2018","cycl_only",TRUE,TRUE,"class_fun","rozellomycotina_cls_incertae_sedis","Taxonomic","cycl_only_rozellomycotina_cls_incertae_sedis_20130601_20180101"
"20151101","20180101","Legacy with covariate 2013-2018","env_cov",TRUE,TRUE,"class_fun","rozellomycotina_cls_incertae_sedis","Taxonomic","env_cov_rozellomycotina_cls_incertae_sedis_20130601_20180101"
"20151101","20180101","Legacy with covariate 2013-2018","env_cycl",TRUE,TRUE,"class_fun","rozellomycotina_cls_incertae_sedis","Taxonomic","env_cycl_rozellomycotina_cls_incertae_sedis_20130601_20180101"
"20151101","20200101","Full dataset","cycl_only",TRUE,TRUE,"class_fun","rozellomycotina_cls_incertae_sedis","Taxonomic","cycl_only_rozellomycotina_cls_incertae_sedis_20151101_20200101"
"20151101","20200101","Full dataset","env_cov",TRUE,TRUE,"class_fun","rozellomycotina_cls_incertae_sedis","Taxonomic","env_cov_rozellomycotina_cls_incertae_sedis_20151101_20200101"
"20151101","20200101","Full dataset","env_cycl",TRUE,TRUE,"class_fun","rozellomycotina_cls_incertae_sedis","Taxonomic","env_cycl_rozellomycotina_cls_incertae_sedis_20151101_20200101"
"20130601","20151101","Legacy only","cycl_only",TRUE,TRUE,"class_fun","saccharomycetes","Taxonomic","cycl_only_saccharomycetes_20130601_20151101"
"20130601","20151101","Legacy only","env_cov",TRUE,TRUE,"class_fun","saccharomycetes","Taxonomic","env_cov_saccharomycetes_20130601_20151101"
"20130601","20151101","Legacy only","env_cycl",TRUE,TRUE,"class_fun","saccharomycetes","Taxonomic","env_cycl_saccharomycetes_20130601_20151101"
"20130601","20170101","Legacy + 1 year current methods","cycl_only",TRUE,TRUE,"class_fun","saccharomycetes","Taxonomic","cycl_only_saccharomycetes_20130601_20170101"
"20130601","20170101","Legacy + 1 year current methods","env_cov",TRUE,TRUE,"class_fun","saccharomycetes","Taxonomic","env_cov_saccharomycetes_20130601_20170101"
"20130601","20170101","Legacy + 1 year current methods","env_cycl",TRUE,TRUE,"class_fun","saccharomycetes","Taxonomic","env_cycl_saccharomycetes_20130601_20170101"
"20130601","20180101","Legacy with covariate 2013-2018","cycl_only",TRUE,TRUE,"class_fun","saccharomycetes","Taxonomic","cycl_only_saccharomycetes_20130601_20180101"
"20130601","20180101","Legacy with covariate 2013-2018","env_cov",TRUE,TRUE,"class_fun","saccharomycetes","Taxonomic","env_cov_saccharomycetes_20130601_20180101"
"20130601","20180101","Legacy with covariate 2013-2018","env_cycl",TRUE,TRUE,"class_fun","saccharomycetes","Taxonomic","env_cycl_saccharomycetes_20130601_20180101"
"20151101","20180101","2 year current methods","cycl_only",TRUE,TRUE,"class_fun","saccharomycetes","Taxonomic","cycl_only_saccharomycetes_20151101_20180101"
"20151101","20180101","2 year current methods","env_cov",TRUE,TRUE,"class_fun","saccharomycetes","Taxonomic","env_cov_saccharomycetes_20151101_20180101"
"20151101","20180101","2 year current methods","env_cycl",TRUE,TRUE,"class_fun","saccharomycetes","Taxonomic","env_cycl_saccharomycetes_20151101_20180101"
"20151101","20180101","Legacy with covariate 2013-2018","cycl_only",TRUE,TRUE,"class_fun","saccharomycetes","Taxonomic","cycl_only_saccharomycetes_20130601_20180101"
"20151101","20180101","Legacy with covariate 2013-2018","env_cov",TRUE,TRUE,"class_fun","saccharomycetes","Taxonomic","env_cov_saccharomycetes_20130601_20180101"
"20151101","20180101","Legacy with covariate 2013-2018","env_cycl",TRUE,TRUE,"class_fun","saccharomycetes","Taxonomic","env_cycl_saccharomycetes_20130601_20180101"
"20151101","20200101","Full dataset","cycl_only",TRUE,TRUE,"class_fun","saccharomycetes","Taxonomic","cycl_only_saccharomycetes_20151101_20200101"
"20151101","20200101","Full dataset","env_cov",TRUE,TRUE,"class_fun","saccharomycetes","Taxonomic","env_cov_saccharomycetes_20151101_20200101"
"20151101","20200101","Full dataset","env_cycl",TRUE,TRUE,"class_fun","saccharomycetes","Taxonomic","env_cycl_saccharomycetes_20151101_20200101"
"20130601","20151101","Legacy only","cycl_only",TRUE,TRUE,"class_fun","sordariomycetes","Taxonomic","cycl_only_sordariomycetes_20130601_20151101"
"20130601","20151101","Legacy only","env_cov",TRUE,TRUE,"class_fun","sordariomycetes","Taxonomic","env_cov_sordariomycetes_20130601_20151101"
"20130601","20151101","Legacy only","env_cycl",TRUE,TRUE,"class_fun","sordariomycetes","Taxonomic","env_cycl_sordariomycetes_20130601_20151101"
"20130601","20170101","Legacy + 1 year current methods","cycl_only",TRUE,TRUE,"class_fun","sordariomycetes","Taxonomic","cycl_only_sordariomycetes_20130601_20170101"
"20130601","20170101","Legacy + 1 year current methods","env_cov",TRUE,TRUE,"class_fun","sordariomycetes","Taxonomic","env_cov_sordariomycetes_20130601_20170101"
"20130601","20170101","Legacy + 1 year current methods","env_cycl",TRUE,TRUE,"class_fun","sordariomycetes","Taxonomic","env_cycl_sordariomycetes_20130601_20170101"
"20130601","20180101","Legacy with covariate 2013-2018","cycl_only",TRUE,TRUE,"class_fun","sordariomycetes","Taxonomic","cycl_only_sordariomycetes_20130601_20180101"
"20130601","20180101","Legacy with covariate 2013-2018","env_cov",TRUE,TRUE,"class_fun","sordariomycetes","Taxonomic","env_cov_sordariomycetes_20130601_20180101"
"20130601","20180101","Legacy with covariate 2013-2018","env_cycl",TRUE,TRUE,"class_fun","sordariomycetes","Taxonomic","env_cycl_sordariomycetes_20130601_20180101"
"20151101","20180101","2 year current methods","cycl_only",TRUE,TRUE,"class_fun","sordariomycetes","Taxonomic","cycl_only_sordariomycetes_20151101_20180101"
"20151101","20180101","2 year current methods","env_cov",TRUE,TRUE,"class_fun","sordariomycetes","Taxonomic","env_cov_sordariomycetes_20151101_20180101"
"20151101","20180101","2 year current methods","env_cycl",TRUE,TRUE,"class_fun","sordariomycetes","Taxonomic","env_cycl_sordariomycetes_20151101_20180101"
"20151101","20180101","Legacy with covariate 2013-2018","cycl_only",TRUE,TRUE,"class_fun","sordariomycetes","Taxonomic","cycl_only_sordariomycetes_20130601_20180101"
"20151101","20180101","Legacy with covariate 2013-2018","env_cov",TRUE,TRUE,"class_fun","sordariomycetes","Taxonomic","env_cov_sordariomycetes_20130601_20180101"
"20151101","20180101","Legacy with covariate 2013-2018","env_cycl",TRUE,TRUE,"class_fun","sordariomycetes","Taxonomic","env_cycl_sordariomycetes_20130601_20180101"
"20151101","20200101","Full dataset","cycl_only",TRUE,TRUE,"class_fun","sordariomycetes","Taxonomic","cycl_only_sordariomycetes_20151101_20200101"
"20151101","20200101","Full dataset","env_cov",TRUE,TRUE,"class_fun","sordariomycetes","Taxonomic","env_cov_sordariomycetes_20151101_20200101"
"20151101","20200101","Full dataset","env_cycl",TRUE,TRUE,"class_fun","sordariomycetes","Taxonomic","env_cycl_sordariomycetes_20151101_20200101"
"20130601","20151101","Legacy only","cycl_only",TRUE,TRUE,"class_fun","spizellomycetes","Taxonomic","cycl_only_spizellomycetes_20130601_20151101"
"20130601","20151101","Legacy only","env_cov",TRUE,TRUE,"class_fun","spizellomycetes","Taxonomic","env_cov_spizellomycetes_20130601_20151101"
"20130601","20151101","Legacy only","env_cycl",TRUE,TRUE,"class_fun","spizellomycetes","Taxonomic","env_cycl_spizellomycetes_20130601_20151101"
"20130601","20170101","Legacy + 1 year current methods","cycl_only",TRUE,TRUE,"class_fun","spizellomycetes","Taxonomic","cycl_only_spizellomycetes_20130601_20170101"
"20130601","20170101","Legacy + 1 year current methods","env_cov",TRUE,TRUE,"class_fun","spizellomycetes","Taxonomic","env_cov_spizellomycetes_20130601_20170101"
"20130601","20170101","Legacy + 1 year current methods","env_cycl",TRUE,TRUE,"class_fun","spizellomycetes","Taxonomic","env_cycl_spizellomycetes_20130601_20170101"
"20130601","20180101","Legacy with covariate 2013-2018","cycl_only",TRUE,TRUE,"class_fun","spizellomycetes","Taxonomic","cycl_only_spizellomycetes_20130601_20180101"
"20130601","20180101","Legacy with covariate 2013-2018","env_cov",TRUE,TRUE,"class_fun","spizellomycetes","Taxonomic","env_cov_spizellomycetes_20130601_20180101"
"20130601","20180101","Legacy with covariate 2013-2018","env_cycl",TRUE,TRUE,"class_fun","spizellomycetes","Taxonomic","env_cycl_spizellomycetes_20130601_20180101"
"20151101","20180101","2 year current methods","cycl_only",TRUE,TRUE,"class_fun","spizellomycetes","Taxonomic","cycl_only_spizellomycetes_20151101_20180101"
"20151101","20180101","2 year current methods","env_cov",TRUE,TRUE,"class_fun","spizellomycetes","Taxonomic","env_cov_spizellomycetes_20151101_20180101"
"20151101","20180101","2 year current methods","env_cycl",TRUE,TRUE,"class_fun","spizellomycetes","Taxonomic","env_cycl_spizellomycetes_20151101_20180101"
"20151101","20180101","Legacy with covariate 2013-2018","cycl_only",TRUE,TRUE,"class_fun","spizellomycetes","Taxonomic","cycl_only_spizellomycetes_20130601_20180101"
"20151101","20180101","Legacy with covariate 2013-2018","env_cov",TRUE,TRUE,"class_fun","spizellomycetes","Taxonomic","env_cov_spizellomycetes_20130601_20180101"
"20151101","20180101","Legacy with covariate 2013-2018","env_cycl",TRUE,TRUE,"class_fun","spizellomycetes","Taxonomic","env_cycl_spizellomycetes_20130601_20180101"
"20151101","20200101","Full dataset","cycl_only",TRUE,TRUE,"class_fun","spizellomycetes","Taxonomic","cycl_only_spizellomycetes_20151101_20200101"
"20151101","20200101","Full dataset","env_cov",TRUE,TRUE,"class_fun","spizellomycetes","Taxonomic","env_cov_spizellomycetes_20151101_20200101"
"20151101","20200101","Full dataset","env_cycl",TRUE,TRUE,"class_fun","spizellomycetes","Taxonomic","env_cycl_spizellomycetes_20151101_20200101"
"20130601","20151101","Legacy only","cycl_only",TRUE,TRUE,"class_fun","tremellomycetes","Taxonomic","cycl_only_tremellomycetes_20130601_20151101"
"20130601","20151101","Legacy only","env_cov",TRUE,TRUE,"class_fun","tremellomycetes","Taxonomic","env_cov_tremellomycetes_20130601_20151101"
"20130601","20151101","Legacy only","env_cycl",TRUE,TRUE,"class_fun","tremellomycetes","Taxonomic","env_cycl_tremellomycetes_20130601_20151101"
"20130601","20170101","Legacy + 1 year current methods","cycl_only",TRUE,TRUE,"class_fun","tremellomycetes","Taxonomic","cycl_only_tremellomycetes_20130601_20170101"
"20130601","20170101","Legacy + 1 year current methods","env_cov",TRUE,TRUE,"class_fun","tremellomycetes","Taxonomic","env_cov_tremellomycetes_20130601_20170101"
"20130601","20170101","Legacy + 1 year current methods","env_cycl",TRUE,TRUE,"class_fun","tremellomycetes","Taxonomic","env_cycl_tremellomycetes_20130601_20170101"
"20130601","20180101","Legacy with covariate 2013-2018","cycl_only",TRUE,TRUE,"class_fun","tremellomycetes","Taxonomic","cycl_only_tremellomycetes_20130601_20180101"
"20130601","20180101","Legacy with covariate 2013-2018","env_cov",TRUE,TRUE,"class_fun","tremellomycetes","Taxonomic","env_cov_tremellomycetes_20130601_20180101"
"20130601","20180101","Legacy with covariate 2013-2018","env_cycl",TRUE,TRUE,"class_fun","tremellomycetes","Taxonomic","env_cycl_tremellomycetes_20130601_20180101"
"20151101","20180101","2 year current methods","cycl_only",TRUE,TRUE,"class_fun","tremellomycetes","Taxonomic","cycl_only_tremellomycetes_20151101_20180101"
"20151101","20180101","2 year current methods","env_cov",TRUE,TRUE,"class_fun","tremellomycetes","Taxonomic","env_cov_tremellomycetes_20151101_20180101"
"20151101","20180101","2 year current methods","env_cycl",TRUE,TRUE,"class_fun","tremellomycetes","Taxonomic","env_cycl_tremellomycetes_20151101_20180101"
"20151101","20180101","Legacy with covariate 2013-2018","cycl_only",TRUE,TRUE,"class_fun","tremellomycetes","Taxonomic","cycl_only_tremellomycetes_20130601_20180101"
"20151101","20180101","Legacy with covariate 2013-2018","env_cov",TRUE,TRUE,"class_fun","tremellomycetes","Taxonomic","env_cov_tremellomycetes_20130601_20180101"
"20151101","20180101","Legacy with covariate 2013-2018","env_cycl",TRUE,TRUE,"class_fun","tremellomycetes","Taxonomic","env_cycl_tremellomycetes_20130601_20180101"
"20151101","20200101","Full dataset","cycl_only",TRUE,TRUE,"class_fun","tremellomycetes","Taxonomic","cycl_only_tremellomycetes_20151101_20200101"
"20151101","20200101","Full dataset","env_cov",TRUE,TRUE,"class_fun","tremellomycetes","Taxonomic","env_cov_tremellomycetes_20151101_20200101"
"20151101","20200101","Full dataset","env_cycl",TRUE,TRUE,"class_fun","tremellomycetes","Taxonomic","env_cycl_tremellomycetes_20151101_20200101"
"20130601","20151101","Legacy only","cycl_only",TRUE,TRUE,"class_fun","umbelopsidomycetes","Taxonomic","cycl_only_umbelopsidomycetes_20130601_20151101"
"20130601","20151101","Legacy only","env_cov",TRUE,TRUE,"class_fun","umbelopsidomycetes","Taxonomic","env_cov_umbelopsidomycetes_20130601_20151101"
"20130601","20151101","Legacy only","env_cycl",TRUE,TRUE,"class_fun","umbelopsidomycetes","Taxonomic","env_cycl_umbelopsidomycetes_20130601_20151101"
"20130601","20170101","Legacy + 1 year current methods","cycl_only",TRUE,TRUE,"class_fun","umbelopsidomycetes","Taxonomic","cycl_only_umbelopsidomycetes_20130601_20170101"
"20130601","20170101","Legacy + 1 year current methods","env_cov",TRUE,TRUE,"class_fun","umbelopsidomycetes","Taxonomic","env_cov_umbelopsidomycetes_20130601_20170101"
"20130601","20170101","Legacy + 1 year current methods","env_cycl",TRUE,TRUE,"class_fun","umbelopsidomycetes","Taxonomic","env_cycl_umbelopsidomycetes_20130601_20170101"
"20130601","20180101","Legacy with covariate 2013-2018","cycl_only",TRUE,TRUE,"class_fun","umbelopsidomycetes","Taxonomic","cycl_only_umbelopsidomycetes_20130601_20180101"
"20130601","20180101","Legacy with covariate 2013-2018","env_cov",TRUE,TRUE,"class_fun","umbelopsidomycetes","Taxonomic","env_cov_umbelopsidomycetes_20130601_20180101"
"20130601","20180101","Legacy with covariate 2013-2018","env_cycl",TRUE,TRUE,"class_fun","umbelopsidomycetes","Taxonomic","env_cycl_umbelopsidomycetes_20130601_20180101"
"20151101","20180101","2 year current methods","cycl_only",TRUE,TRUE,"class_fun","umbelopsidomycetes","Taxonomic","cycl_only_umbelopsidomycetes_20151101_20180101"
"20151101","20180101","2 year current methods","env_cov",TRUE,TRUE,"class_fun","umbelopsidomycetes","Taxonomic","env_cov_umbelopsidomycetes_20151101_20180101"
"20151101","20180101","2 year current methods","env_cycl",TRUE,TRUE,"class_fun","umbelopsidomycetes","Taxonomic","env_cycl_umbelopsidomycetes_20151101_20180101"
"20151101","20180101","Legacy with covariate 2013-2018","cycl_only",TRUE,TRUE,"class_fun","umbelopsidomycetes","Taxonomic","cycl_only_umbelopsidomycetes_20130601_20180101"
"20151101","20180101","Legacy with covariate 2013-2018","env_cov",TRUE,TRUE,"class_fun","umbelopsidomycetes","Taxonomic","env_cov_umbelopsidomycetes_20130601_20180101"
"20151101","20180101","Legacy with covariate 2013-2018","env_cycl",TRUE,TRUE,"class_fun","umbelopsidomycetes","Taxonomic","env_cycl_umbelopsidomycetes_20130601_20180101"
"20151101","20200101","Full dataset","cycl_only",TRUE,TRUE,"class_fun","umbelopsidomycetes","Taxonomic","cycl_only_umbelopsidomycetes_20151101_20200101"
"20151101","20200101","Full dataset","env_cov",TRUE,TRUE,"class_fun","umbelopsidomycetes","Taxonomic","env_cov_umbelopsidomycetes_20151101_20200101"
"20151101","20200101","Full dataset","env_cycl",TRUE,TRUE,"class_fun","umbelopsidomycetes","Taxonomic","env_cycl_umbelopsidomycetes_20151101_20200101"
"20130601","20151101","Legacy only","cycl_only",TRUE,TRUE,"order_fun","agaricales","Taxonomic","cycl_only_agaricales_20130601_20151101"
"20130601","20151101","Legacy only","env_cov",TRUE,TRUE,"order_fun","agaricales","Taxonomic","env_cov_agaricales_20130601_20151101"
"20130601","20151101","Legacy only","env_cycl",TRUE,TRUE,"order_fun","agaricales","Taxonomic","env_cycl_agaricales_20130601_20151101"
"20130601","20170101","Legacy + 1 year current methods","cycl_only",TRUE,TRUE,"order_fun","agaricales","Taxonomic","cycl_only_agaricales_20130601_20170101"
"20130601","20170101","Legacy + 1 year current methods","env_cov",TRUE,TRUE,"order_fun","agaricales","Taxonomic","env_cov_agaricales_20130601_20170101"
"20130601","20170101","Legacy + 1 year current methods","env_cycl",TRUE,TRUE,"order_fun","agaricales","Taxonomic","env_cycl_agaricales_20130601_20170101"
"20130601","20180101","Legacy with covariate 2013-2018","cycl_only",TRUE,TRUE,"order_fun","agaricales","Taxonomic","cycl_only_agaricales_20130601_20180101"
"20130601","20180101","Legacy with covariate 2013-2018","env_cov",TRUE,TRUE,"order_fun","agaricales","Taxonomic","env_cov_agaricales_20130601_20180101"
"20130601","20180101","Legacy with covariate 2013-2018","env_cycl",TRUE,TRUE,"order_fun","agaricales","Taxonomic","env_cycl_agaricales_20130601_20180101"
"20151101","20180101","2 year current methods","cycl_only",TRUE,TRUE,"order_fun","agaricales","Taxonomic","cycl_only_agaricales_20151101_20180101"
"20151101","20180101","2 year current methods","env_cov",TRUE,TRUE,"order_fun","agaricales","Taxonomic","env_cov_agaricales_20151101_20180101"
"20151101","20180101","2 year current methods","env_cycl",TRUE,TRUE,"order_fun","agaricales","Taxonomic","env_cycl_agaricales_20151101_20180101"
"20151101","20180101","Legacy with covariate 2013-2018","cycl_only",TRUE,TRUE,"order_fun","agaricales","Taxonomic","cycl_only_agaricales_20130601_20180101"
"20151101","20180101","Legacy with covariate 2013-2018","env_cov",TRUE,TRUE,"order_fun","agaricales","Taxonomic","env_cov_agaricales_20130601_20180101"
"20151101","20180101","Legacy with covariate 2013-2018","env_cycl",TRUE,TRUE,"order_fun","agaricales","Taxonomic","env_cycl_agaricales_20130601_20180101"
"20151101","20200101","Full dataset","cycl_only",TRUE,TRUE,"order_fun","agaricales","Taxonomic","cycl_only_agaricales_20151101_20200101"
"20151101","20200101","Full dataset","env_cov",TRUE,TRUE,"order_fun","agaricales","Taxonomic","env_cov_agaricales_20151101_20200101"
"20151101","20200101","Full dataset","env_cycl",TRUE,TRUE,"order_fun","agaricales","Taxonomic","env_cycl_agaricales_20151101_20200101"
"20130601","20151101","Legacy only","cycl_only",TRUE,TRUE,"order_fun","archaeorhizomycetales","Taxonomic","cycl_only_archaeorhizomycetales_20130601_20151101"
"20130601","20151101","Legacy only","env_cov",TRUE,TRUE,"order_fun","archaeorhizomycetales","Taxonomic","env_cov_archaeorhizomycetales_20130601_20151101"
"20130601","20151101","Legacy only","env_cycl",TRUE,TRUE,"order_fun","archaeorhizomycetales","Taxonomic","env_cycl_archaeorhizomycetales_20130601_20151101"
"20130601","20170101","Legacy + 1 year current methods","cycl_only",TRUE,TRUE,"order_fun","archaeorhizomycetales","Taxonomic","cycl_only_archaeorhizomycetales_20130601_20170101"
"20130601","20170101","Legacy + 1 year current methods","env_cov",TRUE,TRUE,"order_fun","archaeorhizomycetales","Taxonomic","env_cov_archaeorhizomycetales_20130601_20170101"
"20130601","20170101","Legacy + 1 year current methods","env_cycl",TRUE,TRUE,"order_fun","archaeorhizomycetales","Taxonomic","env_cycl_archaeorhizomycetales_20130601_20170101"
"20130601","20180101","Legacy with covariate 2013-2018","cycl_only",TRUE,TRUE,"order_fun","archaeorhizomycetales","Taxonomic","cycl_only_archaeorhizomycetales_20130601_20180101"
"20130601","20180101","Legacy with covariate 2013-2018","env_cov",TRUE,TRUE,"order_fun","archaeorhizomycetales","Taxonomic","env_cov_archaeorhizomycetales_20130601_20180101"
"20130601","20180101","Legacy with covariate 2013-2018","env_cycl",TRUE,TRUE,"order_fun","archaeorhizomycetales","Taxonomic","env_cycl_archaeorhizomycetales_20130601_20180101"
"20151101","20180101","2 year current methods","cycl_only",TRUE,TRUE,"order_fun","archaeorhizomycetales","Taxonomic","cycl_only_archaeorhizomycetales_20151101_20180101"
"20151101","20180101","2 year current methods","env_cov",TRUE,TRUE,"order_fun","archaeorhizomycetales","Taxonomic","env_cov_archaeorhizomycetales_20151101_20180101"
"20151101","20180101","2 year current methods","env_cycl",TRUE,TRUE,"order_fun","archaeorhizomycetales","Taxonomic","env_cycl_archaeorhizomycetales_20151101_20180101"
"20151101","20180101","Legacy with covariate 2013-2018","cycl_only",TRUE,TRUE,"order_fun","archaeorhizomycetales","Taxonomic","cycl_only_archaeorhizomycetales_20130601_20180101"
"20151101","20180101","Legacy with covariate 2013-2018","env_cov",TRUE,TRUE,"order_fun","archaeorhizomycetales","Taxonomic","env_cov_archaeorhizomycetales_20130601_20180101"
"20151101","20180101","Legacy with covariate 2013-2018","env_cycl",TRUE,TRUE,"order_fun","archaeorhizomycetales","Taxonomic","env_cycl_archaeorhizomycetales_20130601_20180101"
"20151101","20200101","Full dataset","cycl_only",TRUE,TRUE,"order_fun","archaeorhizomycetales","Taxonomic","cycl_only_archaeorhizomycetales_20151101_20200101"
"20151101","20200101","Full dataset","env_cov",TRUE,TRUE,"order_fun","archaeorhizomycetales","Taxonomic","env_cov_archaeorhizomycetales_20151101_20200101"
"20151101","20200101","Full dataset","env_cycl",TRUE,TRUE,"order_fun","archaeorhizomycetales","Taxonomic","env_cycl_archaeorhizomycetales_20151101_20200101"
"20130601","20151101","Legacy only","cycl_only",TRUE,TRUE,"order_fun","cantharellales","Taxonomic","cycl_only_cantharellales_20130601_20151101"
"20130601","20151101","Legacy only","env_cov",TRUE,TRUE,"order_fun","cantharellales","Taxonomic","env_cov_cantharellales_20130601_20151101"
"20130601","20151101","Legacy only","env_cycl",TRUE,TRUE,"order_fun","cantharellales","Taxonomic","env_cycl_cantharellales_20130601_20151101"
"20130601","20170101","Legacy + 1 year current methods","cycl_only",TRUE,TRUE,"order_fun","cantharellales","Taxonomic","cycl_only_cantharellales_20130601_20170101"
"20130601","20170101","Legacy + 1 year current methods","env_cov",TRUE,TRUE,"order_fun","cantharellales","Taxonomic","env_cov_cantharellales_20130601_20170101"
"20130601","20170101","Legacy + 1 year current methods","env_cycl",TRUE,TRUE,"order_fun","cantharellales","Taxonomic","env_cycl_cantharellales_20130601_20170101"
"20130601","20180101","Legacy with covariate 2013-2018","cycl_only",TRUE,TRUE,"order_fun","cantharellales","Taxonomic","cycl_only_cantharellales_20130601_20180101"
"20130601","20180101","Legacy with covariate 2013-2018","env_cov",TRUE,TRUE,"order_fun","cantharellales","Taxonomic","env_cov_cantharellales_20130601_20180101"
"20130601","20180101","Legacy with covariate 2013-2018","env_cycl",TRUE,TRUE,"order_fun","cantharellales","Taxonomic","env_cycl_cantharellales_20130601_20180101"
"20151101","20180101","2 year current methods","cycl_only",TRUE,TRUE,"order_fun","cantharellales","Taxonomic","cycl_only_cantharellales_20151101_20180101"
"20151101","20180101","2 year current methods","env_cov",TRUE,TRUE,"order_fun","cantharellales","Taxonomic","env_cov_cantharellales_20151101_20180101"
"20151101","20180101","2 year current methods","env_cycl",TRUE,TRUE,"order_fun","cantharellales","Taxonomic","env_cycl_cantharellales_20151101_20180101"
"20151101","20180101","Legacy with covariate 2013-2018","cycl_only",TRUE,TRUE,"order_fun","cantharellales","Taxonomic","cycl_only_cantharellales_20130601_20180101"
"20151101","20180101","Legacy with covariate 2013-2018","env_cov",TRUE,TRUE,"order_fun","cantharellales","Taxonomic","env_cov_cantharellales_20130601_20180101"
"20151101","20180101","Legacy with covariate 2013-2018","env_cycl",TRUE,TRUE,"order_fun","cantharellales","Taxonomic","env_cycl_cantharellales_20130601_20180101"
"20151101","20200101","Full dataset","cycl_only",TRUE,TRUE,"order_fun","cantharellales","Taxonomic","cycl_only_cantharellales_20151101_20200101"
"20151101","20200101","Full dataset","env_cov",TRUE,TRUE,"order_fun","cantharellales","Taxonomic","env_cov_cantharellales_20151101_20200101"
"20151101","20200101","Full dataset","env_cycl",TRUE,TRUE,"order_fun","cantharellales","Taxonomic","env_cycl_cantharellales_20151101_20200101"
"20130601","20151101","Legacy only","cycl_only",TRUE,TRUE,"order_fun","capnodiales","Taxonomic","cycl_only_capnodiales_20130601_20151101"
"20130601","20151101","Legacy only","env_cov",TRUE,TRUE,"order_fun","capnodiales","Taxonomic","env_cov_capnodiales_20130601_20151101"
"20130601","20151101","Legacy only","env_cycl",TRUE,TRUE,"order_fun","capnodiales","Taxonomic","env_cycl_capnodiales_20130601_20151101"
"20130601","20170101","Legacy + 1 year current methods","cycl_only",TRUE,TRUE,"order_fun","capnodiales","Taxonomic","cycl_only_capnodiales_20130601_20170101"
"20130601","20170101","Legacy + 1 year current methods","env_cov",TRUE,TRUE,"order_fun","capnodiales","Taxonomic","env_cov_capnodiales_20130601_20170101"
"20130601","20170101","Legacy + 1 year current methods","env_cycl",TRUE,TRUE,"order_fun","capnodiales","Taxonomic","env_cycl_capnodiales_20130601_20170101"
"20130601","20180101","Legacy with covariate 2013-2018","cycl_only",TRUE,TRUE,"order_fun","capnodiales","Taxonomic","cycl_only_capnodiales_20130601_20180101"
"20130601","20180101","Legacy with covariate 2013-2018","env_cov",TRUE,TRUE,"order_fun","capnodiales","Taxonomic","env_cov_capnodiales_20130601_20180101"
"20130601","20180101","Legacy with covariate 2013-2018","env_cycl",TRUE,TRUE,"order_fun","capnodiales","Taxonomic","env_cycl_capnodiales_20130601_20180101"
"20151101","20180101","2 year current methods","cycl_only",TRUE,TRUE,"order_fun","capnodiales","Taxonomic","cycl_only_capnodiales_20151101_20180101"
"20151101","20180101","2 year current methods","env_cov",TRUE,TRUE,"order_fun","capnodiales","Taxonomic","env_cov_capnodiales_20151101_20180101"
"20151101","20180101","2 year current methods","env_cycl",TRUE,TRUE,"order_fun","capnodiales","Taxonomic","env_cycl_capnodiales_20151101_20180101"
"20151101","20180101","Legacy with covariate 2013-2018","cycl_only",TRUE,TRUE,"order_fun","capnodiales","Taxonomic","cycl_only_capnodiales_20130601_20180101"
"20151101","20180101","Legacy with covariate 2013-2018","env_cov",TRUE,TRUE,"order_fun","capnodiales","Taxonomic","env_cov_capnodiales_20130601_20180101"
"20151101","20180101","Legacy with covariate 2013-2018","env_cycl",TRUE,TRUE,"order_fun","capnodiales","Taxonomic","env_cycl_capnodiales_20130601_20180101"
"20151101","20200101","Full dataset","cycl_only",TRUE,TRUE,"order_fun","capnodiales","Taxonomic","cycl_only_capnodiales_20151101_20200101"
"20151101","20200101","Full dataset","env_cov",TRUE,TRUE,"order_fun","capnodiales","Taxonomic","env_cov_capnodiales_20151101_20200101"
"20151101","20200101","Full dataset","env_cycl",TRUE,TRUE,"order_fun","capnodiales","Taxonomic","env_cycl_capnodiales_20151101_20200101"
"20130601","20151101","Legacy only","cycl_only",TRUE,TRUE,"order_fun","chaetosphaeriales","Taxonomic","cycl_only_chaetosphaeriales_20130601_20151101"
"20130601","20151101","Legacy only","env_cov",TRUE,TRUE,"order_fun","chaetosphaeriales","Taxonomic","env_cov_chaetosphaeriales_20130601_20151101"
"20130601","20151101","Legacy only","env_cycl",TRUE,TRUE,"order_fun","chaetosphaeriales","Taxonomic","env_cycl_chaetosphaeriales_20130601_20151101"
"20130601","20170101","Legacy + 1 year current methods","cycl_only",TRUE,TRUE,"order_fun","chaetosphaeriales","Taxonomic","cycl_only_chaetosphaeriales_20130601_20170101"
"20130601","20170101","Legacy + 1 year current methods","env_cov",TRUE,TRUE,"order_fun","chaetosphaeriales","Taxonomic","env_cov_chaetosphaeriales_20130601_20170101"
"20130601","20170101","Legacy + 1 year current methods","env_cycl",TRUE,TRUE,"order_fun","chaetosphaeriales","Taxonomic","env_cycl_chaetosphaeriales_20130601_20170101"
"20130601","20180101","Legacy with covariate 2013-2018","cycl_only",TRUE,TRUE,"order_fun","chaetosphaeriales","Taxonomic","cycl_only_chaetosphaeriales_20130601_20180101"
"20130601","20180101","Legacy with covariate 2013-2018","env_cov",TRUE,TRUE,"order_fun","chaetosphaeriales","Taxonomic","env_cov_chaetosphaeriales_20130601_20180101"
"20130601","20180101","Legacy with covariate 2013-2018","env_cycl",TRUE,TRUE,"order_fun","chaetosphaeriales","Taxonomic","env_cycl_chaetosphaeriales_20130601_20180101"
"20151101","20180101","2 year current methods","cycl_only",TRUE,TRUE,"order_fun","chaetosphaeriales","Taxonomic","cycl_only_chaetosphaeriales_20151101_20180101"
"20151101","20180101","2 year current methods","env_cov",TRUE,TRUE,"order_fun","chaetosphaeriales","Taxonomic","env_cov_chaetosphaeriales_20151101_20180101"
"20151101","20180101","2 year current methods","env_cycl",TRUE,TRUE,"order_fun","chaetosphaeriales","Taxonomic","env_cycl_chaetosphaeriales_20151101_20180101"
"20151101","20180101","Legacy with covariate 2013-2018","cycl_only",TRUE,TRUE,"order_fun","chaetosphaeriales","Taxonomic","cycl_only_chaetosphaeriales_20130601_20180101"
"20151101","20180101","Legacy with covariate 2013-2018","env_cov",TRUE,TRUE,"order_fun","chaetosphaeriales","Taxonomic","env_cov_chaetosphaeriales_20130601_20180101"
"20151101","20180101","Legacy with covariate 2013-2018","env_cycl",TRUE,TRUE,"order_fun","chaetosphaeriales","Taxonomic","env_cycl_chaetosphaeriales_20130601_20180101"
"20151101","20200101","Full dataset","cycl_only",TRUE,TRUE,"order_fun","chaetosphaeriales","Taxonomic","cycl_only_chaetosphaeriales_20151101_20200101"
"20151101","20200101","Full dataset","env_cov",TRUE,TRUE,"order_fun","chaetosphaeriales","Taxonomic","env_cov_chaetosphaeriales_20151101_20200101"
"20151101","20200101","Full dataset","env_cycl",TRUE,TRUE,"order_fun","chaetosphaeriales","Taxonomic","env_cycl_chaetosphaeriales_20151101_20200101"
"20130601","20151101","Legacy only","cycl_only",TRUE,TRUE,"order_fun","chaetothyriales","Taxonomic","cycl_only_chaetothyriales_20130601_20151101"
"20130601","20151101","Legacy only","env_cov",TRUE,TRUE,"order_fun","chaetothyriales","Taxonomic","env_cov_chaetothyriales_20130601_20151101"
"20130601","20151101","Legacy only","env_cycl",TRUE,TRUE,"order_fun","chaetothyriales","Taxonomic","env_cycl_chaetothyriales_20130601_20151101"
"20130601","20170101","Legacy + 1 year current methods","cycl_only",TRUE,TRUE,"order_fun","chaetothyriales","Taxonomic","cycl_only_chaetothyriales_20130601_20170101"
"20130601","20170101","Legacy + 1 year current methods","env_cov",TRUE,TRUE,"order_fun","chaetothyriales","Taxonomic","env_cov_chaetothyriales_20130601_20170101"
"20130601","20170101","Legacy + 1 year current methods","env_cycl",TRUE,TRUE,"order_fun","chaetothyriales","Taxonomic","env_cycl_chaetothyriales_20130601_20170101"
"20130601","20180101","Legacy with covariate 2013-2018","cycl_only",TRUE,TRUE,"order_fun","chaetothyriales","Taxonomic","cycl_only_chaetothyriales_20130601_20180101"
"20130601","20180101","Legacy with covariate 2013-2018","env_cov",TRUE,TRUE,"order_fun","chaetothyriales","Taxonomic","env_cov_chaetothyriales_20130601_20180101"
"20130601","20180101","Legacy with covariate 2013-2018","env_cycl",TRUE,TRUE,"order_fun","chaetothyriales","Taxonomic","env_cycl_chaetothyriales_20130601_20180101"
"20151101","20180101","2 year current methods","cycl_only",TRUE,TRUE,"order_fun","chaetothyriales","Taxonomic","cycl_only_chaetothyriales_20151101_20180101"
"20151101","20180101","2 year current methods","env_cov",TRUE,TRUE,"order_fun","chaetothyriales","Taxonomic","env_cov_chaetothyriales_20151101_20180101"
"20151101","20180101","2 year current methods","env_cycl",TRUE,TRUE,"order_fun","chaetothyriales","Taxonomic","env_cycl_chaetothyriales_20151101_20180101"
"20151101","20180101","Legacy with covariate 2013-2018","cycl_only",TRUE,TRUE,"order_fun","chaetothyriales","Taxonomic","cycl_only_chaetothyriales_20130601_20180101"
"20151101","20180101","Legacy with covariate 2013-2018","env_cov",TRUE,TRUE,"order_fun","chaetothyriales","Taxonomic","env_cov_chaetothyriales_20130601_20180101"
"20151101","20180101","Legacy with covariate 2013-2018","env_cycl",TRUE,TRUE,"order_fun","chaetothyriales","Taxonomic","env_cycl_chaetothyriales_20130601_20180101"
"20151101","20200101","Full dataset","cycl_only",TRUE,TRUE,"order_fun","chaetothyriales","Taxonomic","cycl_only_chaetothyriales_20151101_20200101"
"20151101","20200101","Full dataset","env_cov",TRUE,TRUE,"order_fun","chaetothyriales","Taxonomic","env_cov_chaetothyriales_20151101_20200101"
"20151101","20200101","Full dataset","env_cycl",TRUE,TRUE,"order_fun","chaetothyriales","Taxonomic","env_cycl_chaetothyriales_20151101_20200101"
"20130601","20151101","Legacy only","cycl_only",TRUE,TRUE,"order_fun","eurotiales","Taxonomic","cycl_only_eurotiales_20130601_20151101"
"20130601","20151101","Legacy only","env_cov",TRUE,TRUE,"order_fun","eurotiales","Taxonomic","env_cov_eurotiales_20130601_20151101"
"20130601","20151101","Legacy only","env_cycl",TRUE,TRUE,"order_fun","eurotiales","Taxonomic","env_cycl_eurotiales_20130601_20151101"
"20130601","20170101","Legacy + 1 year current methods","cycl_only",TRUE,TRUE,"order_fun","eurotiales","Taxonomic","cycl_only_eurotiales_20130601_20170101"
"20130601","20170101","Legacy + 1 year current methods","env_cov",TRUE,TRUE,"order_fun","eurotiales","Taxonomic","env_cov_eurotiales_20130601_20170101"
"20130601","20170101","Legacy + 1 year current methods","env_cycl",TRUE,TRUE,"order_fun","eurotiales","Taxonomic","env_cycl_eurotiales_20130601_20170101"
"20130601","20180101","Legacy with covariate 2013-2018","cycl_only",TRUE,TRUE,"order_fun","eurotiales","Taxonomic","cycl_only_eurotiales_20130601_20180101"
"20130601","20180101","Legacy with covariate 2013-2018","env_cov",TRUE,TRUE,"order_fun","eurotiales","Taxonomic","env_cov_eurotiales_20130601_20180101"
"20130601","20180101","Legacy with covariate 2013-2018","env_cycl",TRUE,TRUE,"order_fun","eurotiales","Taxonomic","env_cycl_eurotiales_20130601_20180101"
"20151101","20180101","2 year current methods","cycl_only",TRUE,TRUE,"order_fun","eurotiales","Taxonomic","cycl_only_eurotiales_20151101_20180101"
"20151101","20180101","2 year current methods","env_cov",TRUE,TRUE,"order_fun","eurotiales","Taxonomic","env_cov_eurotiales_20151101_20180101"
"20151101","20180101","2 year current methods","env_cycl",TRUE,TRUE,"order_fun","eurotiales","Taxonomic","env_cycl_eurotiales_20151101_20180101"
"20151101","20180101","Legacy with covariate 2013-2018","cycl_only",TRUE,TRUE,"order_fun","eurotiales","Taxonomic","cycl_only_eurotiales_20130601_20180101"
"20151101","20180101","Legacy with covariate 2013-2018","env_cov",TRUE,TRUE,"order_fun","eurotiales","Taxonomic","env_cov_eurotiales_20130601_20180101"
"20151101","20180101","Legacy with covariate 2013-2018","env_cycl",TRUE,TRUE,"order_fun","eurotiales","Taxonomic","env_cycl_eurotiales_20130601_20180101"
"20151101","20200101","Full dataset","cycl_only",TRUE,TRUE,"order_fun","eurotiales","Taxonomic","cycl_only_eurotiales_20151101_20200101"
"20151101","20200101","Full dataset","env_cov",TRUE,TRUE,"order_fun","eurotiales","Taxonomic","env_cov_eurotiales_20151101_20200101"
"20151101","20200101","Full dataset","env_cycl",TRUE,TRUE,"order_fun","eurotiales","Taxonomic","env_cycl_eurotiales_20151101_20200101"
"20130601","20151101","Legacy only","cycl_only",TRUE,TRUE,"order_fun","glomerales","Taxonomic","cycl_only_glomerales_20130601_20151101"
"20130601","20151101","Legacy only","env_cov",TRUE,TRUE,"order_fun","glomerales","Taxonomic","env_cov_glomerales_20130601_20151101"
"20130601","20151101","Legacy only","env_cycl",TRUE,TRUE,"order_fun","glomerales","Taxonomic","env_cycl_glomerales_20130601_20151101"
"20130601","20170101","Legacy + 1 year current methods","cycl_only",TRUE,TRUE,"order_fun","glomerales","Taxonomic","cycl_only_glomerales_20130601_20170101"
"20130601","20170101","Legacy + 1 year current methods","env_cov",TRUE,TRUE,"order_fun","glomerales","Taxonomic","env_cov_glomerales_20130601_20170101"
"20130601","20170101","Legacy + 1 year current methods","env_cycl",TRUE,TRUE,"order_fun","glomerales","Taxonomic","env_cycl_glomerales_20130601_20170101"
"20130601","20180101","Legacy with covariate 2013-2018","cycl_only",TRUE,TRUE,"order_fun","glomerales","Taxonomic","cycl_only_glomerales_20130601_20180101"
"20130601","20180101","Legacy with covariate 2013-2018","env_cov",TRUE,TRUE,"order_fun","glomerales","Taxonomic","env_cov_glomerales_20130601_20180101"
"20130601","20180101","Legacy with covariate 2013-2018","env_cycl",TRUE,TRUE,"order_fun","glomerales","Taxonomic","env_cycl_glomerales_20130601_20180101"
"20151101","20180101","2 year current methods","cycl_only",TRUE,TRUE,"order_fun","glomerales","Taxonomic","cycl_only_glomerales_20151101_20180101"
"20151101","20180101","2 year current methods","env_cov",TRUE,TRUE,"order_fun","glomerales","Taxonomic","env_cov_glomerales_20151101_20180101"
"20151101","20180101","2 year current methods","env_cycl",TRUE,TRUE,"order_fun","glomerales","Taxonomic","env_cycl_glomerales_20151101_20180101"
"20151101","20180101","Legacy with covariate 2013-2018","cycl_only",TRUE,TRUE,"order_fun","glomerales","Taxonomic","cycl_only_glomerales_20130601_20180101"
"20151101","20180101","Legacy with covariate 2013-2018","env_cov",TRUE,TRUE,"order_fun","glomerales","Taxonomic","env_cov_glomerales_20130601_20180101"
"20151101","20180101","Legacy with covariate 2013-2018","env_cycl",TRUE,TRUE,"order_fun","glomerales","Taxonomic","env_cycl_glomerales_20130601_20180101"
"20151101","20200101","Full dataset","cycl_only",TRUE,TRUE,"order_fun","glomerales","Taxonomic","cycl_only_glomerales_20151101_20200101"
"20151101","20200101","Full dataset","env_cov",TRUE,TRUE,"order_fun","glomerales","Taxonomic","env_cov_glomerales_20151101_20200101"
"20151101","20200101","Full dataset","env_cycl",TRUE,TRUE,"order_fun","glomerales","Taxonomic","env_cycl_glomerales_20151101_20200101"
"20130601","20151101","Legacy only","cycl_only",TRUE,TRUE,"order_fun","helotiales","Taxonomic","cycl_only_helotiales_20130601_20151101"
"20130601","20151101","Legacy only","env_cov",TRUE,TRUE,"order_fun","helotiales","Taxonomic","env_cov_helotiales_20130601_20151101"
"20130601","20151101","Legacy only","env_cycl",TRUE,TRUE,"order_fun","helotiales","Taxonomic","env_cycl_helotiales_20130601_20151101"
"20130601","20170101","Legacy + 1 year current methods","cycl_only",TRUE,TRUE,"order_fun","helotiales","Taxonomic","cycl_only_helotiales_20130601_20170101"
"20130601","20170101","Legacy + 1 year current methods","env_cov",TRUE,TRUE,"order_fun","helotiales","Taxonomic","env_cov_helotiales_20130601_20170101"
"20130601","20170101","Legacy + 1 year current methods","env_cycl",TRUE,TRUE,"order_fun","helotiales","Taxonomic","env_cycl_helotiales_20130601_20170101"
"20130601","20180101","Legacy with covariate 2013-2018","cycl_only",TRUE,TRUE,"order_fun","helotiales","Taxonomic","cycl_only_helotiales_20130601_20180101"
"20130601","20180101","Legacy with covariate 2013-2018","env_cov",TRUE,TRUE,"order_fun","helotiales","Taxonomic","env_cov_helotiales_20130601_20180101"
"20130601","20180101","Legacy with covariate 2013-2018","env_cycl",TRUE,TRUE,"order_fun","helotiales","Taxonomic","env_cycl_helotiales_20130601_20180101"
"20151101","20180101","2 year current methods","cycl_only",TRUE,TRUE,"order_fun","helotiales","Taxonomic","cycl_only_helotiales_20151101_20180101"
"20151101","20180101","2 year current methods","env_cov",TRUE,TRUE,"order_fun","helotiales","Taxonomic","env_cov_helotiales_20151101_20180101"
"20151101","20180101","2 year current methods","env_cycl",TRUE,TRUE,"order_fun","helotiales","Taxonomic","env_cycl_helotiales_20151101_20180101"
"20151101","20180101","Legacy with covariate 2013-2018","cycl_only",TRUE,TRUE,"order_fun","helotiales","Taxonomic","cycl_only_helotiales_20130601_20180101"
"20151101","20180101","Legacy with covariate 2013-2018","env_cov",TRUE,TRUE,"order_fun","helotiales","Taxonomic","env_cov_helotiales_20130601_20180101"
"20151101","20180101","Legacy with covariate 2013-2018","env_cycl",TRUE,TRUE,"order_fun","helotiales","Taxonomic","env_cycl_helotiales_20130601_20180101"
"20151101","20200101","Full dataset","cycl_only",TRUE,TRUE,"order_fun","helotiales","Taxonomic","cycl_only_helotiales_20151101_20200101"
"20151101","20200101","Full dataset","env_cov",TRUE,TRUE,"order_fun","helotiales","Taxonomic","env_cov_helotiales_20151101_20200101"
"20151101","20200101","Full dataset","env_cycl",TRUE,TRUE,"order_fun","helotiales","Taxonomic","env_cycl_helotiales_20151101_20200101"
"20130601","20151101","Legacy only","cycl_only",TRUE,TRUE,"order_fun","hypocreales","Taxonomic","cycl_only_hypocreales_20130601_20151101"
"20130601","20151101","Legacy only","env_cov",TRUE,TRUE,"order_fun","hypocreales","Taxonomic","env_cov_hypocreales_20130601_20151101"
"20130601","20151101","Legacy only","env_cycl",TRUE,TRUE,"order_fun","hypocreales","Taxonomic","env_cycl_hypocreales_20130601_20151101"
"20130601","20170101","Legacy + 1 year current methods","cycl_only",TRUE,TRUE,"order_fun","hypocreales","Taxonomic","cycl_only_hypocreales_20130601_20170101"
"20130601","20170101","Legacy + 1 year current methods","env_cov",TRUE,TRUE,"order_fun","hypocreales","Taxonomic","env_cov_hypocreales_20130601_20170101"
"20130601","20170101","Legacy + 1 year current methods","env_cycl",TRUE,TRUE,"order_fun","hypocreales","Taxonomic","env_cycl_hypocreales_20130601_20170101"
"20130601","20180101","Legacy with covariate 2013-2018","cycl_only",TRUE,TRUE,"order_fun","hypocreales","Taxonomic","cycl_only_hypocreales_20130601_20180101"
"20130601","20180101","Legacy with covariate 2013-2018","env_cov",TRUE,TRUE,"order_fun","hypocreales","Taxonomic","env_cov_hypocreales_20130601_20180101"
"20130601","20180101","Legacy with covariate 2013-2018","env_cycl",TRUE,TRUE,"order_fun","hypocreales","Taxonomic","env_cycl_hypocreales_20130601_20180101"
"20151101","20180101","2 year current methods","cycl_only",TRUE,TRUE,"order_fun","hypocreales","Taxonomic","cycl_only_hypocreales_20151101_20180101"
"20151101","20180101","2 year current methods","env_cov",TRUE,TRUE,"order_fun","hypocreales","Taxonomic","env_cov_hypocreales_20151101_20180101"
"20151101","20180101","2 year current methods","env_cycl",TRUE,TRUE,"order_fun","hypocreales","Taxonomic","env_cycl_hypocreales_20151101_20180101"
"20151101","20180101","Legacy with covariate 2013-2018","cycl_only",TRUE,TRUE,"order_fun","hypocreales","Taxonomic","cycl_only_hypocreales_20130601_20180101"
"20151101","20180101","Legacy with covariate 2013-2018","env_cov",TRUE,TRUE,"order_fun","hypocreales","Taxonomic","env_cov_hypocreales_20130601_20180101"
"20151101","20180101","Legacy with covariate 2013-2018","env_cycl",TRUE,TRUE,"order_fun","hypocreales","Taxonomic","env_cycl_hypocreales_20130601_20180101"
"20151101","20200101","Full dataset","cycl_only",TRUE,TRUE,"order_fun","hypocreales","Taxonomic","cycl_only_hypocreales_20151101_20200101"
"20151101","20200101","Full dataset","env_cov",TRUE,TRUE,"order_fun","hypocreales","Taxonomic","env_cov_hypocreales_20151101_20200101"
"20151101","20200101","Full dataset","env_cycl",TRUE,TRUE,"order_fun","hypocreales","Taxonomic","env_cycl_hypocreales_20151101_20200101"
"20130601","20151101","Legacy only","cycl_only",TRUE,TRUE,"order_fun","mortierellales","Taxonomic","cycl_only_mortierellales_20130601_20151101"
"20130601","20151101","Legacy only","env_cov",TRUE,TRUE,"order_fun","mortierellales","Taxonomic","env_cov_mortierellales_20130601_20151101"
"20130601","20151101","Legacy only","env_cycl",TRUE,TRUE,"order_fun","mortierellales","Taxonomic","env_cycl_mortierellales_20130601_20151101"
"20130601","20170101","Legacy + 1 year current methods","cycl_only",TRUE,TRUE,"order_fun","mortierellales","Taxonomic","cycl_only_mortierellales_20130601_20170101"
"20130601","20170101","Legacy + 1 year current methods","env_cov",TRUE,TRUE,"order_fun","mortierellales","Taxonomic","env_cov_mortierellales_20130601_20170101"
"20130601","20170101","Legacy + 1 year current methods","env_cycl",TRUE,TRUE,"order_fun","mortierellales","Taxonomic","env_cycl_mortierellales_20130601_20170101"
"20130601","20180101","Legacy with covariate 2013-2018","cycl_only",TRUE,TRUE,"order_fun","mortierellales","Taxonomic","cycl_only_mortierellales_20130601_20180101"
"20130601","20180101","Legacy with covariate 2013-2018","env_cov",TRUE,TRUE,"order_fun","mortierellales","Taxonomic","env_cov_mortierellales_20130601_20180101"
"20130601","20180101","Legacy with covariate 2013-2018","env_cycl",TRUE,TRUE,"order_fun","mortierellales","Taxonomic","env_cycl_mortierellales_20130601_20180101"
"20151101","20180101","2 year current methods","cycl_only",TRUE,TRUE,"order_fun","mortierellales","Taxonomic","cycl_only_mortierellales_20151101_20180101"
"20151101","20180101","2 year current methods","env_cov",TRUE,TRUE,"order_fun","mortierellales","Taxonomic","env_cov_mortierellales_20151101_20180101"
"20151101","20180101","2 year current methods","env_cycl",TRUE,TRUE,"order_fun","mortierellales","Taxonomic","env_cycl_mortierellales_20151101_20180101"
"20151101","20180101","Legacy with covariate 2013-2018","cycl_only",TRUE,TRUE,"order_fun","mortierellales","Taxonomic","cycl_only_mortierellales_20130601_20180101"
"20151101","20180101","Legacy with covariate 2013-2018","env_cov",TRUE,TRUE,"order_fun","mortierellales","Taxonomic","env_cov_mortierellales_20130601_20180101"
"20151101","20180101","Legacy with covariate 2013-2018","env_cycl",TRUE,TRUE,"order_fun","mortierellales","Taxonomic","env_cycl_mortierellales_20130601_20180101"
"20151101","20200101","Full dataset","cycl_only",TRUE,TRUE,"order_fun","mortierellales","Taxonomic","cycl_only_mortierellales_20151101_20200101"
"20151101","20200101","Full dataset","env_cov",TRUE,TRUE,"order_fun","mortierellales","Taxonomic","env_cov_mortierellales_20151101_20200101"
"20151101","20200101","Full dataset","env_cycl",TRUE,TRUE,"order_fun","mortierellales","Taxonomic","env_cycl_mortierellales_20151101_20200101"
"20130601","20151101","Legacy only","cycl_only",TRUE,TRUE,"order_fun","pezizales","Taxonomic","cycl_only_pezizales_20130601_20151101"
"20130601","20151101","Legacy only","env_cov",TRUE,TRUE,"order_fun","pezizales","Taxonomic","env_cov_pezizales_20130601_20151101"
"20130601","20151101","Legacy only","env_cycl",TRUE,TRUE,"order_fun","pezizales","Taxonomic","env_cycl_pezizales_20130601_20151101"
"20130601","20170101","Legacy + 1 year current methods","cycl_only",TRUE,TRUE,"order_fun","pezizales","Taxonomic","cycl_only_pezizales_20130601_20170101"
"20130601","20170101","Legacy + 1 year current methods","env_cov",TRUE,TRUE,"order_fun","pezizales","Taxonomic","env_cov_pezizales_20130601_20170101"
"20130601","20170101","Legacy + 1 year current methods","env_cycl",TRUE,TRUE,"order_fun","pezizales","Taxonomic","env_cycl_pezizales_20130601_20170101"
"20130601","20180101","Legacy with covariate 2013-2018","cycl_only",TRUE,TRUE,"order_fun","pezizales","Taxonomic","cycl_only_pezizales_20130601_20180101"
"20130601","20180101","Legacy with covariate 2013-2018","env_cov",TRUE,TRUE,"order_fun","pezizales","Taxonomic","env_cov_pezizales_20130601_20180101"
"20130601","20180101","Legacy with covariate 2013-2018","env_cycl",TRUE,TRUE,"order_fun","pezizales","Taxonomic","env_cycl_pezizales_20130601_20180101"
"20151101","20180101","2 year current methods","cycl_only",TRUE,TRUE,"order_fun","pezizales","Taxonomic","cycl_only_pezizales_20151101_20180101"
"20151101","20180101","2 year current methods","env_cov",TRUE,TRUE,"order_fun","pezizales","Taxonomic","env_cov_pezizales_20151101_20180101"
"20151101","20180101","2 year current methods","env_cycl",TRUE,TRUE,"order_fun","pezizales","Taxonomic","env_cycl_pezizales_20151101_20180101"
"20151101","20180101","Legacy with covariate 2013-2018","cycl_only",TRUE,TRUE,"order_fun","pezizales","Taxonomic","cycl_only_pezizales_20130601_20180101"
"20151101","20180101","Legacy with covariate 2013-2018","env_cov",TRUE,TRUE,"order_fun","pezizales","Taxonomic","env_cov_pezizales_20130601_20180101"
"20151101","20180101","Legacy with covariate 2013-2018","env_cycl",TRUE,TRUE,"order_fun","pezizales","Taxonomic","env_cycl_pezizales_20130601_20180101"
"20151101","20200101","Full dataset","cycl_only",TRUE,TRUE,"order_fun","pezizales","Taxonomic","cycl_only_pezizales_20151101_20200101"
"20151101","20200101","Full dataset","env_cov",TRUE,TRUE,"order_fun","pezizales","Taxonomic","env_cov_pezizales_20151101_20200101"
"20151101","20200101","Full dataset","env_cycl",TRUE,TRUE,"order_fun","pezizales","Taxonomic","env_cycl_pezizales_20151101_20200101"
"20130601","20151101","Legacy only","cycl_only",TRUE,TRUE,"order_fun","pleosporales","Taxonomic","cycl_only_pleosporales_20130601_20151101"
"20130601","20151101","Legacy only","env_cov",TRUE,TRUE,"order_fun","pleosporales","Taxonomic","env_cov_pleosporales_20130601_20151101"
"20130601","20151101","Legacy only","env_cycl",TRUE,TRUE,"order_fun","pleosporales","Taxonomic","env_cycl_pleosporales_20130601_20151101"
"20130601","20170101","Legacy + 1 year current methods","cycl_only",TRUE,TRUE,"order_fun","pleosporales","Taxonomic","cycl_only_pleosporales_20130601_20170101"
"20130601","20170101","Legacy + 1 year current methods","env_cov",TRUE,TRUE,"order_fun","pleosporales","Taxonomic","env_cov_pleosporales_20130601_20170101"
"20130601","20170101","Legacy + 1 year current methods","env_cycl",TRUE,TRUE,"order_fun","pleosporales","Taxonomic","env_cycl_pleosporales_20130601_20170101"
"20130601","20180101","Legacy with covariate 2013-2018","cycl_only",TRUE,TRUE,"order_fun","pleosporales","Taxonomic","cycl_only_pleosporales_20130601_20180101"
"20130601","20180101","Legacy with covariate 2013-2018","env_cov",TRUE,TRUE,"order_fun","pleosporales","Taxonomic","env_cov_pleosporales_20130601_20180101"
"20130601","20180101","Legacy with covariate 2013-2018","env_cycl",TRUE,TRUE,"order_fun","pleosporales","Taxonomic","env_cycl_pleosporales_20130601_20180101"
"20151101","20180101","2 year current methods","cycl_only",TRUE,TRUE,"order_fun","pleosporales","Taxonomic","cycl_only_pleosporales_20151101_20180101"
"20151101","20180101","2 year current methods","env_cov",TRUE,TRUE,"order_fun","pleosporales","Taxonomic","env_cov_pleosporales_20151101_20180101"
"20151101","20180101","2 year current methods","env_cycl",TRUE,TRUE,"order_fun","pleosporales","Taxonomic","env_cycl_pleosporales_20151101_20180101"
"20151101","20180101","Legacy with covariate 2013-2018","cycl_only",TRUE,TRUE,"order_fun","pleosporales","Taxonomic","cycl_only_pleosporales_20130601_20180101"
"20151101","20180101","Legacy with covariate 2013-2018","env_cov",TRUE,TRUE,"order_fun","pleosporales","Taxonomic","env_cov_pleosporales_20130601_20180101"
"20151101","20180101","Legacy with covariate 2013-2018","env_cycl",TRUE,TRUE,"order_fun","pleosporales","Taxonomic","env_cycl_pleosporales_20130601_20180101"
"20151101","20200101","Full dataset","cycl_only",TRUE,TRUE,"order_fun","pleosporales","Taxonomic","cycl_only_pleosporales_20151101_20200101"
"20151101","20200101","Full dataset","env_cov",TRUE,TRUE,"order_fun","pleosporales","Taxonomic","env_cov_pleosporales_20151101_20200101"
"20151101","20200101","Full dataset","env_cycl",TRUE,TRUE,"order_fun","pleosporales","Taxonomic","env_cycl_pleosporales_20151101_20200101"
"20130601","20151101","Legacy only","cycl_only",TRUE,TRUE,"order_fun","russulales","Taxonomic","cycl_only_russulales_20130601_20151101"
"20130601","20151101","Legacy only","env_cov",TRUE,TRUE,"order_fun","russulales","Taxonomic","env_cov_russulales_20130601_20151101"
"20130601","20151101","Legacy only","env_cycl",TRUE,TRUE,"order_fun","russulales","Taxonomic","env_cycl_russulales_20130601_20151101"
"20130601","20170101","Legacy + 1 year current methods","cycl_only",TRUE,TRUE,"order_fun","russulales","Taxonomic","cycl_only_russulales_20130601_20170101"
"20130601","20170101","Legacy + 1 year current methods","env_cov",TRUE,TRUE,"order_fun","russulales","Taxonomic","env_cov_russulales_20130601_20170101"
"20130601","20170101","Legacy + 1 year current methods","env_cycl",TRUE,TRUE,"order_fun","russulales","Taxonomic","env_cycl_russulales_20130601_20170101"
"20130601","20180101","Legacy with covariate 2013-2018","cycl_only",TRUE,TRUE,"order_fun","russulales","Taxonomic","cycl_only_russulales_20130601_20180101"
"20130601","20180101","Legacy with covariate 2013-2018","env_cov",TRUE,TRUE,"order_fun","russulales","Taxonomic","env_cov_russulales_20130601_20180101"
"20130601","20180101","Legacy with covariate 2013-2018","env_cycl",TRUE,TRUE,"order_fun","russulales","Taxonomic","env_cycl_russulales_20130601_20180101"
"20151101","20180101","2 year current methods","cycl_only",TRUE,TRUE,"order_fun","russulales","Taxonomic","cycl_only_russulales_20151101_20180101"
"20151101","20180101","2 year current methods","env_cov",TRUE,TRUE,"order_fun","russulales","Taxonomic","env_cov_russulales_20151101_20180101"
"20151101","20180101","2 year current methods","env_cycl",TRUE,TRUE,"order_fun","russulales","Taxonomic","env_cycl_russulales_20151101_20180101"
"20151101","20180101","Legacy with covariate 2013-2018","cycl_only",TRUE,TRUE,"order_fun","russulales","Taxonomic","cycl_only_russulales_20130601_20180101"
"20151101","20180101","Legacy with covariate 2013-2018","env_cov",TRUE,TRUE,"order_fun","russulales","Taxonomic","env_cov_russulales_20130601_20180101"
"20151101","20180101","Legacy with covariate 2013-2018","env_cycl",TRUE,TRUE,"order_fun","russulales","Taxonomic","env_cycl_russulales_20130601_20180101"
"20151101","20200101","Full dataset","cycl_only",TRUE,TRUE,"order_fun","russulales","Taxonomic","cycl_only_russulales_20151101_20200101"
"20151101","20200101","Full dataset","env_cov",TRUE,TRUE,"order_fun","russulales","Taxonomic","env_cov_russulales_20151101_20200101"
"20151101","20200101","Full dataset","env_cycl",TRUE,TRUE,"order_fun","russulales","Taxonomic","env_cycl_russulales_20151101_20200101"
"20130601","20151101","Legacy only","cycl_only",TRUE,TRUE,"order_fun","sordariales","Taxonomic","cycl_only_sordariales_20130601_20151101"
"20130601","20151101","Legacy only","env_cov",TRUE,TRUE,"order_fun","sordariales","Taxonomic","env_cov_sordariales_20130601_20151101"
"20130601","20151101","Legacy only","env_cycl",TRUE,TRUE,"order_fun","sordariales","Taxonomic","env_cycl_sordariales_20130601_20151101"
"20130601","20170101","Legacy + 1 year current methods","cycl_only",TRUE,TRUE,"order_fun","sordariales","Taxonomic","cycl_only_sordariales_20130601_20170101"
"20130601","20170101","Legacy + 1 year current methods","env_cov",TRUE,TRUE,"order_fun","sordariales","Taxonomic","env_cov_sordariales_20130601_20170101"
"20130601","20170101","Legacy + 1 year current methods","env_cycl",TRUE,TRUE,"order_fun","sordariales","Taxonomic","env_cycl_sordariales_20130601_20170101"
"20130601","20180101","Legacy with covariate 2013-2018","cycl_only",TRUE,TRUE,"order_fun","sordariales","Taxonomic","cycl_only_sordariales_20130601_20180101"
"20130601","20180101","Legacy with covariate 2013-2018","env_cov",TRUE,TRUE,"order_fun","sordariales","Taxonomic","env_cov_sordariales_20130601_20180101"
"20130601","20180101","Legacy with covariate 2013-2018","env_cycl",TRUE,TRUE,"order_fun","sordariales","Taxonomic","env_cycl_sordariales_20130601_20180101"
"20151101","20180101","2 year current methods","cycl_only",TRUE,TRUE,"order_fun","sordariales","Taxonomic","cycl_only_sordariales_20151101_20180101"
"20151101","20180101","2 year current methods","env_cov",TRUE,TRUE,"order_fun","sordariales","Taxonomic","env_cov_sordariales_20151101_20180101"
"20151101","20180101","2 year current methods","env_cycl",TRUE,TRUE,"order_fun","sordariales","Taxonomic","env_cycl_sordariales_20151101_20180101"
"20151101","20180101","Legacy with covariate 2013-2018","cycl_only",TRUE,TRUE,"order_fun","sordariales","Taxonomic","cycl_only_sordariales_20130601_20180101"
"20151101","20180101","Legacy with covariate 2013-2018","env_cov",TRUE,TRUE,"order_fun","sordariales","Taxonomic","env_cov_sordariales_20130601_20180101"
"20151101","20180101","Legacy with covariate 2013-2018","env_cycl",TRUE,TRUE,"order_fun","sordariales","Taxonomic","env_cycl_sordariales_20130601_20180101"
"20151101","20200101","Full dataset","cycl_only",TRUE,TRUE,"order_fun","sordariales","Taxonomic","cycl_only_sordariales_20151101_20200101"
"20151101","20200101","Full dataset","env_cov",TRUE,TRUE,"order_fun","sordariales","Taxonomic","env_cov_sordariales_20151101_20200101"
"20151101","20200101","Full dataset","env_cycl",TRUE,TRUE,"order_fun","sordariales","Taxonomic","env_cycl_sordariales_20151101_20200101"
"20130601","20151101","Legacy only","cycl_only",TRUE,TRUE,"order_fun","thelebolales","Taxonomic","cycl_only_thelebolales_20130601_20151101"
"20130601","20151101","Legacy only","env_cov",TRUE,TRUE,"order_fun","thelebolales","Taxonomic","env_cov_thelebolales_20130601_20151101"
"20130601","20151101","Legacy only","env_cycl",TRUE,TRUE,"order_fun","thelebolales","Taxonomic","env_cycl_thelebolales_20130601_20151101"
"20130601","20170101","Legacy + 1 year current methods","cycl_only",TRUE,TRUE,"order_fun","thelebolales","Taxonomic","cycl_only_thelebolales_20130601_20170101"
"20130601","20170101","Legacy + 1 year current methods","env_cov",TRUE,TRUE,"order_fun","thelebolales","Taxonomic","env_cov_thelebolales_20130601_20170101"
"20130601","20170101","Legacy + 1 year current methods","env_cycl",TRUE,TRUE,"order_fun","thelebolales","Taxonomic","env_cycl_thelebolales_20130601_20170101"
"20130601","20180101","Legacy with covariate 2013-2018","cycl_only",TRUE,TRUE,"order_fun","thelebolales","Taxonomic","cycl_only_thelebolales_20130601_20180101"
"20130601","20180101","Legacy with covariate 2013-2018","env_cov",TRUE,TRUE,"order_fun","thelebolales","Taxonomic","env_cov_thelebolales_20130601_20180101"
"20130601","20180101","Legacy with covariate 2013-2018","env_cycl",TRUE,TRUE,"order_fun","thelebolales","Taxonomic","env_cycl_thelebolales_20130601_20180101"
"20151101","20180101","2 year current methods","cycl_only",TRUE,TRUE,"order_fun","thelebolales","Taxonomic","cycl_only_thelebolales_20151101_20180101"
"20151101","20180101","2 year current methods","env_cov",TRUE,TRUE,"order_fun","thelebolales","Taxonomic","env_cov_thelebolales_20151101_20180101"
"20151101","20180101","2 year current methods","env_cycl",TRUE,TRUE,"order_fun","thelebolales","Taxonomic","env_cycl_thelebolales_20151101_20180101"
"20151101","20180101","Legacy with covariate 2013-2018","cycl_only",TRUE,TRUE,"order_fun","thelebolales","Taxonomic","cycl_only_thelebolales_20130601_20180101"
"20151101","20180101","Legacy with covariate 2013-2018","env_cov",TRUE,TRUE,"order_fun","thelebolales","Taxonomic","env_cov_thelebolales_20130601_20180101"
"20151101","20180101","Legacy with covariate 2013-2018","env_cycl",TRUE,TRUE,"order_fun","thelebolales","Taxonomic","env_cycl_thelebolales_20130601_20180101"
"20151101","20200101","Full dataset","cycl_only",TRUE,TRUE,"order_fun","thelebolales","Taxonomic","cycl_only_thelebolales_20151101_20200101"
"20151101","20200101","Full dataset","env_cov",TRUE,TRUE,"order_fun","thelebolales","Taxonomic","env_cov_thelebolales_20151101_20200101"
"20151101","20200101","Full dataset","env_cycl",TRUE,TRUE,"order_fun","thelebolales","Taxonomic","env_cycl_thelebolales_20151101_20200101"
"20130601","20151101","Legacy only","cycl_only",TRUE,TRUE,"order_fun","thelephorales","Taxonomic","cycl_only_thelephorales_20130601_20151101"
"20130601","20151101","Legacy only","env_cov",TRUE,TRUE,"order_fun","thelephorales","Taxonomic","env_cov_thelephorales_20130601_20151101"
"20130601","20151101","Legacy only","env_cycl",TRUE,TRUE,"order_fun","thelephorales","Taxonomic","env_cycl_thelephorales_20130601_20151101"
"20130601","20170101","Legacy + 1 year current methods","cycl_only",TRUE,TRUE,"order_fun","thelephorales","Taxonomic","cycl_only_thelephorales_20130601_20170101"
"20130601","20170101","Legacy + 1 year current methods","env_cov",TRUE,TRUE,"order_fun","thelephorales","Taxonomic","env_cov_thelephorales_20130601_20170101"
"20130601","20170101","Legacy + 1 year current methods","env_cycl",TRUE,TRUE,"order_fun","thelephorales","Taxonomic","env_cycl_thelephorales_20130601_20170101"
"20130601","20180101","Legacy with covariate 2013-2018","cycl_only",TRUE,TRUE,"order_fun","thelephorales","Taxonomic","cycl_only_thelephorales_20130601_20180101"
"20130601","20180101","Legacy with covariate 2013-2018","env_cov",TRUE,TRUE,"order_fun","thelephorales","Taxonomic","env_cov_thelephorales_20130601_20180101"
"20130601","20180101","Legacy with covariate 2013-2018","env_cycl",TRUE,TRUE,"order_fun","thelephorales","Taxonomic","env_cycl_thelephorales_20130601_20180101"
"20151101","20180101","2 year current methods","cycl_only",TRUE,TRUE,"order_fun","thelephorales","Taxonomic","cycl_only_thelephorales_20151101_20180101"
"20151101","20180101","2 year current methods","env_cov",TRUE,TRUE,"order_fun","thelephorales","Taxonomic","env_cov_thelephorales_20151101_20180101"
"20151101","20180101","2 year current methods","env_cycl",TRUE,TRUE,"order_fun","thelephorales","Taxonomic","env_cycl_thelephorales_20151101_20180101"
"20151101","20180101","Legacy with covariate 2013-2018","cycl_only",TRUE,TRUE,"order_fun","thelephorales","Taxonomic","cycl_only_thelephorales_20130601_20180101"
"20151101","20180101","Legacy with covariate 2013-2018","env_cov",TRUE,TRUE,"order_fun","thelephorales","Taxonomic","env_cov_thelephorales_20130601_20180101"
"20151101","20180101","Legacy with covariate 2013-2018","env_cycl",TRUE,TRUE,"order_fun","thelephorales","Taxonomic","env_cycl_thelephorales_20130601_20180101"
"20151101","20200101","Full dataset","cycl_only",TRUE,TRUE,"order_fun","thelephorales","Taxonomic","cycl_only_thelephorales_20151101_20200101"
"20151101","20200101","Full dataset","env_cov",TRUE,TRUE,"order_fun","thelephorales","Taxonomic","env_cov_thelephorales_20151101_20200101"
"20151101","20200101","Full dataset","env_cycl",TRUE,TRUE,"order_fun","thelephorales","Taxonomic","env_cycl_thelephorales_20151101_20200101"
"20130601","20151101","Legacy only","cycl_only",TRUE,TRUE,"order_fun","tremellales","Taxonomic","cycl_only_tremellales_20130601_20151101"
"20130601","20151101","Legacy only","env_cov",TRUE,TRUE,"order_fun","tremellales","Taxonomic","env_cov_tremellales_20130601_20151101"
"20130601","20151101","Legacy only","env_cycl",TRUE,TRUE,"order_fun","tremellales","Taxonomic","env_cycl_tremellales_20130601_20151101"
"20130601","20170101","Legacy + 1 year current methods","cycl_only",TRUE,TRUE,"order_fun","tremellales","Taxonomic","cycl_only_tremellales_20130601_20170101"
"20130601","20170101","Legacy + 1 year current methods","env_cov",TRUE,TRUE,"order_fun","tremellales","Taxonomic","env_cov_tremellales_20130601_20170101"
"20130601","20170101","Legacy + 1 year current methods","env_cycl",TRUE,TRUE,"order_fun","tremellales","Taxonomic","env_cycl_tremellales_20130601_20170101"
"20130601","20180101","Legacy with covariate 2013-2018","cycl_only",TRUE,TRUE,"order_fun","tremellales","Taxonomic","cycl_only_tremellales_20130601_20180101"
"20130601","20180101","Legacy with covariate 2013-2018","env_cov",TRUE,TRUE,"order_fun","tremellales","Taxonomic","env_cov_tremellales_20130601_20180101"
"20130601","20180101","Legacy with covariate 2013-2018","env_cycl",TRUE,TRUE,"order_fun","tremellales","Taxonomic","env_cycl_tremellales_20130601_20180101"
"20151101","20180101","2 year current methods","cycl_only",TRUE,TRUE,"order_fun","tremellales","Taxonomic","cycl_only_tremellales_20151101_20180101"
"20151101","20180101","2 year current methods","env_cov",TRUE,TRUE,"order_fun","tremellales","Taxonomic","env_cov_tremellales_20151101_20180101"
"20151101","20180101","2 year current methods","env_cycl",TRUE,TRUE,"order_fun","tremellales","Taxonomic","env_cycl_tremellales_20151101_20180101"
"20151101","20180101","Legacy with covariate 2013-2018","cycl_only",TRUE,TRUE,"order_fun","tremellales","Taxonomic","cycl_only_tremellales_20130601_20180101"
"20151101","20180101","Legacy with covariate 2013-2018","env_cov",TRUE,TRUE,"order_fun","tremellales","Taxonomic","env_cov_tremellales_20130601_20180101"
"20151101","20180101","Legacy with covariate 2013-2018","env_cycl",TRUE,TRUE,"order_fun","tremellales","Taxonomic","env_cycl_tremellales_20130601_20180101"
"20151101","20200101","Full dataset","cycl_only",TRUE,TRUE,"order_fun","tremellales","Taxonomic","cycl_only_tremellales_20151101_20200101"
"20151101","20200101","Full dataset","env_cov",TRUE,TRUE,"order_fun","tremellales","Taxonomic","env_cov_tremellales_20151101_20200101"
"20151101","20200101","Full dataset","env_cycl",TRUE,TRUE,"order_fun","tremellales","Taxonomic","env_cycl_tremellales_20151101_20200101"
"20130601","20151101","Legacy only","cycl_only",TRUE,TRUE,"order_fun","umbelopsidales","Taxonomic","cycl_only_umbelopsidales_20130601_20151101"
"20130601","20151101","Legacy only","env_cov",TRUE,TRUE,"order_fun","umbelopsidales","Taxonomic","env_cov_umbelopsidales_20130601_20151101"
"20130601","20151101","Legacy only","env_cycl",TRUE,TRUE,"order_fun","umbelopsidales","Taxonomic","env_cycl_umbelopsidales_20130601_20151101"
"20130601","20170101","Legacy + 1 year current methods","cycl_only",TRUE,TRUE,"order_fun","umbelopsidales","Taxonomic","cycl_only_umbelopsidales_20130601_20170101"
"20130601","20170101","Legacy + 1 year current methods","env_cov",TRUE,TRUE,"order_fun","umbelopsidales","Taxonomic","env_cov_umbelopsidales_20130601_20170101"
"20130601","20170101","Legacy + 1 year current methods","env_cycl",TRUE,TRUE,"order_fun","umbelopsidales","Taxonomic","env_cycl_umbelopsidales_20130601_20170101"
"20130601","20180101","Legacy with covariate 2013-2018","cycl_only",TRUE,TRUE,"order_fun","umbelopsidales","Taxonomic","cycl_only_umbelopsidales_20130601_20180101"
"20130601","20180101","Legacy with covariate 2013-2018","env_cov",TRUE,TRUE,"order_fun","umbelopsidales","Taxonomic","env_cov_umbelopsidales_20130601_20180101"
"20130601","20180101","Legacy with covariate 2013-2018","env_cycl",TRUE,TRUE,"order_fun","umbelopsidales","Taxonomic","env_cycl_umbelopsidales_20130601_20180101"
"20151101","20180101","2 year current methods","cycl_only",TRUE,TRUE,"order_fun","umbelopsidales","Taxonomic","cycl_only_umbelopsidales_20151101_20180101"
"20151101","20180101","2 year current methods","env_cov",TRUE,TRUE,"order_fun","umbelopsidales","Taxonomic","env_cov_umbelopsidales_20151101_20180101"
"20151101","20180101","2 year current methods","env_cycl",TRUE,TRUE,"order_fun","umbelopsidales","Taxonomic","env_cycl_umbelopsidales_20151101_20180101"
"20151101","20180101","Legacy with covariate 2013-2018","cycl_only",TRUE,TRUE,"order_fun","umbelopsidales","Taxonomic","cycl_only_umbelopsidales_20130601_20180101"
"20151101","20180101","Legacy with covariate 2013-2018","env_cov",TRUE,TRUE,"order_fun","umbelopsidales","Taxonomic","env_cov_umbelopsidales_20130601_20180101"
"20151101","20180101","Legacy with covariate 2013-2018","env_cycl",TRUE,TRUE,"order_fun","umbelopsidales","Taxonomic","env_cycl_umbelopsidales_20130601_20180101"
"20151101","20200101","Full dataset","cycl_only",TRUE,TRUE,"order_fun","umbelopsidales","Taxonomic","cycl_only_umbelopsidales_20151101_20200101"
"20151101","20200101","Full dataset","env_cov",TRUE,TRUE,"order_fun","umbelopsidales","Taxonomic","env_cov_umbelopsidales_20151101_20200101"
"20151101","20200101","Full dataset","env_cycl",TRUE,TRUE,"order_fun","umbelopsidales","Taxonomic","env_cycl_umbelopsidales_20151101_20200101"
"20130601","20151101","Legacy only","cycl_only",TRUE,TRUE,"order_fun","xylariales","Taxonomic","cycl_only_xylariales_20130601_20151101"
"20130601","20151101","Legacy only","env_cov",TRUE,TRUE,"order_fun","xylariales","Taxonomic","env_cov_xylariales_20130601_20151101"
"20130601","20151101","Legacy only","env_cycl",TRUE,TRUE,"order_fun","xylariales","Taxonomic","env_cycl_xylariales_20130601_20151101"
"20130601","20170101","Legacy + 1 year current methods","cycl_only",TRUE,TRUE,"order_fun","xylariales","Taxonomic","cycl_only_xylariales_20130601_20170101"
"20130601","20170101","Legacy + 1 year current methods","env_cov",TRUE,TRUE,"order_fun","xylariales","Taxonomic","env_cov_xylariales_20130601_20170101"
"20130601","20170101","Legacy + 1 year current methods","env_cycl",TRUE,TRUE,"order_fun","xylariales","Taxonomic","env_cycl_xylariales_20130601_20170101"
"20130601","20180101","Legacy with covariate 2013-2018","cycl_only",TRUE,TRUE,"order_fun","xylariales","Taxonomic","cycl_only_xylariales_20130601_20180101"
"20130601","20180101","Legacy with covariate 2013-2018","env_cov",TRUE,TRUE,"order_fun","xylariales","Taxonomic","env_cov_xylariales_20130601_20180101"
"20130601","20180101","Legacy with covariate 2013-2018","env_cycl",TRUE,TRUE,"order_fun","xylariales","Taxonomic","env_cycl_xylariales_20130601_20180101"
"20151101","20180101","2 year current methods","cycl_only",TRUE,TRUE,"order_fun","xylariales","Taxonomic","cycl_only_xylariales_20151101_20180101"
"20151101","20180101","2 year current methods","env_cov",TRUE,TRUE,"order_fun","xylariales","Taxonomic","env_cov_xylariales_20151101_20180101"
"20151101","20180101","2 year current methods","env_cycl",TRUE,TRUE,"order_fun","xylariales","Taxonomic","env_cycl_xylariales_20151101_20180101"
"20151101","20180101","Legacy with covariate 2013-2018","cycl_only",TRUE,TRUE,"order_fun","xylariales","Taxonomic","cycl_only_xylariales_20130601_20180101"
"20151101","20180101","Legacy with covariate 2013-2018","env_cov",TRUE,TRUE,"order_fun","xylariales","Taxonomic","env_cov_xylariales_20130601_20180101"
"20151101","20180101","Legacy with covariate 2013-2018","env_cycl",TRUE,TRUE,"order_fun","xylariales","Taxonomic","env_cycl_xylariales_20130601_20180101"
"20151101","20200101","Full dataset","cycl_only",TRUE,TRUE,"order_fun","xylariales","Taxonomic","cycl_only_xylariales_20151101_20200101"
"20151101","20200101","Full dataset","env_cov",TRUE,TRUE,"order_fun","xylariales","Taxonomic","env_cov_xylariales_20151101_20200101"
"20151101","20200101","Full dataset","env_cycl",TRUE,TRUE,"order_fun","xylariales","Taxonomic","env_cycl_xylariales_20151101_20200101"
"20130601","20151101","Legacy only","cycl_only",TRUE,TRUE,"family_fun","archaeorhizomycetaceae","Taxonomic","cycl_only_archaeorhizomycetaceae_20130601_20151101"
"20130601","20151101","Legacy only","env_cov",TRUE,TRUE,"family_fun","archaeorhizomycetaceae","Taxonomic","env_cov_archaeorhizomycetaceae_20130601_20151101"
"20130601","20151101","Legacy only","env_cycl",TRUE,TRUE,"family_fun","archaeorhizomycetaceae","Taxonomic","env_cycl_archaeorhizomycetaceae_20130601_20151101"
"20130601","20170101","Legacy + 1 year current methods","cycl_only",TRUE,TRUE,"family_fun","archaeorhizomycetaceae","Taxonomic","cycl_only_archaeorhizomycetaceae_20130601_20170101"
"20130601","20170101","Legacy + 1 year current methods","env_cov",TRUE,TRUE,"family_fun","archaeorhizomycetaceae","Taxonomic","env_cov_archaeorhizomycetaceae_20130601_20170101"
"20130601","20170101","Legacy + 1 year current methods","env_cycl",TRUE,TRUE,"family_fun","archaeorhizomycetaceae","Taxonomic","env_cycl_archaeorhizomycetaceae_20130601_20170101"
"20130601","20180101","Legacy with covariate 2013-2018","cycl_only",TRUE,TRUE,"family_fun","archaeorhizomycetaceae","Taxonomic","cycl_only_archaeorhizomycetaceae_20130601_20180101"
"20130601","20180101","Legacy with covariate 2013-2018","env_cov",TRUE,TRUE,"family_fun","archaeorhizomycetaceae","Taxonomic","env_cov_archaeorhizomycetaceae_20130601_20180101"
"20130601","20180101","Legacy with covariate 2013-2018","env_cycl",TRUE,TRUE,"family_fun","archaeorhizomycetaceae","Taxonomic","env_cycl_archaeorhizomycetaceae_20130601_20180101"
"20151101","20180101","2 year current methods","cycl_only",TRUE,TRUE,"family_fun","archaeorhizomycetaceae","Taxonomic","cycl_only_archaeorhizomycetaceae_20151101_20180101"
"20151101","20180101","2 year current methods","env_cov",TRUE,TRUE,"family_fun","archaeorhizomycetaceae","Taxonomic","env_cov_archaeorhizomycetaceae_20151101_20180101"
"20151101","20180101","2 year current methods","env_cycl",TRUE,TRUE,"family_fun","archaeorhizomycetaceae","Taxonomic","env_cycl_archaeorhizomycetaceae_20151101_20180101"
"20151101","20180101","Legacy with covariate 2013-2018","cycl_only",TRUE,TRUE,"family_fun","archaeorhizomycetaceae","Taxonomic","cycl_only_archaeorhizomycetaceae_20130601_20180101"
"20151101","20180101","Legacy with covariate 2013-2018","env_cov",TRUE,TRUE,"family_fun","archaeorhizomycetaceae","Taxonomic","env_cov_archaeorhizomycetaceae_20130601_20180101"
"20151101","20180101","Legacy with covariate 2013-2018","env_cycl",TRUE,TRUE,"family_fun","archaeorhizomycetaceae","Taxonomic","env_cycl_archaeorhizomycetaceae_20130601_20180101"
"20151101","20200101","Full dataset","cycl_only",TRUE,TRUE,"family_fun","archaeorhizomycetaceae","Taxonomic","cycl_only_archaeorhizomycetaceae_20151101_20200101"
"20151101","20200101","Full dataset","env_cov",TRUE,TRUE,"family_fun","archaeorhizomycetaceae","Taxonomic","env_cov_archaeorhizomycetaceae_20151101_20200101"
"20151101","20200101","Full dataset","env_cycl",TRUE,TRUE,"family_fun","archaeorhizomycetaceae","Taxonomic","env_cycl_archaeorhizomycetaceae_20151101_20200101"
"20130601","20151101","Legacy only","cycl_only",TRUE,TRUE,"family_fun","aspergillaceae","Taxonomic","cycl_only_aspergillaceae_20130601_20151101"
"20130601","20151101","Legacy only","env_cov",TRUE,TRUE,"family_fun","aspergillaceae","Taxonomic","env_cov_aspergillaceae_20130601_20151101"
"20130601","20151101","Legacy only","env_cycl",TRUE,TRUE,"family_fun","aspergillaceae","Taxonomic","env_cycl_aspergillaceae_20130601_20151101"
"20130601","20170101","Legacy + 1 year current methods","cycl_only",TRUE,TRUE,"family_fun","aspergillaceae","Taxonomic","cycl_only_aspergillaceae_20130601_20170101"
"20130601","20170101","Legacy + 1 year current methods","env_cov",TRUE,TRUE,"family_fun","aspergillaceae","Taxonomic","env_cov_aspergillaceae_20130601_20170101"
"20130601","20170101","Legacy + 1 year current methods","env_cycl",TRUE,TRUE,"family_fun","aspergillaceae","Taxonomic","env_cycl_aspergillaceae_20130601_20170101"
"20130601","20180101","Legacy with covariate 2013-2018","cycl_only",TRUE,TRUE,"family_fun","aspergillaceae","Taxonomic","cycl_only_aspergillaceae_20130601_20180101"
"20130601","20180101","Legacy with covariate 2013-2018","env_cov",TRUE,TRUE,"family_fun","aspergillaceae","Taxonomic","env_cov_aspergillaceae_20130601_20180101"
"20130601","20180101","Legacy with covariate 2013-2018","env_cycl",TRUE,TRUE,"family_fun","aspergillaceae","Taxonomic","env_cycl_aspergillaceae_20130601_20180101"
"20151101","20180101","2 year current methods","cycl_only",TRUE,TRUE,"family_fun","aspergillaceae","Taxonomic","cycl_only_aspergillaceae_20151101_20180101"
"20151101","20180101","2 year current methods","env_cov",TRUE,TRUE,"family_fun","aspergillaceae","Taxonomic","env_cov_aspergillaceae_20151101_20180101"
"20151101","20180101","2 year current methods","env_cycl",TRUE,TRUE,"family_fun","aspergillaceae","Taxonomic","env_cycl_aspergillaceae_20151101_20180101"
"20151101","20180101","Legacy with covariate 2013-2018","cycl_only",TRUE,TRUE,"family_fun","aspergillaceae","Taxonomic","cycl_only_aspergillaceae_20130601_20180101"
"20151101","20180101","Legacy with covariate 2013-2018","env_cov",TRUE,TRUE,"family_fun","aspergillaceae","Taxonomic","env_cov_aspergillaceae_20130601_20180101"
"20151101","20180101","Legacy with covariate 2013-2018","env_cycl",TRUE,TRUE,"family_fun","aspergillaceae","Taxonomic","env_cycl_aspergillaceae_20130601_20180101"
"20151101","20200101","Full dataset","cycl_only",TRUE,TRUE,"family_fun","aspergillaceae","Taxonomic","cycl_only_aspergillaceae_20151101_20200101"
"20151101","20200101","Full dataset","env_cov",TRUE,TRUE,"family_fun","aspergillaceae","Taxonomic","env_cov_aspergillaceae_20151101_20200101"
"20151101","20200101","Full dataset","env_cycl",TRUE,TRUE,"family_fun","aspergillaceae","Taxonomic","env_cycl_aspergillaceae_20151101_20200101"
"20130601","20151101","Legacy only","cycl_only",TRUE,TRUE,"family_fun","chaetomiaceae","Taxonomic","cycl_only_chaetomiaceae_20130601_20151101"
"20130601","20151101","Legacy only","env_cov",TRUE,TRUE,"family_fun","chaetomiaceae","Taxonomic","env_cov_chaetomiaceae_20130601_20151101"
"20130601","20151101","Legacy only","env_cycl",TRUE,TRUE,"family_fun","chaetomiaceae","Taxonomic","env_cycl_chaetomiaceae_20130601_20151101"
"20130601","20170101","Legacy + 1 year current methods","cycl_only",TRUE,TRUE,"family_fun","chaetomiaceae","Taxonomic","cycl_only_chaetomiaceae_20130601_20170101"
"20130601","20170101","Legacy + 1 year current methods","env_cov",TRUE,TRUE,"family_fun","chaetomiaceae","Taxonomic","env_cov_chaetomiaceae_20130601_20170101"
"20130601","20170101","Legacy + 1 year current methods","env_cycl",TRUE,TRUE,"family_fun","chaetomiaceae","Taxonomic","env_cycl_chaetomiaceae_20130601_20170101"
"20130601","20180101","Legacy with covariate 2013-2018","cycl_only",TRUE,TRUE,"family_fun","chaetomiaceae","Taxonomic","cycl_only_chaetomiaceae_20130601_20180101"
"20130601","20180101","Legacy with covariate 2013-2018","env_cov",TRUE,TRUE,"family_fun","chaetomiaceae","Taxonomic","env_cov_chaetomiaceae_20130601_20180101"
"20130601","20180101","Legacy with covariate 2013-2018","env_cycl",TRUE,TRUE,"family_fun","chaetomiaceae","Taxonomic","env_cycl_chaetomiaceae_20130601_20180101"
"20151101","20180101","2 year current methods","cycl_only",TRUE,TRUE,"family_fun","chaetomiaceae","Taxonomic","cycl_only_chaetomiaceae_20151101_20180101"
"20151101","20180101","2 year current methods","env_cov",TRUE,TRUE,"family_fun","chaetomiaceae","Taxonomic","env_cov_chaetomiaceae_20151101_20180101"
"20151101","20180101","2 year current methods","env_cycl",TRUE,TRUE,"family_fun","chaetomiaceae","Taxonomic","env_cycl_chaetomiaceae_20151101_20180101"
"20151101","20180101","Legacy with covariate 2013-2018","cycl_only",TRUE,TRUE,"family_fun","chaetomiaceae","Taxonomic","cycl_only_chaetomiaceae_20130601_20180101"
"20151101","20180101","Legacy with covariate 2013-2018","env_cov",TRUE,TRUE,"family_fun","chaetomiaceae","Taxonomic","env_cov_chaetomiaceae_20130601_20180101"
"20151101","20180101","Legacy with covariate 2013-2018","env_cycl",TRUE,TRUE,"family_fun","chaetomiaceae","Taxonomic","env_cycl_chaetomiaceae_20130601_20180101"
"20151101","20200101","Full dataset","cycl_only",TRUE,TRUE,"family_fun","chaetomiaceae","Taxonomic","cycl_only_chaetomiaceae_20151101_20200101"
"20151101","20200101","Full dataset","env_cov",TRUE,TRUE,"family_fun","chaetomiaceae","Taxonomic","env_cov_chaetomiaceae_20151101_20200101"
"20151101","20200101","Full dataset","env_cycl",TRUE,TRUE,"family_fun","chaetomiaceae","Taxonomic","env_cycl_chaetomiaceae_20151101_20200101"
"20130601","20151101","Legacy only","cycl_only",TRUE,TRUE,"family_fun","chaetosphaeriaceae","Taxonomic","cycl_only_chaetosphaeriaceae_20130601_20151101"
"20130601","20151101","Legacy only","env_cov",TRUE,TRUE,"family_fun","chaetosphaeriaceae","Taxonomic","env_cov_chaetosphaeriaceae_20130601_20151101"
"20130601","20151101","Legacy only","env_cycl",TRUE,TRUE,"family_fun","chaetosphaeriaceae","Taxonomic","env_cycl_chaetosphaeriaceae_20130601_20151101"
"20130601","20170101","Legacy + 1 year current methods","cycl_only",TRUE,TRUE,"family_fun","chaetosphaeriaceae","Taxonomic","cycl_only_chaetosphaeriaceae_20130601_20170101"
"20130601","20170101","Legacy + 1 year current methods","env_cov",TRUE,TRUE,"family_fun","chaetosphaeriaceae","Taxonomic","env_cov_chaetosphaeriaceae_20130601_20170101"
"20130601","20170101","Legacy + 1 year current methods","env_cycl",TRUE,TRUE,"family_fun","chaetosphaeriaceae","Taxonomic","env_cycl_chaetosphaeriaceae_20130601_20170101"
"20130601","20180101","Legacy with covariate 2013-2018","cycl_only",TRUE,TRUE,"family_fun","chaetosphaeriaceae","Taxonomic","cycl_only_chaetosphaeriaceae_20130601_20180101"
"20130601","20180101","Legacy with covariate 2013-2018","env_cov",TRUE,TRUE,"family_fun","chaetosphaeriaceae","Taxonomic","env_cov_chaetosphaeriaceae_20130601_20180101"
"20130601","20180101","Legacy with covariate 2013-2018","env_cycl",TRUE,TRUE,"family_fun","chaetosphaeriaceae","Taxonomic","env_cycl_chaetosphaeriaceae_20130601_20180101"
"20151101","20180101","2 year current methods","cycl_only",TRUE,TRUE,"family_fun","chaetosphaeriaceae","Taxonomic","cycl_only_chaetosphaeriaceae_20151101_20180101"
"20151101","20180101","2 year current methods","env_cov",TRUE,TRUE,"family_fun","chaetosphaeriaceae","Taxonomic","env_cov_chaetosphaeriaceae_20151101_20180101"
"20151101","20180101","2 year current methods","env_cycl",TRUE,TRUE,"family_fun","chaetosphaeriaceae","Taxonomic","env_cycl_chaetosphaeriaceae_20151101_20180101"
"20151101","20180101","Legacy with covariate 2013-2018","cycl_only",TRUE,TRUE,"family_fun","chaetosphaeriaceae","Taxonomic","cycl_only_chaetosphaeriaceae_20130601_20180101"
"20151101","20180101","Legacy with covariate 2013-2018","env_cov",TRUE,TRUE,"family_fun","chaetosphaeriaceae","Taxonomic","env_cov_chaetosphaeriaceae_20130601_20180101"
"20151101","20180101","Legacy with covariate 2013-2018","env_cycl",TRUE,TRUE,"family_fun","chaetosphaeriaceae","Taxonomic","env_cycl_chaetosphaeriaceae_20130601_20180101"
"20151101","20200101","Full dataset","cycl_only",TRUE,TRUE,"family_fun","chaetosphaeriaceae","Taxonomic","cycl_only_chaetosphaeriaceae_20151101_20200101"
"20151101","20200101","Full dataset","env_cov",TRUE,TRUE,"family_fun","chaetosphaeriaceae","Taxonomic","env_cov_chaetosphaeriaceae_20151101_20200101"
"20151101","20200101","Full dataset","env_cycl",TRUE,TRUE,"family_fun","chaetosphaeriaceae","Taxonomic","env_cycl_chaetosphaeriaceae_20151101_20200101"
"20130601","20151101","Legacy only","cycl_only",TRUE,TRUE,"family_fun","cladosporiaceae","Taxonomic","cycl_only_cladosporiaceae_20130601_20151101"
"20130601","20151101","Legacy only","env_cov",TRUE,TRUE,"family_fun","cladosporiaceae","Taxonomic","env_cov_cladosporiaceae_20130601_20151101"
"20130601","20151101","Legacy only","env_cycl",TRUE,TRUE,"family_fun","cladosporiaceae","Taxonomic","env_cycl_cladosporiaceae_20130601_20151101"
"20130601","20170101","Legacy + 1 year current methods","cycl_only",TRUE,TRUE,"family_fun","cladosporiaceae","Taxonomic","cycl_only_cladosporiaceae_20130601_20170101"
"20130601","20170101","Legacy + 1 year current methods","env_cov",TRUE,TRUE,"family_fun","cladosporiaceae","Taxonomic","env_cov_cladosporiaceae_20130601_20170101"
"20130601","20170101","Legacy + 1 year current methods","env_cycl",TRUE,TRUE,"family_fun","cladosporiaceae","Taxonomic","env_cycl_cladosporiaceae_20130601_20170101"
"20130601","20180101","Legacy with covariate 2013-2018","cycl_only",TRUE,TRUE,"family_fun","cladosporiaceae","Taxonomic","cycl_only_cladosporiaceae_20130601_20180101"
"20130601","20180101","Legacy with covariate 2013-2018","env_cov",TRUE,TRUE,"family_fun","cladosporiaceae","Taxonomic","env_cov_cladosporiaceae_20130601_20180101"
"20130601","20180101","Legacy with covariate 2013-2018","env_cycl",TRUE,TRUE,"family_fun","cladosporiaceae","Taxonomic","env_cycl_cladosporiaceae_20130601_20180101"
"20151101","20180101","2 year current methods","cycl_only",TRUE,TRUE,"family_fun","cladosporiaceae","Taxonomic","cycl_only_cladosporiaceae_20151101_20180101"
"20151101","20180101","2 year current methods","env_cov",TRUE,TRUE,"family_fun","cladosporiaceae","Taxonomic","env_cov_cladosporiaceae_20151101_20180101"
"20151101","20180101","2 year current methods","env_cycl",TRUE,TRUE,"family_fun","cladosporiaceae","Taxonomic","env_cycl_cladosporiaceae_20151101_20180101"
"20151101","20180101","Legacy with covariate 2013-2018","cycl_only",TRUE,TRUE,"family_fun","cladosporiaceae","Taxonomic","cycl_only_cladosporiaceae_20130601_20180101"
"20151101","20180101","Legacy with covariate 2013-2018","env_cov",TRUE,TRUE,"family_fun","cladosporiaceae","Taxonomic","env_cov_cladosporiaceae_20130601_20180101"
"20151101","20180101","Legacy with covariate 2013-2018","env_cycl",TRUE,TRUE,"family_fun","cladosporiaceae","Taxonomic","env_cycl_cladosporiaceae_20130601_20180101"
"20151101","20200101","Full dataset","cycl_only",TRUE,TRUE,"family_fun","cladosporiaceae","Taxonomic","cycl_only_cladosporiaceae_20151101_20200101"
"20151101","20200101","Full dataset","env_cov",TRUE,TRUE,"family_fun","cladosporiaceae","Taxonomic","env_cov_cladosporiaceae_20151101_20200101"
"20151101","20200101","Full dataset","env_cycl",TRUE,TRUE,"family_fun","cladosporiaceae","Taxonomic","env_cycl_cladosporiaceae_20151101_20200101"
"20130601","20151101","Legacy only","cycl_only",TRUE,TRUE,"family_fun","clavariaceae","Taxonomic","cycl_only_clavariaceae_20130601_20151101"
"20130601","20151101","Legacy only","env_cov",TRUE,TRUE,"family_fun","clavariaceae","Taxonomic","env_cov_clavariaceae_20130601_20151101"
"20130601","20151101","Legacy only","env_cycl",TRUE,TRUE,"family_fun","clavariaceae","Taxonomic","env_cycl_clavariaceae_20130601_20151101"
"20130601","20170101","Legacy + 1 year current methods","cycl_only",TRUE,TRUE,"family_fun","clavariaceae","Taxonomic","cycl_only_clavariaceae_20130601_20170101"
"20130601","20170101","Legacy + 1 year current methods","env_cov",TRUE,TRUE,"family_fun","clavariaceae","Taxonomic","env_cov_clavariaceae_20130601_20170101"
"20130601","20170101","Legacy + 1 year current methods","env_cycl",TRUE,TRUE,"family_fun","clavariaceae","Taxonomic","env_cycl_clavariaceae_20130601_20170101"
"20130601","20180101","Legacy with covariate 2013-2018","cycl_only",TRUE,TRUE,"family_fun","clavariaceae","Taxonomic","cycl_only_clavariaceae_20130601_20180101"
"20130601","20180101","Legacy with covariate 2013-2018","env_cov",TRUE,TRUE,"family_fun","clavariaceae","Taxonomic","env_cov_clavariaceae_20130601_20180101"
"20130601","20180101","Legacy with covariate 2013-2018","env_cycl",TRUE,TRUE,"family_fun","clavariaceae","Taxonomic","env_cycl_clavariaceae_20130601_20180101"
"20151101","20180101","2 year current methods","cycl_only",TRUE,TRUE,"family_fun","clavariaceae","Taxonomic","cycl_only_clavariaceae_20151101_20180101"
"20151101","20180101","2 year current methods","env_cov",TRUE,TRUE,"family_fun","clavariaceae","Taxonomic","env_cov_clavariaceae_20151101_20180101"
"20151101","20180101","2 year current methods","env_cycl",TRUE,TRUE,"family_fun","clavariaceae","Taxonomic","env_cycl_clavariaceae_20151101_20180101"
"20151101","20180101","Legacy with covariate 2013-2018","cycl_only",TRUE,TRUE,"family_fun","clavariaceae","Taxonomic","cycl_only_clavariaceae_20130601_20180101"
"20151101","20180101","Legacy with covariate 2013-2018","env_cov",TRUE,TRUE,"family_fun","clavariaceae","Taxonomic","env_cov_clavariaceae_20130601_20180101"
"20151101","20180101","Legacy with covariate 2013-2018","env_cycl",TRUE,TRUE,"family_fun","clavariaceae","Taxonomic","env_cycl_clavariaceae_20130601_20180101"
"20151101","20200101","Full dataset","cycl_only",TRUE,TRUE,"family_fun","clavariaceae","Taxonomic","cycl_only_clavariaceae_20151101_20200101"
"20151101","20200101","Full dataset","env_cov",TRUE,TRUE,"family_fun","clavariaceae","Taxonomic","env_cov_clavariaceae_20151101_20200101"
"20151101","20200101","Full dataset","env_cycl",TRUE,TRUE,"family_fun","clavariaceae","Taxonomic","env_cycl_clavariaceae_20151101_20200101"
"20130601","20151101","Legacy only","cycl_only",TRUE,TRUE,"family_fun","clavicipitaceae","Taxonomic","cycl_only_clavicipitaceae_20130601_20151101"
"20130601","20151101","Legacy only","env_cov",TRUE,TRUE,"family_fun","clavicipitaceae","Taxonomic","env_cov_clavicipitaceae_20130601_20151101"
"20130601","20151101","Legacy only","env_cycl",TRUE,TRUE,"family_fun","clavicipitaceae","Taxonomic","env_cycl_clavicipitaceae_20130601_20151101"
"20130601","20170101","Legacy + 1 year current methods","cycl_only",TRUE,TRUE,"family_fun","clavicipitaceae","Taxonomic","cycl_only_clavicipitaceae_20130601_20170101"
"20130601","20170101","Legacy + 1 year current methods","env_cov",TRUE,TRUE,"family_fun","clavicipitaceae","Taxonomic","env_cov_clavicipitaceae_20130601_20170101"
"20130601","20170101","Legacy + 1 year current methods","env_cycl",TRUE,TRUE,"family_fun","clavicipitaceae","Taxonomic","env_cycl_clavicipitaceae_20130601_20170101"
"20130601","20180101","Legacy with covariate 2013-2018","cycl_only",TRUE,TRUE,"family_fun","clavicipitaceae","Taxonomic","cycl_only_clavicipitaceae_20130601_20180101"
"20130601","20180101","Legacy with covariate 2013-2018","env_cov",TRUE,TRUE,"family_fun","clavicipitaceae","Taxonomic","env_cov_clavicipitaceae_20130601_20180101"
"20130601","20180101","Legacy with covariate 2013-2018","env_cycl",TRUE,TRUE,"family_fun","clavicipitaceae","Taxonomic","env_cycl_clavicipitaceae_20130601_20180101"
"20151101","20180101","2 year current methods","cycl_only",TRUE,TRUE,"family_fun","clavicipitaceae","Taxonomic","cycl_only_clavicipitaceae_20151101_20180101"
"20151101","20180101","2 year current methods","env_cov",TRUE,TRUE,"family_fun","clavicipitaceae","Taxonomic","env_cov_clavicipitaceae_20151101_20180101"
"20151101","20180101","2 year current methods","env_cycl",TRUE,TRUE,"family_fun","clavicipitaceae","Taxonomic","env_cycl_clavicipitaceae_20151101_20180101"
"20151101","20180101","Legacy with covariate 2013-2018","cycl_only",TRUE,TRUE,"family_fun","clavicipitaceae","Taxonomic","cycl_only_clavicipitaceae_20130601_20180101"
"20151101","20180101","Legacy with covariate 2013-2018","env_cov",TRUE,TRUE,"family_fun","clavicipitaceae","Taxonomic","env_cov_clavicipitaceae_20130601_20180101"
"20151101","20180101","Legacy with covariate 2013-2018","env_cycl",TRUE,TRUE,"family_fun","clavicipitaceae","Taxonomic","env_cycl_clavicipitaceae_20130601_20180101"
"20151101","20200101","Full dataset","cycl_only",TRUE,TRUE,"family_fun","clavicipitaceae","Taxonomic","cycl_only_clavicipitaceae_20151101_20200101"
"20151101","20200101","Full dataset","env_cov",TRUE,TRUE,"family_fun","clavicipitaceae","Taxonomic","env_cov_clavicipitaceae_20151101_20200101"
"20151101","20200101","Full dataset","env_cycl",TRUE,TRUE,"family_fun","clavicipitaceae","Taxonomic","env_cycl_clavicipitaceae_20151101_20200101"
"20130601","20151101","Legacy only","cycl_only",TRUE,TRUE,"family_fun","entolomataceae","Taxonomic","cycl_only_entolomataceae_20130601_20151101"
"20130601","20151101","Legacy only","env_cov",TRUE,TRUE,"family_fun","entolomataceae","Taxonomic","env_cov_entolomataceae_20130601_20151101"
"20130601","20151101","Legacy only","env_cycl",TRUE,TRUE,"family_fun","entolomataceae","Taxonomic","env_cycl_entolomataceae_20130601_20151101"
"20130601","20170101","Legacy + 1 year current methods","cycl_only",TRUE,TRUE,"family_fun","entolomataceae","Taxonomic","cycl_only_entolomataceae_20130601_20170101"
"20130601","20170101","Legacy + 1 year current methods","env_cov",TRUE,TRUE,"family_fun","entolomataceae","Taxonomic","env_cov_entolomataceae_20130601_20170101"
"20130601","20170101","Legacy + 1 year current methods","env_cycl",TRUE,TRUE,"family_fun","entolomataceae","Taxonomic","env_cycl_entolomataceae_20130601_20170101"
"20130601","20180101","Legacy with covariate 2013-2018","cycl_only",TRUE,TRUE,"family_fun","entolomataceae","Taxonomic","cycl_only_entolomataceae_20130601_20180101"
"20130601","20180101","Legacy with covariate 2013-2018","env_cov",TRUE,TRUE,"family_fun","entolomataceae","Taxonomic","env_cov_entolomataceae_20130601_20180101"
"20130601","20180101","Legacy with covariate 2013-2018","env_cycl",TRUE,TRUE,"family_fun","entolomataceae","Taxonomic","env_cycl_entolomataceae_20130601_20180101"
"20151101","20180101","2 year current methods","cycl_only",TRUE,TRUE,"family_fun","entolomataceae","Taxonomic","cycl_only_entolomataceae_20151101_20180101"
"20151101","20180101","2 year current methods","env_cov",TRUE,TRUE,"family_fun","entolomataceae","Taxonomic","env_cov_entolomataceae_20151101_20180101"
"20151101","20180101","2 year current methods","env_cycl",TRUE,TRUE,"family_fun","entolomataceae","Taxonomic","env_cycl_entolomataceae_20151101_20180101"
"20151101","20180101","Legacy with covariate 2013-2018","cycl_only",TRUE,TRUE,"family_fun","entolomataceae","Taxonomic","cycl_only_entolomataceae_20130601_20180101"
"20151101","20180101","Legacy with covariate 2013-2018","env_cov",TRUE,TRUE,"family_fun","entolomataceae","Taxonomic","env_cov_entolomataceae_20130601_20180101"
"20151101","20180101","Legacy with covariate 2013-2018","env_cycl",TRUE,TRUE,"family_fun","entolomataceae","Taxonomic","env_cycl_entolomataceae_20130601_20180101"
"20151101","20200101","Full dataset","cycl_only",TRUE,TRUE,"family_fun","entolomataceae","Taxonomic","cycl_only_entolomataceae_20151101_20200101"
"20151101","20200101","Full dataset","env_cov",TRUE,TRUE,"family_fun","entolomataceae","Taxonomic","env_cov_entolomataceae_20151101_20200101"
"20151101","20200101","Full dataset","env_cycl",TRUE,TRUE,"family_fun","entolomataceae","Taxonomic","env_cycl_entolomataceae_20151101_20200101"
"20130601","20151101","Legacy only","cycl_only",TRUE,TRUE,"family_fun","glomeraceae","Taxonomic","cycl_only_glomeraceae_20130601_20151101"
"20130601","20151101","Legacy only","env_cov",TRUE,TRUE,"family_fun","glomeraceae","Taxonomic","env_cov_glomeraceae_20130601_20151101"
"20130601","20151101","Legacy only","env_cycl",TRUE,TRUE,"family_fun","glomeraceae","Taxonomic","env_cycl_glomeraceae_20130601_20151101"
"20130601","20170101","Legacy + 1 year current methods","cycl_only",TRUE,TRUE,"family_fun","glomeraceae","Taxonomic","cycl_only_glomeraceae_20130601_20170101"
"20130601","20170101","Legacy + 1 year current methods","env_cov",TRUE,TRUE,"family_fun","glomeraceae","Taxonomic","env_cov_glomeraceae_20130601_20170101"
"20130601","20170101","Legacy + 1 year current methods","env_cycl",TRUE,TRUE,"family_fun","glomeraceae","Taxonomic","env_cycl_glomeraceae_20130601_20170101"
"20130601","20180101","Legacy with covariate 2013-2018","cycl_only",TRUE,TRUE,"family_fun","glomeraceae","Taxonomic","cycl_only_glomeraceae_20130601_20180101"
"20130601","20180101","Legacy with covariate 2013-2018","env_cov",TRUE,TRUE,"family_fun","glomeraceae","Taxonomic","env_cov_glomeraceae_20130601_20180101"
"20130601","20180101","Legacy with covariate 2013-2018","env_cycl",TRUE,TRUE,"family_fun","glomeraceae","Taxonomic","env_cycl_glomeraceae_20130601_20180101"
"20151101","20180101","2 year current methods","cycl_only",TRUE,TRUE,"family_fun","glomeraceae","Taxonomic","cycl_only_glomeraceae_20151101_20180101"
"20151101","20180101","2 year current methods","env_cov",TRUE,TRUE,"family_fun","glomeraceae","Taxonomic","env_cov_glomeraceae_20151101_20180101"
"20151101","20180101","2 year current methods","env_cycl",TRUE,TRUE,"family_fun","glomeraceae","Taxonomic","env_cycl_glomeraceae_20151101_20180101"
"20151101","20180101","Legacy with covariate 2013-2018","cycl_only",TRUE,TRUE,"family_fun","glomeraceae","Taxonomic","cycl_only_glomeraceae_20130601_20180101"
"20151101","20180101","Legacy with covariate 2013-2018","env_cov",TRUE,TRUE,"family_fun","glomeraceae","Taxonomic","env_cov_glomeraceae_20130601_20180101"
"20151101","20180101","Legacy with covariate 2013-2018","env_cycl",TRUE,TRUE,"family_fun","glomeraceae","Taxonomic","env_cycl_glomeraceae_20130601_20180101"
"20151101","20200101","Full dataset","cycl_only",TRUE,TRUE,"family_fun","glomeraceae","Taxonomic","cycl_only_glomeraceae_20151101_20200101"
"20151101","20200101","Full dataset","env_cov",TRUE,TRUE,"family_fun","glomeraceae","Taxonomic","env_cov_glomeraceae_20151101_20200101"
"20151101","20200101","Full dataset","env_cycl",TRUE,TRUE,"family_fun","glomeraceae","Taxonomic","env_cycl_glomeraceae_20151101_20200101"
"20130601","20151101","Legacy only","cycl_only",TRUE,TRUE,"family_fun","helotiales_fam_incertae_sedis","Taxonomic","cycl_only_helotiales_fam_incertae_sedis_20130601_20151101"
"20130601","20151101","Legacy only","env_cov",TRUE,TRUE,"family_fun","helotiales_fam_incertae_sedis","Taxonomic","env_cov_helotiales_fam_incertae_sedis_20130601_20151101"
"20130601","20151101","Legacy only","env_cycl",TRUE,TRUE,"family_fun","helotiales_fam_incertae_sedis","Taxonomic","env_cycl_helotiales_fam_incertae_sedis_20130601_20151101"
"20130601","20170101","Legacy + 1 year current methods","cycl_only",TRUE,TRUE,"family_fun","helotiales_fam_incertae_sedis","Taxonomic","cycl_only_helotiales_fam_incertae_sedis_20130601_20170101"
"20130601","20170101","Legacy + 1 year current methods","env_cov",TRUE,TRUE,"family_fun","helotiales_fam_incertae_sedis","Taxonomic","env_cov_helotiales_fam_incertae_sedis_20130601_20170101"
"20130601","20170101","Legacy + 1 year current methods","env_cycl",TRUE,TRUE,"family_fun","helotiales_fam_incertae_sedis","Taxonomic","env_cycl_helotiales_fam_incertae_sedis_20130601_20170101"
"20130601","20180101","Legacy with covariate 2013-2018","cycl_only",TRUE,TRUE,"family_fun","helotiales_fam_incertae_sedis","Taxonomic","cycl_only_helotiales_fam_incertae_sedis_20130601_20180101"
"20130601","20180101","Legacy with covariate 2013-2018","env_cov",TRUE,TRUE,"family_fun","helotiales_fam_incertae_sedis","Taxonomic","env_cov_helotiales_fam_incertae_sedis_20130601_20180101"
"20130601","20180101","Legacy with covariate 2013-2018","env_cycl",TRUE,TRUE,"family_fun","helotiales_fam_incertae_sedis","Taxonomic","env_cycl_helotiales_fam_incertae_sedis_20130601_20180101"
"20151101","20180101","2 year current methods","cycl_only",TRUE,TRUE,"family_fun","helotiales_fam_incertae_sedis","Taxonomic","cycl_only_helotiales_fam_incertae_sedis_20151101_20180101"
"20151101","20180101","2 year current methods","env_cov",TRUE,TRUE,"family_fun","helotiales_fam_incertae_sedis","Taxonomic","env_cov_helotiales_fam_incertae_sedis_20151101_20180101"
"20151101","20180101","2 year current methods","env_cycl",TRUE,TRUE,"family_fun","helotiales_fam_incertae_sedis","Taxonomic","env_cycl_helotiales_fam_incertae_sedis_20151101_20180101"
"20151101","20180101","Legacy with covariate 2013-2018","cycl_only",TRUE,TRUE,"family_fun","helotiales_fam_incertae_sedis","Taxonomic","cycl_only_helotiales_fam_incertae_sedis_20130601_20180101"
"20151101","20180101","Legacy with covariate 2013-2018","env_cov",TRUE,TRUE,"family_fun","helotiales_fam_incertae_sedis","Taxonomic","env_cov_helotiales_fam_incertae_sedis_20130601_20180101"
"20151101","20180101","Legacy with covariate 2013-2018","env_cycl",TRUE,TRUE,"family_fun","helotiales_fam_incertae_sedis","Taxonomic","env_cycl_helotiales_fam_incertae_sedis_20130601_20180101"
"20151101","20200101","Full dataset","cycl_only",TRUE,TRUE,"family_fun","helotiales_fam_incertae_sedis","Taxonomic","cycl_only_helotiales_fam_incertae_sedis_20151101_20200101"
"20151101","20200101","Full dataset","env_cov",TRUE,TRUE,"family_fun","helotiales_fam_incertae_sedis","Taxonomic","env_cov_helotiales_fam_incertae_sedis_20151101_20200101"
"20151101","20200101","Full dataset","env_cycl",TRUE,TRUE,"family_fun","helotiales_fam_incertae_sedis","Taxonomic","env_cycl_helotiales_fam_incertae_sedis_20151101_20200101"
"20130601","20151101","Legacy only","cycl_only",TRUE,TRUE,"family_fun","herpotrichiellaceae","Taxonomic","cycl_only_herpotrichiellaceae_20130601_20151101"
"20130601","20151101","Legacy only","env_cov",TRUE,TRUE,"family_fun","herpotrichiellaceae","Taxonomic","env_cov_herpotrichiellaceae_20130601_20151101"
"20130601","20151101","Legacy only","env_cycl",TRUE,TRUE,"family_fun","herpotrichiellaceae","Taxonomic","env_cycl_herpotrichiellaceae_20130601_20151101"
"20130601","20170101","Legacy + 1 year current methods","cycl_only",TRUE,TRUE,"family_fun","herpotrichiellaceae","Taxonomic","cycl_only_herpotrichiellaceae_20130601_20170101"
"20130601","20170101","Legacy + 1 year current methods","env_cov",TRUE,TRUE,"family_fun","herpotrichiellaceae","Taxonomic","env_cov_herpotrichiellaceae_20130601_20170101"
"20130601","20170101","Legacy + 1 year current methods","env_cycl",TRUE,TRUE,"family_fun","herpotrichiellaceae","Taxonomic","env_cycl_herpotrichiellaceae_20130601_20170101"
"20130601","20180101","Legacy with covariate 2013-2018","cycl_only",TRUE,TRUE,"family_fun","herpotrichiellaceae","Taxonomic","cycl_only_herpotrichiellaceae_20130601_20180101"
"20130601","20180101","Legacy with covariate 2013-2018","env_cov",TRUE,TRUE,"family_fun","herpotrichiellaceae","Taxonomic","env_cov_herpotrichiellaceae_20130601_20180101"
"20130601","20180101","Legacy with covariate 2013-2018","env_cycl",TRUE,TRUE,"family_fun","herpotrichiellaceae","Taxonomic","env_cycl_herpotrichiellaceae_20130601_20180101"
"20151101","20180101","2 year current methods","cycl_only",TRUE,TRUE,"family_fun","herpotrichiellaceae","Taxonomic","cycl_only_herpotrichiellaceae_20151101_20180101"
"20151101","20180101","2 year current methods","env_cov",TRUE,TRUE,"family_fun","herpotrichiellaceae","Taxonomic","env_cov_herpotrichiellaceae_20151101_20180101"
"20151101","20180101","2 year current methods","env_cycl",TRUE,TRUE,"family_fun","herpotrichiellaceae","Taxonomic","env_cycl_herpotrichiellaceae_20151101_20180101"
"20151101","20180101","Legacy with covariate 2013-2018","cycl_only",TRUE,TRUE,"family_fun","herpotrichiellaceae","Taxonomic","cycl_only_herpotrichiellaceae_20130601_20180101"
"20151101","20180101","Legacy with covariate 2013-2018","env_cov",TRUE,TRUE,"family_fun","herpotrichiellaceae","Taxonomic","env_cov_herpotrichiellaceae_20130601_20180101"
"20151101","20180101","Legacy with covariate 2013-2018","env_cycl",TRUE,TRUE,"family_fun","herpotrichiellaceae","Taxonomic","env_cycl_herpotrichiellaceae_20130601_20180101"
"20151101","20200101","Full dataset","cycl_only",TRUE,TRUE,"family_fun","herpotrichiellaceae","Taxonomic","cycl_only_herpotrichiellaceae_20151101_20200101"
"20151101","20200101","Full dataset","env_cov",TRUE,TRUE,"family_fun","herpotrichiellaceae","Taxonomic","env_cov_herpotrichiellaceae_20151101_20200101"
"20151101","20200101","Full dataset","env_cycl",TRUE,TRUE,"family_fun","herpotrichiellaceae","Taxonomic","env_cycl_herpotrichiellaceae_20151101_20200101"
"20130601","20151101","Legacy only","cycl_only",TRUE,TRUE,"family_fun","hypocreaceae","Taxonomic","cycl_only_hypocreaceae_20130601_20151101"
"20130601","20151101","Legacy only","env_cov",TRUE,TRUE,"family_fun","hypocreaceae","Taxonomic","env_cov_hypocreaceae_20130601_20151101"
"20130601","20151101","Legacy only","env_cycl",TRUE,TRUE,"family_fun","hypocreaceae","Taxonomic","env_cycl_hypocreaceae_20130601_20151101"
"20130601","20170101","Legacy + 1 year current methods","cycl_only",TRUE,TRUE,"family_fun","hypocreaceae","Taxonomic","cycl_only_hypocreaceae_20130601_20170101"
"20130601","20170101","Legacy + 1 year current methods","env_cov",TRUE,TRUE,"family_fun","hypocreaceae","Taxonomic","env_cov_hypocreaceae_20130601_20170101"
"20130601","20170101","Legacy + 1 year current methods","env_cycl",TRUE,TRUE,"family_fun","hypocreaceae","Taxonomic","env_cycl_hypocreaceae_20130601_20170101"
"20130601","20180101","Legacy with covariate 2013-2018","cycl_only",TRUE,TRUE,"family_fun","hypocreaceae","Taxonomic","cycl_only_hypocreaceae_20130601_20180101"
"20130601","20180101","Legacy with covariate 2013-2018","env_cov",TRUE,TRUE,"family_fun","hypocreaceae","Taxonomic","env_cov_hypocreaceae_20130601_20180101"
"20130601","20180101","Legacy with covariate 2013-2018","env_cycl",TRUE,TRUE,"family_fun","hypocreaceae","Taxonomic","env_cycl_hypocreaceae_20130601_20180101"
"20151101","20180101","2 year current methods","cycl_only",TRUE,TRUE,"family_fun","hypocreaceae","Taxonomic","cycl_only_hypocreaceae_20151101_20180101"
"20151101","20180101","2 year current methods","env_cov",TRUE,TRUE,"family_fun","hypocreaceae","Taxonomic","env_cov_hypocreaceae_20151101_20180101"
"20151101","20180101","2 year current methods","env_cycl",TRUE,TRUE,"family_fun","hypocreaceae","Taxonomic","env_cycl_hypocreaceae_20151101_20180101"
"20151101","20180101","Legacy with covariate 2013-2018","cycl_only",TRUE,TRUE,"family_fun","hypocreaceae","Taxonomic","cycl_only_hypocreaceae_20130601_20180101"
"20151101","20180101","Legacy with covariate 2013-2018","env_cov",TRUE,TRUE,"family_fun","hypocreaceae","Taxonomic","env_cov_hypocreaceae_20130601_20180101"
"20151101","20180101","Legacy with covariate 2013-2018","env_cycl",TRUE,TRUE,"family_fun","hypocreaceae","Taxonomic","env_cycl_hypocreaceae_20130601_20180101"
"20151101","20200101","Full dataset","cycl_only",TRUE,TRUE,"family_fun","hypocreaceae","Taxonomic","cycl_only_hypocreaceae_20151101_20200101"
"20151101","20200101","Full dataset","env_cov",TRUE,TRUE,"family_fun","hypocreaceae","Taxonomic","env_cov_hypocreaceae_20151101_20200101"
"20151101","20200101","Full dataset","env_cycl",TRUE,TRUE,"family_fun","hypocreaceae","Taxonomic","env_cycl_hypocreaceae_20151101_20200101"
"20130601","20151101","Legacy only","cycl_only",TRUE,TRUE,"family_fun","mortierellaceae","Taxonomic","cycl_only_mortierellaceae_20130601_20151101"
"20130601","20151101","Legacy only","env_cov",TRUE,TRUE,"family_fun","mortierellaceae","Taxonomic","env_cov_mortierellaceae_20130601_20151101"
"20130601","20151101","Legacy only","env_cycl",TRUE,TRUE,"family_fun","mortierellaceae","Taxonomic","env_cycl_mortierellaceae_20130601_20151101"
"20130601","20170101","Legacy + 1 year current methods","cycl_only",TRUE,TRUE,"family_fun","mortierellaceae","Taxonomic","cycl_only_mortierellaceae_20130601_20170101"
"20130601","20170101","Legacy + 1 year current methods","env_cov",TRUE,TRUE,"family_fun","mortierellaceae","Taxonomic","env_cov_mortierellaceae_20130601_20170101"
"20130601","20170101","Legacy + 1 year current methods","env_cycl",TRUE,TRUE,"family_fun","mortierellaceae","Taxonomic","env_cycl_mortierellaceae_20130601_20170101"
"20130601","20180101","Legacy with covariate 2013-2018","cycl_only",TRUE,TRUE,"family_fun","mortierellaceae","Taxonomic","cycl_only_mortierellaceae_20130601_20180101"
"20130601","20180101","Legacy with covariate 2013-2018","env_cov",TRUE,TRUE,"family_fun","mortierellaceae","Taxonomic","env_cov_mortierellaceae_20130601_20180101"
"20130601","20180101","Legacy with covariate 2013-2018","env_cycl",TRUE,TRUE,"family_fun","mortierellaceae","Taxonomic","env_cycl_mortierellaceae_20130601_20180101"
"20151101","20180101","2 year current methods","cycl_only",TRUE,TRUE,"family_fun","mortierellaceae","Taxonomic","cycl_only_mortierellaceae_20151101_20180101"
"20151101","20180101","2 year current methods","env_cov",TRUE,TRUE,"family_fun","mortierellaceae","Taxonomic","env_cov_mortierellaceae_20151101_20180101"
"20151101","20180101","2 year current methods","env_cycl",TRUE,TRUE,"family_fun","mortierellaceae","Taxonomic","env_cycl_mortierellaceae_20151101_20180101"
"20151101","20180101","Legacy with covariate 2013-2018","cycl_only",TRUE,TRUE,"family_fun","mortierellaceae","Taxonomic","cycl_only_mortierellaceae_20130601_20180101"
"20151101","20180101","Legacy with covariate 2013-2018","env_cov",TRUE,TRUE,"family_fun","mortierellaceae","Taxonomic","env_cov_mortierellaceae_20130601_20180101"
"20151101","20180101","Legacy with covariate 2013-2018","env_cycl",TRUE,TRUE,"family_fun","mortierellaceae","Taxonomic","env_cycl_mortierellaceae_20130601_20180101"
"20151101","20200101","Full dataset","cycl_only",TRUE,TRUE,"family_fun","mortierellaceae","Taxonomic","cycl_only_mortierellaceae_20151101_20200101"
"20151101","20200101","Full dataset","env_cov",TRUE,TRUE,"family_fun","mortierellaceae","Taxonomic","env_cov_mortierellaceae_20151101_20200101"
"20151101","20200101","Full dataset","env_cycl",TRUE,TRUE,"family_fun","mortierellaceae","Taxonomic","env_cycl_mortierellaceae_20151101_20200101"
"20130601","20151101","Legacy only","cycl_only",TRUE,TRUE,"family_fun","myxotrichaceae","Taxonomic","cycl_only_myxotrichaceae_20130601_20151101"
"20130601","20151101","Legacy only","env_cov",TRUE,TRUE,"family_fun","myxotrichaceae","Taxonomic","env_cov_myxotrichaceae_20130601_20151101"
"20130601","20151101","Legacy only","env_cycl",TRUE,TRUE,"family_fun","myxotrichaceae","Taxonomic","env_cycl_myxotrichaceae_20130601_20151101"
"20130601","20170101","Legacy + 1 year current methods","cycl_only",TRUE,TRUE,"family_fun","myxotrichaceae","Taxonomic","cycl_only_myxotrichaceae_20130601_20170101"
"20130601","20170101","Legacy + 1 year current methods","env_cov",TRUE,TRUE,"family_fun","myxotrichaceae","Taxonomic","env_cov_myxotrichaceae_20130601_20170101"
"20130601","20170101","Legacy + 1 year current methods","env_cycl",TRUE,TRUE,"family_fun","myxotrichaceae","Taxonomic","env_cycl_myxotrichaceae_20130601_20170101"
"20130601","20180101","Legacy with covariate 2013-2018","cycl_only",TRUE,TRUE,"family_fun","myxotrichaceae","Taxonomic","cycl_only_myxotrichaceae_20130601_20180101"
"20130601","20180101","Legacy with covariate 2013-2018","env_cov",TRUE,TRUE,"family_fun","myxotrichaceae","Taxonomic","env_cov_myxotrichaceae_20130601_20180101"
"20130601","20180101","Legacy with covariate 2013-2018","env_cycl",TRUE,TRUE,"family_fun","myxotrichaceae","Taxonomic","env_cycl_myxotrichaceae_20130601_20180101"
"20151101","20180101","2 year current methods","cycl_only",TRUE,TRUE,"family_fun","myxotrichaceae","Taxonomic","cycl_only_myxotrichaceae_20151101_20180101"
"20151101","20180101","2 year current methods","env_cov",TRUE,TRUE,"family_fun","myxotrichaceae","Taxonomic","env_cov_myxotrichaceae_20151101_20180101"
"20151101","20180101","2 year current methods","env_cycl",TRUE,TRUE,"family_fun","myxotrichaceae","Taxonomic","env_cycl_myxotrichaceae_20151101_20180101"
"20151101","20180101","Legacy with covariate 2013-2018","cycl_only",TRUE,TRUE,"family_fun","myxotrichaceae","Taxonomic","cycl_only_myxotrichaceae_20130601_20180101"
"20151101","20180101","Legacy with covariate 2013-2018","env_cov",TRUE,TRUE,"family_fun","myxotrichaceae","Taxonomic","env_cov_myxotrichaceae_20130601_20180101"
"20151101","20180101","Legacy with covariate 2013-2018","env_cycl",TRUE,TRUE,"family_fun","myxotrichaceae","Taxonomic","env_cycl_myxotrichaceae_20130601_20180101"
"20151101","20200101","Full dataset","cycl_only",TRUE,TRUE,"family_fun","myxotrichaceae","Taxonomic","cycl_only_myxotrichaceae_20151101_20200101"
"20151101","20200101","Full dataset","env_cov",TRUE,TRUE,"family_fun","myxotrichaceae","Taxonomic","env_cov_myxotrichaceae_20151101_20200101"
"20151101","20200101","Full dataset","env_cycl",TRUE,TRUE,"family_fun","myxotrichaceae","Taxonomic","env_cycl_myxotrichaceae_20151101_20200101"
"20130601","20151101","Legacy only","cycl_only",TRUE,TRUE,"family_fun","nectriaceae","Taxonomic","cycl_only_nectriaceae_20130601_20151101"
"20130601","20151101","Legacy only","env_cov",TRUE,TRUE,"family_fun","nectriaceae","Taxonomic","env_cov_nectriaceae_20130601_20151101"
"20130601","20151101","Legacy only","env_cycl",TRUE,TRUE,"family_fun","nectriaceae","Taxonomic","env_cycl_nectriaceae_20130601_20151101"
"20130601","20170101","Legacy + 1 year current methods","cycl_only",TRUE,TRUE,"family_fun","nectriaceae","Taxonomic","cycl_only_nectriaceae_20130601_20170101"
"20130601","20170101","Legacy + 1 year current methods","env_cov",TRUE,TRUE,"family_fun","nectriaceae","Taxonomic","env_cov_nectriaceae_20130601_20170101"
"20130601","20170101","Legacy + 1 year current methods","env_cycl",TRUE,TRUE,"family_fun","nectriaceae","Taxonomic","env_cycl_nectriaceae_20130601_20170101"
"20130601","20180101","Legacy with covariate 2013-2018","cycl_only",TRUE,TRUE,"family_fun","nectriaceae","Taxonomic","cycl_only_nectriaceae_20130601_20180101"
"20130601","20180101","Legacy with covariate 2013-2018","env_cov",TRUE,TRUE,"family_fun","nectriaceae","Taxonomic","env_cov_nectriaceae_20130601_20180101"
"20130601","20180101","Legacy with covariate 2013-2018","env_cycl",TRUE,TRUE,"family_fun","nectriaceae","Taxonomic","env_cycl_nectriaceae_20130601_20180101"
"20151101","20180101","2 year current methods","cycl_only",TRUE,TRUE,"family_fun","nectriaceae","Taxonomic","cycl_only_nectriaceae_20151101_20180101"
"20151101","20180101","2 year current methods","env_cov",TRUE,TRUE,"family_fun","nectriaceae","Taxonomic","env_cov_nectriaceae_20151101_20180101"
"20151101","20180101","2 year current methods","env_cycl",TRUE,TRUE,"family_fun","nectriaceae","Taxonomic","env_cycl_nectriaceae_20151101_20180101"
"20151101","20180101","Legacy with covariate 2013-2018","cycl_only",TRUE,TRUE,"family_fun","nectriaceae","Taxonomic","cycl_only_nectriaceae_20130601_20180101"
"20151101","20180101","Legacy with covariate 2013-2018","env_cov",TRUE,TRUE,"family_fun","nectriaceae","Taxonomic","env_cov_nectriaceae_20130601_20180101"
"20151101","20180101","Legacy with covariate 2013-2018","env_cycl",TRUE,TRUE,"family_fun","nectriaceae","Taxonomic","env_cycl_nectriaceae_20130601_20180101"
"20151101","20200101","Full dataset","cycl_only",TRUE,TRUE,"family_fun","nectriaceae","Taxonomic","cycl_only_nectriaceae_20151101_20200101"
"20151101","20200101","Full dataset","env_cov",TRUE,TRUE,"family_fun","nectriaceae","Taxonomic","env_cov_nectriaceae_20151101_20200101"
"20151101","20200101","Full dataset","env_cycl",TRUE,TRUE,"family_fun","nectriaceae","Taxonomic","env_cycl_nectriaceae_20151101_20200101"
"20130601","20151101","Legacy only","cycl_only",TRUE,TRUE,"family_fun","pleosporaceae","Taxonomic","cycl_only_pleosporaceae_20130601_20151101"
"20130601","20151101","Legacy only","env_cov",TRUE,TRUE,"family_fun","pleosporaceae","Taxonomic","env_cov_pleosporaceae_20130601_20151101"
"20130601","20151101","Legacy only","env_cycl",TRUE,TRUE,"family_fun","pleosporaceae","Taxonomic","env_cycl_pleosporaceae_20130601_20151101"
"20130601","20170101","Legacy + 1 year current methods","cycl_only",TRUE,TRUE,"family_fun","pleosporaceae","Taxonomic","cycl_only_pleosporaceae_20130601_20170101"
"20130601","20170101","Legacy + 1 year current methods","env_cov",TRUE,TRUE,"family_fun","pleosporaceae","Taxonomic","env_cov_pleosporaceae_20130601_20170101"
"20130601","20170101","Legacy + 1 year current methods","env_cycl",TRUE,TRUE,"family_fun","pleosporaceae","Taxonomic","env_cycl_pleosporaceae_20130601_20170101"
"20130601","20180101","Legacy with covariate 2013-2018","cycl_only",TRUE,TRUE,"family_fun","pleosporaceae","Taxonomic","cycl_only_pleosporaceae_20130601_20180101"
"20130601","20180101","Legacy with covariate 2013-2018","env_cov",TRUE,TRUE,"family_fun","pleosporaceae","Taxonomic","env_cov_pleosporaceae_20130601_20180101"
"20130601","20180101","Legacy with covariate 2013-2018","env_cycl",TRUE,TRUE,"family_fun","pleosporaceae","Taxonomic","env_cycl_pleosporaceae_20130601_20180101"
"20151101","20180101","2 year current methods","cycl_only",TRUE,TRUE,"family_fun","pleosporaceae","Taxonomic","cycl_only_pleosporaceae_20151101_20180101"
"20151101","20180101","2 year current methods","env_cov",TRUE,TRUE,"family_fun","pleosporaceae","Taxonomic","env_cov_pleosporaceae_20151101_20180101"
"20151101","20180101","2 year current methods","env_cycl",TRUE,TRUE,"family_fun","pleosporaceae","Taxonomic","env_cycl_pleosporaceae_20151101_20180101"
"20151101","20180101","Legacy with covariate 2013-2018","cycl_only",TRUE,TRUE,"family_fun","pleosporaceae","Taxonomic","cycl_only_pleosporaceae_20130601_20180101"
"20151101","20180101","Legacy with covariate 2013-2018","env_cov",TRUE,TRUE,"family_fun","pleosporaceae","Taxonomic","env_cov_pleosporaceae_20130601_20180101"
"20151101","20180101","Legacy with covariate 2013-2018","env_cycl",TRUE,TRUE,"family_fun","pleosporaceae","Taxonomic","env_cycl_pleosporaceae_20130601_20180101"
"20151101","20200101","Full dataset","cycl_only",TRUE,TRUE,"family_fun","pleosporaceae","Taxonomic","cycl_only_pleosporaceae_20151101_20200101"
"20151101","20200101","Full dataset","env_cov",TRUE,TRUE,"family_fun","pleosporaceae","Taxonomic","env_cov_pleosporaceae_20151101_20200101"
"20151101","20200101","Full dataset","env_cycl",TRUE,TRUE,"family_fun","pleosporaceae","Taxonomic","env_cycl_pleosporaceae_20151101_20200101"
"20130601","20151101","Legacy only","cycl_only",TRUE,TRUE,"family_fun","russulaceae","Taxonomic","cycl_only_russulaceae_20130601_20151101"
"20130601","20151101","Legacy only","env_cov",TRUE,TRUE,"family_fun","russulaceae","Taxonomic","env_cov_russulaceae_20130601_20151101"
"20130601","20151101","Legacy only","env_cycl",TRUE,TRUE,"family_fun","russulaceae","Taxonomic","env_cycl_russulaceae_20130601_20151101"
"20130601","20170101","Legacy + 1 year current methods","cycl_only",TRUE,TRUE,"family_fun","russulaceae","Taxonomic","cycl_only_russulaceae_20130601_20170101"
"20130601","20170101","Legacy + 1 year current methods","env_cov",TRUE,TRUE,"family_fun","russulaceae","Taxonomic","env_cov_russulaceae_20130601_20170101"
"20130601","20170101","Legacy + 1 year current methods","env_cycl",TRUE,TRUE,"family_fun","russulaceae","Taxonomic","env_cycl_russulaceae_20130601_20170101"
"20130601","20180101","Legacy with covariate 2013-2018","cycl_only",TRUE,TRUE,"family_fun","russulaceae","Taxonomic","cycl_only_russulaceae_20130601_20180101"
"20130601","20180101","Legacy with covariate 2013-2018","env_cov",TRUE,TRUE,"family_fun","russulaceae","Taxonomic","env_cov_russulaceae_20130601_20180101"
"20130601","20180101","Legacy with covariate 2013-2018","env_cycl",TRUE,TRUE,"family_fun","russulaceae","Taxonomic","env_cycl_russulaceae_20130601_20180101"
"20151101","20180101","2 year current methods","cycl_only",TRUE,TRUE,"family_fun","russulaceae","Taxonomic","cycl_only_russulaceae_20151101_20180101"
"20151101","20180101","2 year current methods","env_cov",TRUE,TRUE,"family_fun","russulaceae","Taxonomic","env_cov_russulaceae_20151101_20180101"
"20151101","20180101","2 year current methods","env_cycl",TRUE,TRUE,"family_fun","russulaceae","Taxonomic","env_cycl_russulaceae_20151101_20180101"
"20151101","20180101","Legacy with covariate 2013-2018","cycl_only",TRUE,TRUE,"family_fun","russulaceae","Taxonomic","cycl_only_russulaceae_20130601_20180101"
"20151101","20180101","Legacy with covariate 2013-2018","env_cov",TRUE,TRUE,"family_fun","russulaceae","Taxonomic","env_cov_russulaceae_20130601_20180101"
"20151101","20180101","Legacy with covariate 2013-2018","env_cycl",TRUE,TRUE,"family_fun","russulaceae","Taxonomic","env_cycl_russulaceae_20130601_20180101"
"20151101","20200101","Full dataset","cycl_only",TRUE,TRUE,"family_fun","russulaceae","Taxonomic","cycl_only_russulaceae_20151101_20200101"
"20151101","20200101","Full dataset","env_cov",TRUE,TRUE,"family_fun","russulaceae","Taxonomic","env_cov_russulaceae_20151101_20200101"
"20151101","20200101","Full dataset","env_cycl",TRUE,TRUE,"family_fun","russulaceae","Taxonomic","env_cycl_russulaceae_20151101_20200101"
"20130601","20151101","Legacy only","cycl_only",TRUE,TRUE,"family_fun","thelephoraceae","Taxonomic","cycl_only_thelephoraceae_20130601_20151101"
"20130601","20151101","Legacy only","env_cov",TRUE,TRUE,"family_fun","thelephoraceae","Taxonomic","env_cov_thelephoraceae_20130601_20151101"
"20130601","20151101","Legacy only","env_cycl",TRUE,TRUE,"family_fun","thelephoraceae","Taxonomic","env_cycl_thelephoraceae_20130601_20151101"
"20130601","20170101","Legacy + 1 year current methods","cycl_only",TRUE,TRUE,"family_fun","thelephoraceae","Taxonomic","cycl_only_thelephoraceae_20130601_20170101"
"20130601","20170101","Legacy + 1 year current methods","env_cov",TRUE,TRUE,"family_fun","thelephoraceae","Taxonomic","env_cov_thelephoraceae_20130601_20170101"
"20130601","20170101","Legacy + 1 year current methods","env_cycl",TRUE,TRUE,"family_fun","thelephoraceae","Taxonomic","env_cycl_thelephoraceae_20130601_20170101"
"20130601","20180101","Legacy with covariate 2013-2018","cycl_only",TRUE,TRUE,"family_fun","thelephoraceae","Taxonomic","cycl_only_thelephoraceae_20130601_20180101"
"20130601","20180101","Legacy with covariate 2013-2018","env_cov",TRUE,TRUE,"family_fun","thelephoraceae","Taxonomic","env_cov_thelephoraceae_20130601_20180101"
"20130601","20180101","Legacy with covariate 2013-2018","env_cycl",TRUE,TRUE,"family_fun","thelephoraceae","Taxonomic","env_cycl_thelephoraceae_20130601_20180101"
"20151101","20180101","2 year current methods","cycl_only",TRUE,TRUE,"family_fun","thelephoraceae","Taxonomic","cycl_only_thelephoraceae_20151101_20180101"
"20151101","20180101","2 year current methods","env_cov",TRUE,TRUE,"family_fun","thelephoraceae","Taxonomic","env_cov_thelephoraceae_20151101_20180101"
"20151101","20180101","2 year current methods","env_cycl",TRUE,TRUE,"family_fun","thelephoraceae","Taxonomic","env_cycl_thelephoraceae_20151101_20180101"
"20151101","20180101","Legacy with covariate 2013-2018","cycl_only",TRUE,TRUE,"family_fun","thelephoraceae","Taxonomic","cycl_only_thelephoraceae_20130601_20180101"
"20151101","20180101","Legacy with covariate 2013-2018","env_cov",TRUE,TRUE,"family_fun","thelephoraceae","Taxonomic","env_cov_thelephoraceae_20130601_20180101"
"20151101","20180101","Legacy with covariate 2013-2018","env_cycl",TRUE,TRUE,"family_fun","thelephoraceae","Taxonomic","env_cycl_thelephoraceae_20130601_20180101"
"20151101","20200101","Full dataset","cycl_only",TRUE,TRUE,"family_fun","thelephoraceae","Taxonomic","cycl_only_thelephoraceae_20151101_20200101"
"20151101","20200101","Full dataset","env_cov",TRUE,TRUE,"family_fun","thelephoraceae","Taxonomic","env_cov_thelephoraceae_20151101_20200101"
"20151101","20200101","Full dataset","env_cycl",TRUE,TRUE,"family_fun","thelephoraceae","Taxonomic","env_cycl_thelephoraceae_20151101_20200101"
"20130601","20151101","Legacy only","cycl_only",TRUE,TRUE,"family_fun","trichocomaceae","Taxonomic","cycl_only_trichocomaceae_20130601_20151101"
"20130601","20151101","Legacy only","env_cov",TRUE,TRUE,"family_fun","trichocomaceae","Taxonomic","env_cov_trichocomaceae_20130601_20151101"
"20130601","20151101","Legacy only","env_cycl",TRUE,TRUE,"family_fun","trichocomaceae","Taxonomic","env_cycl_trichocomaceae_20130601_20151101"
"20130601","20170101","Legacy + 1 year current methods","cycl_only",TRUE,TRUE,"family_fun","trichocomaceae","Taxonomic","cycl_only_trichocomaceae_20130601_20170101"
"20130601","20170101","Legacy + 1 year current methods","env_cov",TRUE,TRUE,"family_fun","trichocomaceae","Taxonomic","env_cov_trichocomaceae_20130601_20170101"
"20130601","20170101","Legacy + 1 year current methods","env_cycl",TRUE,TRUE,"family_fun","trichocomaceae","Taxonomic","env_cycl_trichocomaceae_20130601_20170101"
"20130601","20180101","Legacy with covariate 2013-2018","cycl_only",TRUE,TRUE,"family_fun","trichocomaceae","Taxonomic","cycl_only_trichocomaceae_20130601_20180101"
"20130601","20180101","Legacy with covariate 2013-2018","env_cov",TRUE,TRUE,"family_fun","trichocomaceae","Taxonomic","env_cov_trichocomaceae_20130601_20180101"
"20130601","20180101","Legacy with covariate 2013-2018","env_cycl",TRUE,TRUE,"family_fun","trichocomaceae","Taxonomic","env_cycl_trichocomaceae_20130601_20180101"
"20151101","20180101","2 year current methods","cycl_only",TRUE,TRUE,"family_fun","trichocomaceae","Taxonomic","cycl_only_trichocomaceae_20151101_20180101"
"20151101","20180101","2 year current methods","env_cov",TRUE,TRUE,"family_fun","trichocomaceae","Taxonomic","env_cov_trichocomaceae_20151101_20180101"
"20151101","20180101","2 year current methods","env_cycl",TRUE,TRUE,"family_fun","trichocomaceae","Taxonomic","env_cycl_trichocomaceae_20151101_20180101"
"20151101","20180101","Legacy with covariate 2013-2018","cycl_only",TRUE,TRUE,"family_fun","trichocomaceae","Taxonomic","cycl_only_trichocomaceae_20130601_20180101"
"20151101","20180101","Legacy with covariate 2013-2018","env_cov",TRUE,TRUE,"family_fun","trichocomaceae","Taxonomic","env_cov_trichocomaceae_20130601_20180101"
"20151101","20180101","Legacy with covariate 2013-2018","env_cycl",TRUE,TRUE,"family_fun","trichocomaceae","Taxonomic","env_cycl_trichocomaceae_20130601_20180101"
"20151101","20200101","Full dataset","cycl_only",TRUE,TRUE,"family_fun","trichocomaceae","Taxonomic","cycl_only_trichocomaceae_20151101_20200101"
"20151101","20200101","Full dataset","env_cov",TRUE,TRUE,"family_fun","trichocomaceae","Taxonomic","env_cov_trichocomaceae_20151101_20200101"
"20151101","20200101","Full dataset","env_cycl",TRUE,TRUE,"family_fun","trichocomaceae","Taxonomic","env_cycl_trichocomaceae_20151101_20200101"
"20130601","20151101","Legacy only","cycl_only",TRUE,TRUE,"family_fun","umbelopsidaceae","Taxonomic","cycl_only_umbelopsidaceae_20130601_20151101"
"20130601","20151101","Legacy only","env_cov",TRUE,TRUE,"family_fun","umbelopsidaceae","Taxonomic","env_cov_umbelopsidaceae_20130601_20151101"
"20130601","20151101","Legacy only","env_cycl",TRUE,TRUE,"family_fun","umbelopsidaceae","Taxonomic","env_cycl_umbelopsidaceae_20130601_20151101"
"20130601","20170101","Legacy + 1 year current methods","cycl_only",TRUE,TRUE,"family_fun","umbelopsidaceae","Taxonomic","cycl_only_umbelopsidaceae_20130601_20170101"
"20130601","20170101","Legacy + 1 year current methods","env_cov",TRUE,TRUE,"family_fun","umbelopsidaceae","Taxonomic","env_cov_umbelopsidaceae_20130601_20170101"
"20130601","20170101","Legacy + 1 year current methods","env_cycl",TRUE,TRUE,"family_fun","umbelopsidaceae","Taxonomic","env_cycl_umbelopsidaceae_20130601_20170101"
"20130601","20180101","Legacy with covariate 2013-2018","cycl_only",TRUE,TRUE,"family_fun","umbelopsidaceae","Taxonomic","cycl_only_umbelopsidaceae_20130601_20180101"
"20130601","20180101","Legacy with covariate 2013-2018","env_cov",TRUE,TRUE,"family_fun","umbelopsidaceae","Taxonomic","env_cov_umbelopsidaceae_20130601_20180101"
"20130601","20180101","Legacy with covariate 2013-2018","env_cycl",TRUE,TRUE,"family_fun","umbelopsidaceae","Taxonomic","env_cycl_umbelopsidaceae_20130601_20180101"
"20151101","20180101","2 year current methods","cycl_only",TRUE,TRUE,"family_fun","umbelopsidaceae","Taxonomic","cycl_only_umbelopsidaceae_20151101_20180101"
"20151101","20180101","2 year current methods","env_cov",TRUE,TRUE,"family_fun","umbelopsidaceae","Taxonomic","env_cov_umbelopsidaceae_20151101_20180101"
"20151101","20180101","2 year current methods","env_cycl",TRUE,TRUE,"family_fun","umbelopsidaceae","Taxonomic","env_cycl_umbelopsidaceae_20151101_20180101"
"20151101","20180101","Legacy with covariate 2013-2018","cycl_only",TRUE,TRUE,"family_fun","umbelopsidaceae","Taxonomic","cycl_only_umbelopsidaceae_20130601_20180101"
"20151101","20180101","Legacy with covariate 2013-2018","env_cov",TRUE,TRUE,"family_fun","umbelopsidaceae","Taxonomic","env_cov_umbelopsidaceae_20130601_20180101"
"20151101","20180101","Legacy with covariate 2013-2018","env_cycl",TRUE,TRUE,"family_fun","umbelopsidaceae","Taxonomic","env_cycl_umbelopsidaceae_20130601_20180101"
"20151101","20200101","Full dataset","cycl_only",TRUE,TRUE,"family_fun","umbelopsidaceae","Taxonomic","cycl_only_umbelopsidaceae_20151101_20200101"
"20151101","20200101","Full dataset","env_cov",TRUE,TRUE,"family_fun","umbelopsidaceae","Taxonomic","env_cov_umbelopsidaceae_20151101_20200101"
"20151101","20200101","Full dataset","env_cycl",TRUE,TRUE,"family_fun","umbelopsidaceae","Taxonomic","env_cycl_umbelopsidaceae_20151101_20200101"
"20130601","20151101","Legacy only","cycl_only",TRUE,TRUE,"genus_fun","archaeorhizomyces","Taxonomic","cycl_only_archaeorhizomyces_20130601_20151101"
"20130601","20151101","Legacy only","env_cov",TRUE,TRUE,"genus_fun","archaeorhizomyces","Taxonomic","env_cov_archaeorhizomyces_20130601_20151101"
"20130601","20151101","Legacy only","env_cycl",TRUE,TRUE,"genus_fun","archaeorhizomyces","Taxonomic","env_cycl_archaeorhizomyces_20130601_20151101"
"20130601","20170101","Legacy + 1 year current methods","cycl_only",TRUE,TRUE,"genus_fun","archaeorhizomyces","Taxonomic","cycl_only_archaeorhizomyces_20130601_20170101"
"20130601","20170101","Legacy + 1 year current methods","env_cov",TRUE,TRUE,"genus_fun","archaeorhizomyces","Taxonomic","env_cov_archaeorhizomyces_20130601_20170101"
"20130601","20170101","Legacy + 1 year current methods","env_cycl",TRUE,TRUE,"genus_fun","archaeorhizomyces","Taxonomic","env_cycl_archaeorhizomyces_20130601_20170101"
"20130601","20180101","Legacy with covariate 2013-2018","cycl_only",TRUE,TRUE,"genus_fun","archaeorhizomyces","Taxonomic","cycl_only_archaeorhizomyces_20130601_20180101"
"20130601","20180101","Legacy with covariate 2013-2018","env_cov",TRUE,TRUE,"genus_fun","archaeorhizomyces","Taxonomic","env_cov_archaeorhizomyces_20130601_20180101"
"20130601","20180101","Legacy with covariate 2013-2018","env_cycl",TRUE,TRUE,"genus_fun","archaeorhizomyces","Taxonomic","env_cycl_archaeorhizomyces_20130601_20180101"
"20151101","20180101","2 year current methods","cycl_only",TRUE,TRUE,"genus_fun","archaeorhizomyces","Taxonomic","cycl_only_archaeorhizomyces_20151101_20180101"
"20151101","20180101","2 year current methods","env_cov",TRUE,TRUE,"genus_fun","archaeorhizomyces","Taxonomic","env_cov_archaeorhizomyces_20151101_20180101"
"20151101","20180101","2 year current methods","env_cycl",TRUE,TRUE,"genus_fun","archaeorhizomyces","Taxonomic","env_cycl_archaeorhizomyces_20151101_20180101"
"20151101","20180101","Legacy with covariate 2013-2018","cycl_only",TRUE,TRUE,"genus_fun","archaeorhizomyces","Taxonomic","cycl_only_archaeorhizomyces_20130601_20180101"
"20151101","20180101","Legacy with covariate 2013-2018","env_cov",TRUE,TRUE,"genus_fun","archaeorhizomyces","Taxonomic","env_cov_archaeorhizomyces_20130601_20180101"
"20151101","20180101","Legacy with covariate 2013-2018","env_cycl",TRUE,TRUE,"genus_fun","archaeorhizomyces","Taxonomic","env_cycl_archaeorhizomyces_20130601_20180101"
"20151101","20200101","Full dataset","cycl_only",TRUE,TRUE,"genus_fun","archaeorhizomyces","Taxonomic","cycl_only_archaeorhizomyces_20151101_20200101"
"20151101","20200101","Full dataset","env_cov",TRUE,TRUE,"genus_fun","archaeorhizomyces","Taxonomic","env_cov_archaeorhizomyces_20151101_20200101"
"20151101","20200101","Full dataset","env_cycl",TRUE,TRUE,"genus_fun","archaeorhizomyces","Taxonomic","env_cycl_archaeorhizomyces_20151101_20200101"
"20130601","20151101","Legacy only","cycl_only",TRUE,TRUE,"genus_fun","aspergillus","Taxonomic","cycl_only_aspergillus_20130601_20151101"
"20130601","20151101","Legacy only","env_cov",TRUE,TRUE,"genus_fun","aspergillus","Taxonomic","env_cov_aspergillus_20130601_20151101"
"20130601","20151101","Legacy only","env_cycl",TRUE,TRUE,"genus_fun","aspergillus","Taxonomic","env_cycl_aspergillus_20130601_20151101"
"20130601","20170101","Legacy + 1 year current methods","cycl_only",TRUE,TRUE,"genus_fun","aspergillus","Taxonomic","cycl_only_aspergillus_20130601_20170101"
"20130601","20170101","Legacy + 1 year current methods","env_cov",TRUE,TRUE,"genus_fun","aspergillus","Taxonomic","env_cov_aspergillus_20130601_20170101"
"20130601","20170101","Legacy + 1 year current methods","env_cycl",TRUE,TRUE,"genus_fun","aspergillus","Taxonomic","env_cycl_aspergillus_20130601_20170101"
"20130601","20180101","Legacy with covariate 2013-2018","cycl_only",TRUE,TRUE,"genus_fun","aspergillus","Taxonomic","cycl_only_aspergillus_20130601_20180101"
"20130601","20180101","Legacy with covariate 2013-2018","env_cov",TRUE,TRUE,"genus_fun","aspergillus","Taxonomic","env_cov_aspergillus_20130601_20180101"
"20130601","20180101","Legacy with covariate 2013-2018","env_cycl",TRUE,TRUE,"genus_fun","aspergillus","Taxonomic","env_cycl_aspergillus_20130601_20180101"
"20151101","20180101","2 year current methods","cycl_only",TRUE,TRUE,"genus_fun","aspergillus","Taxonomic","cycl_only_aspergillus_20151101_20180101"
"20151101","20180101","2 year current methods","env_cov",TRUE,TRUE,"genus_fun","aspergillus","Taxonomic","env_cov_aspergillus_20151101_20180101"
"20151101","20180101","2 year current methods","env_cycl",TRUE,TRUE,"genus_fun","aspergillus","Taxonomic","env_cycl_aspergillus_20151101_20180101"
"20151101","20180101","Legacy with covariate 2013-2018","cycl_only",TRUE,TRUE,"genus_fun","aspergillus","Taxonomic","cycl_only_aspergillus_20130601_20180101"
"20151101","20180101","Legacy with covariate 2013-2018","env_cov",TRUE,TRUE,"genus_fun","aspergillus","Taxonomic","env_cov_aspergillus_20130601_20180101"
"20151101","20180101","Legacy with covariate 2013-2018","env_cycl",TRUE,TRUE,"genus_fun","aspergillus","Taxonomic","env_cycl_aspergillus_20130601_20180101"
"20151101","20200101","Full dataset","cycl_only",TRUE,TRUE,"genus_fun","aspergillus","Taxonomic","cycl_only_aspergillus_20151101_20200101"
"20151101","20200101","Full dataset","env_cov",TRUE,TRUE,"genus_fun","aspergillus","Taxonomic","env_cov_aspergillus_20151101_20200101"
"20151101","20200101","Full dataset","env_cycl",TRUE,TRUE,"genus_fun","aspergillus","Taxonomic","env_cycl_aspergillus_20151101_20200101"
"20130601","20151101","Legacy only","cycl_only",TRUE,TRUE,"genus_fun","cenococcum","Taxonomic","cycl_only_cenococcum_20130601_20151101"
"20130601","20151101","Legacy only","env_cov",TRUE,TRUE,"genus_fun","cenococcum","Taxonomic","env_cov_cenococcum_20130601_20151101"
"20130601","20151101","Legacy only","env_cycl",TRUE,TRUE,"genus_fun","cenococcum","Taxonomic","env_cycl_cenococcum_20130601_20151101"
"20130601","20170101","Legacy + 1 year current methods","cycl_only",TRUE,TRUE,"genus_fun","cenococcum","Taxonomic","cycl_only_cenococcum_20130601_20170101"
"20130601","20170101","Legacy + 1 year current methods","env_cov",TRUE,TRUE,"genus_fun","cenococcum","Taxonomic","env_cov_cenococcum_20130601_20170101"
"20130601","20170101","Legacy + 1 year current methods","env_cycl",TRUE,TRUE,"genus_fun","cenococcum","Taxonomic","env_cycl_cenococcum_20130601_20170101"
"20130601","20180101","Legacy with covariate 2013-2018","cycl_only",TRUE,TRUE,"genus_fun","cenococcum","Taxonomic","cycl_only_cenococcum_20130601_20180101"
"20130601","20180101","Legacy with covariate 2013-2018","env_cov",TRUE,TRUE,"genus_fun","cenococcum","Taxonomic","env_cov_cenococcum_20130601_20180101"
"20130601","20180101","Legacy with covariate 2013-2018","env_cycl",TRUE,TRUE,"genus_fun","cenococcum","Taxonomic","env_cycl_cenococcum_20130601_20180101"
"20151101","20180101","2 year current methods","cycl_only",TRUE,TRUE,"genus_fun","cenococcum","Taxonomic","cycl_only_cenococcum_20151101_20180101"
"20151101","20180101","2 year current methods","env_cov",TRUE,TRUE,"genus_fun","cenococcum","Taxonomic","env_cov_cenococcum_20151101_20180101"
"20151101","20180101","2 year current methods","env_cycl",TRUE,TRUE,"genus_fun","cenococcum","Taxonomic","env_cycl_cenococcum_20151101_20180101"
"20151101","20180101","Legacy with covariate 2013-2018","cycl_only",TRUE,TRUE,"genus_fun","cenococcum","Taxonomic","cycl_only_cenococcum_20130601_20180101"
"20151101","20180101","Legacy with covariate 2013-2018","env_cov",TRUE,TRUE,"genus_fun","cenococcum","Taxonomic","env_cov_cenococcum_20130601_20180101"
"20151101","20180101","Legacy with covariate 2013-2018","env_cycl",TRUE,TRUE,"genus_fun","cenococcum","Taxonomic","env_cycl_cenococcum_20130601_20180101"
"20151101","20200101","Full dataset","cycl_only",TRUE,TRUE,"genus_fun","cenococcum","Taxonomic","cycl_only_cenococcum_20151101_20200101"
"20151101","20200101","Full dataset","env_cov",TRUE,TRUE,"genus_fun","cenococcum","Taxonomic","env_cov_cenococcum_20151101_20200101"
"20151101","20200101","Full dataset","env_cycl",TRUE,TRUE,"genus_fun","cenococcum","Taxonomic","env_cycl_cenococcum_20151101_20200101"
"20130601","20151101","Legacy only","cycl_only",TRUE,TRUE,"genus_fun","chaetomium","Taxonomic","cycl_only_chaetomium_20130601_20151101"
"20130601","20151101","Legacy only","env_cov",TRUE,TRUE,"genus_fun","chaetomium","Taxonomic","env_cov_chaetomium_20130601_20151101"
"20130601","20151101","Legacy only","env_cycl",TRUE,TRUE,"genus_fun","chaetomium","Taxonomic","env_cycl_chaetomium_20130601_20151101"
"20130601","20170101","Legacy + 1 year current methods","cycl_only",TRUE,TRUE,"genus_fun","chaetomium","Taxonomic","cycl_only_chaetomium_20130601_20170101"
"20130601","20170101","Legacy + 1 year current methods","env_cov",TRUE,TRUE,"genus_fun","chaetomium","Taxonomic","env_cov_chaetomium_20130601_20170101"
"20130601","20170101","Legacy + 1 year current methods","env_cycl",TRUE,TRUE,"genus_fun","chaetomium","Taxonomic","env_cycl_chaetomium_20130601_20170101"
"20130601","20180101","Legacy with covariate 2013-2018","cycl_only",TRUE,TRUE,"genus_fun","chaetomium","Taxonomic","cycl_only_chaetomium_20130601_20180101"
"20130601","20180101","Legacy with covariate 2013-2018","env_cov",TRUE,TRUE,"genus_fun","chaetomium","Taxonomic","env_cov_chaetomium_20130601_20180101"
"20130601","20180101","Legacy with covariate 2013-2018","env_cycl",TRUE,TRUE,"genus_fun","chaetomium","Taxonomic","env_cycl_chaetomium_20130601_20180101"
"20151101","20180101","2 year current methods","cycl_only",TRUE,TRUE,"genus_fun","chaetomium","Taxonomic","cycl_only_chaetomium_20151101_20180101"
"20151101","20180101","2 year current methods","env_cov",TRUE,TRUE,"genus_fun","chaetomium","Taxonomic","env_cov_chaetomium_20151101_20180101"
"20151101","20180101","2 year current methods","env_cycl",TRUE,TRUE,"genus_fun","chaetomium","Taxonomic","env_cycl_chaetomium_20151101_20180101"
"20151101","20180101","Legacy with covariate 2013-2018","cycl_only",TRUE,TRUE,"genus_fun","chaetomium","Taxonomic","cycl_only_chaetomium_20130601_20180101"
"20151101","20180101","Legacy with covariate 2013-2018","env_cov",TRUE,TRUE,"genus_fun","chaetomium","Taxonomic","env_cov_chaetomium_20130601_20180101"
"20151101","20180101","Legacy with covariate 2013-2018","env_cycl",TRUE,TRUE,"genus_fun","chaetomium","Taxonomic","env_cycl_chaetomium_20130601_20180101"
"20151101","20200101","Full dataset","cycl_only",TRUE,TRUE,"genus_fun","chaetomium","Taxonomic","cycl_only_chaetomium_20151101_20200101"
"20151101","20200101","Full dataset","env_cov",TRUE,TRUE,"genus_fun","chaetomium","Taxonomic","env_cov_chaetomium_20151101_20200101"
"20151101","20200101","Full dataset","env_cycl",TRUE,TRUE,"genus_fun","chaetomium","Taxonomic","env_cycl_chaetomium_20151101_20200101"
"20130601","20151101","Legacy only","cycl_only",TRUE,TRUE,"genus_fun","cladophialophora","Taxonomic","cycl_only_cladophialophora_20130601_20151101"
"20130601","20151101","Legacy only","env_cov",TRUE,TRUE,"genus_fun","cladophialophora","Taxonomic","env_cov_cladophialophora_20130601_20151101"
"20130601","20151101","Legacy only","env_cycl",TRUE,TRUE,"genus_fun","cladophialophora","Taxonomic","env_cycl_cladophialophora_20130601_20151101"
"20130601","20170101","Legacy + 1 year current methods","cycl_only",TRUE,TRUE,"genus_fun","cladophialophora","Taxonomic","cycl_only_cladophialophora_20130601_20170101"
"20130601","20170101","Legacy + 1 year current methods","env_cov",TRUE,TRUE,"genus_fun","cladophialophora","Taxonomic","env_cov_cladophialophora_20130601_20170101"
"20130601","20170101","Legacy + 1 year current methods","env_cycl",TRUE,TRUE,"genus_fun","cladophialophora","Taxonomic","env_cycl_cladophialophora_20130601_20170101"
"20130601","20180101","Legacy with covariate 2013-2018","cycl_only",TRUE,TRUE,"genus_fun","cladophialophora","Taxonomic","cycl_only_cladophialophora_20130601_20180101"
"20130601","20180101","Legacy with covariate 2013-2018","env_cov",TRUE,TRUE,"genus_fun","cladophialophora","Taxonomic","env_cov_cladophialophora_20130601_20180101"
"20130601","20180101","Legacy with covariate 2013-2018","env_cycl",TRUE,TRUE,"genus_fun","cladophialophora","Taxonomic","env_cycl_cladophialophora_20130601_20180101"
"20151101","20180101","2 year current methods","cycl_only",TRUE,TRUE,"genus_fun","cladophialophora","Taxonomic","cycl_only_cladophialophora_20151101_20180101"
"20151101","20180101","2 year current methods","env_cov",TRUE,TRUE,"genus_fun","cladophialophora","Taxonomic","env_cov_cladophialophora_20151101_20180101"
"20151101","20180101","2 year current methods","env_cycl",TRUE,TRUE,"genus_fun","cladophialophora","Taxonomic","env_cycl_cladophialophora_20151101_20180101"
"20151101","20180101","Legacy with covariate 2013-2018","cycl_only",TRUE,TRUE,"genus_fun","cladophialophora","Taxonomic","cycl_only_cladophialophora_20130601_20180101"
"20151101","20180101","Legacy with covariate 2013-2018","env_cov",TRUE,TRUE,"genus_fun","cladophialophora","Taxonomic","env_cov_cladophialophora_20130601_20180101"
"20151101","20180101","Legacy with covariate 2013-2018","env_cycl",TRUE,TRUE,"genus_fun","cladophialophora","Taxonomic","env_cycl_cladophialophora_20130601_20180101"
"20151101","20200101","Full dataset","cycl_only",TRUE,TRUE,"genus_fun","cladophialophora","Taxonomic","cycl_only_cladophialophora_20151101_20200101"
"20151101","20200101","Full dataset","env_cov",TRUE,TRUE,"genus_fun","cladophialophora","Taxonomic","env_cov_cladophialophora_20151101_20200101"
"20151101","20200101","Full dataset","env_cycl",TRUE,TRUE,"genus_fun","cladophialophora","Taxonomic","env_cycl_cladophialophora_20151101_20200101"
"20130601","20151101","Legacy only","cycl_only",TRUE,TRUE,"genus_fun","cladosporium","Taxonomic","cycl_only_cladosporium_20130601_20151101"
"20130601","20151101","Legacy only","env_cov",TRUE,TRUE,"genus_fun","cladosporium","Taxonomic","env_cov_cladosporium_20130601_20151101"
"20130601","20151101","Legacy only","env_cycl",TRUE,TRUE,"genus_fun","cladosporium","Taxonomic","env_cycl_cladosporium_20130601_20151101"
"20130601","20170101","Legacy + 1 year current methods","cycl_only",TRUE,TRUE,"genus_fun","cladosporium","Taxonomic","cycl_only_cladosporium_20130601_20170101"
"20130601","20170101","Legacy + 1 year current methods","env_cov",TRUE,TRUE,"genus_fun","cladosporium","Taxonomic","env_cov_cladosporium_20130601_20170101"
"20130601","20170101","Legacy + 1 year current methods","env_cycl",TRUE,TRUE,"genus_fun","cladosporium","Taxonomic","env_cycl_cladosporium_20130601_20170101"
"20130601","20180101","Legacy with covariate 2013-2018","cycl_only",TRUE,TRUE,"genus_fun","cladosporium","Taxonomic","cycl_only_cladosporium_20130601_20180101"
"20130601","20180101","Legacy with covariate 2013-2018","env_cov",TRUE,TRUE,"genus_fun","cladosporium","Taxonomic","env_cov_cladosporium_20130601_20180101"
"20130601","20180101","Legacy with covariate 2013-2018","env_cycl",TRUE,TRUE,"genus_fun","cladosporium","Taxonomic","env_cycl_cladosporium_20130601_20180101"
"20151101","20180101","2 year current methods","cycl_only",TRUE,TRUE,"genus_fun","cladosporium","Taxonomic","cycl_only_cladosporium_20151101_20180101"
"20151101","20180101","2 year current methods","env_cov",TRUE,TRUE,"genus_fun","cladosporium","Taxonomic","env_cov_cladosporium_20151101_20180101"
"20151101","20180101","2 year current methods","env_cycl",TRUE,TRUE,"genus_fun","cladosporium","Taxonomic","env_cycl_cladosporium_20151101_20180101"
"20151101","20180101","Legacy with covariate 2013-2018","cycl_only",TRUE,TRUE,"genus_fun","cladosporium","Taxonomic","cycl_only_cladosporium_20130601_20180101"
"20151101","20180101","Legacy with covariate 2013-2018","env_cov",TRUE,TRUE,"genus_fun","cladosporium","Taxonomic","env_cov_cladosporium_20130601_20180101"
"20151101","20180101","Legacy with covariate 2013-2018","env_cycl",TRUE,TRUE,"genus_fun","cladosporium","Taxonomic","env_cycl_cladosporium_20130601_20180101"
"20151101","20200101","Full dataset","cycl_only",TRUE,TRUE,"genus_fun","cladosporium","Taxonomic","cycl_only_cladosporium_20151101_20200101"
"20151101","20200101","Full dataset","env_cov",TRUE,TRUE,"genus_fun","cladosporium","Taxonomic","env_cov_cladosporium_20151101_20200101"
"20151101","20200101","Full dataset","env_cycl",TRUE,TRUE,"genus_fun","cladosporium","Taxonomic","env_cycl_cladosporium_20151101_20200101"
"20130601","20151101","Legacy only","cycl_only",TRUE,TRUE,"genus_fun","coniochaeta","Taxonomic","cycl_only_coniochaeta_20130601_20151101"
"20130601","20151101","Legacy only","env_cov",TRUE,TRUE,"genus_fun","coniochaeta","Taxonomic","env_cov_coniochaeta_20130601_20151101"
"20130601","20151101","Legacy only","env_cycl",TRUE,TRUE,"genus_fun","coniochaeta","Taxonomic","env_cycl_coniochaeta_20130601_20151101"
"20130601","20170101","Legacy + 1 year current methods","cycl_only",TRUE,TRUE,"genus_fun","coniochaeta","Taxonomic","cycl_only_coniochaeta_20130601_20170101"
"20130601","20170101","Legacy + 1 year current methods","env_cov",TRUE,TRUE,"genus_fun","coniochaeta","Taxonomic","env_cov_coniochaeta_20130601_20170101"
"20130601","20170101","Legacy + 1 year current methods","env_cycl",TRUE,TRUE,"genus_fun","coniochaeta","Taxonomic","env_cycl_coniochaeta_20130601_20170101"
"20130601","20180101","Legacy with covariate 2013-2018","cycl_only",TRUE,TRUE,"genus_fun","coniochaeta","Taxonomic","cycl_only_coniochaeta_20130601_20180101"
"20130601","20180101","Legacy with covariate 2013-2018","env_cov",TRUE,TRUE,"genus_fun","coniochaeta","Taxonomic","env_cov_coniochaeta_20130601_20180101"
"20130601","20180101","Legacy with covariate 2013-2018","env_cycl",TRUE,TRUE,"genus_fun","coniochaeta","Taxonomic","env_cycl_coniochaeta_20130601_20180101"
"20151101","20180101","2 year current methods","cycl_only",TRUE,TRUE,"genus_fun","coniochaeta","Taxonomic","cycl_only_coniochaeta_20151101_20180101"
"20151101","20180101","2 year current methods","env_cov",TRUE,TRUE,"genus_fun","coniochaeta","Taxonomic","env_cov_coniochaeta_20151101_20180101"
"20151101","20180101","2 year current methods","env_cycl",TRUE,TRUE,"genus_fun","coniochaeta","Taxonomic","env_cycl_coniochaeta_20151101_20180101"
"20151101","20180101","Legacy with covariate 2013-2018","cycl_only",TRUE,TRUE,"genus_fun","coniochaeta","Taxonomic","cycl_only_coniochaeta_20130601_20180101"
"20151101","20180101","Legacy with covariate 2013-2018","env_cov",TRUE,TRUE,"genus_fun","coniochaeta","Taxonomic","env_cov_coniochaeta_20130601_20180101"
"20151101","20180101","Legacy with covariate 2013-2018","env_cycl",TRUE,TRUE,"genus_fun","coniochaeta","Taxonomic","env_cycl_coniochaeta_20130601_20180101"
"20151101","20200101","Full dataset","cycl_only",TRUE,TRUE,"genus_fun","coniochaeta","Taxonomic","cycl_only_coniochaeta_20151101_20200101"
"20151101","20200101","Full dataset","env_cov",TRUE,TRUE,"genus_fun","coniochaeta","Taxonomic","env_cov_coniochaeta_20151101_20200101"
"20151101","20200101","Full dataset","env_cycl",TRUE,TRUE,"genus_fun","coniochaeta","Taxonomic","env_cycl_coniochaeta_20151101_20200101"
"20130601","20151101","Legacy only","cycl_only",TRUE,TRUE,"genus_fun","cortinarius","Taxonomic","cycl_only_cortinarius_20130601_20151101"
"20130601","20151101","Legacy only","env_cov",TRUE,TRUE,"genus_fun","cortinarius","Taxonomic","env_cov_cortinarius_20130601_20151101"
"20130601","20151101","Legacy only","env_cycl",TRUE,TRUE,"genus_fun","cortinarius","Taxonomic","env_cycl_cortinarius_20130601_20151101"
"20130601","20170101","Legacy + 1 year current methods","cycl_only",TRUE,TRUE,"genus_fun","cortinarius","Taxonomic","cycl_only_cortinarius_20130601_20170101"
"20130601","20170101","Legacy + 1 year current methods","env_cov",TRUE,TRUE,"genus_fun","cortinarius","Taxonomic","env_cov_cortinarius_20130601_20170101"
"20130601","20170101","Legacy + 1 year current methods","env_cycl",TRUE,TRUE,"genus_fun","cortinarius","Taxonomic","env_cycl_cortinarius_20130601_20170101"
"20130601","20180101","Legacy with covariate 2013-2018","cycl_only",TRUE,TRUE,"genus_fun","cortinarius","Taxonomic","cycl_only_cortinarius_20130601_20180101"
"20130601","20180101","Legacy with covariate 2013-2018","env_cov",TRUE,TRUE,"genus_fun","cortinarius","Taxonomic","env_cov_cortinarius_20130601_20180101"
"20130601","20180101","Legacy with covariate 2013-2018","env_cycl",TRUE,TRUE,"genus_fun","cortinarius","Taxonomic","env_cycl_cortinarius_20130601_20180101"
"20151101","20180101","2 year current methods","cycl_only",TRUE,TRUE,"genus_fun","cortinarius","Taxonomic","cycl_only_cortinarius_20151101_20180101"
"20151101","20180101","2 year current methods","env_cov",TRUE,TRUE,"genus_fun","cortinarius","Taxonomic","env_cov_cortinarius_20151101_20180101"
"20151101","20180101","2 year current methods","env_cycl",TRUE,TRUE,"genus_fun","cortinarius","Taxonomic","env_cycl_cortinarius_20151101_20180101"
"20151101","20180101","Legacy with covariate 2013-2018","cycl_only",TRUE,TRUE,"genus_fun","cortinarius","Taxonomic","cycl_only_cortinarius_20130601_20180101"
"20151101","20180101","Legacy with covariate 2013-2018","env_cov",TRUE,TRUE,"genus_fun","cortinarius","Taxonomic","env_cov_cortinarius_20130601_20180101"
"20151101","20180101","Legacy with covariate 2013-2018","env_cycl",TRUE,TRUE,"genus_fun","cortinarius","Taxonomic","env_cycl_cortinarius_20130601_20180101"
"20151101","20200101","Full dataset","cycl_only",TRUE,TRUE,"genus_fun","cortinarius","Taxonomic","cycl_only_cortinarius_20151101_20200101"
"20151101","20200101","Full dataset","env_cov",TRUE,TRUE,"genus_fun","cortinarius","Taxonomic","env_cov_cortinarius_20151101_20200101"
"20151101","20200101","Full dataset","env_cycl",TRUE,TRUE,"genus_fun","cortinarius","Taxonomic","env_cycl_cortinarius_20151101_20200101"
"20130601","20151101","Legacy only","cycl_only",TRUE,TRUE,"genus_fun","entoloma","Taxonomic","cycl_only_entoloma_20130601_20151101"
"20130601","20151101","Legacy only","env_cov",TRUE,TRUE,"genus_fun","entoloma","Taxonomic","env_cov_entoloma_20130601_20151101"
"20130601","20151101","Legacy only","env_cycl",TRUE,TRUE,"genus_fun","entoloma","Taxonomic","env_cycl_entoloma_20130601_20151101"
"20130601","20170101","Legacy + 1 year current methods","cycl_only",TRUE,TRUE,"genus_fun","entoloma","Taxonomic","cycl_only_entoloma_20130601_20170101"
"20130601","20170101","Legacy + 1 year current methods","env_cov",TRUE,TRUE,"genus_fun","entoloma","Taxonomic","env_cov_entoloma_20130601_20170101"
"20130601","20170101","Legacy + 1 year current methods","env_cycl",TRUE,TRUE,"genus_fun","entoloma","Taxonomic","env_cycl_entoloma_20130601_20170101"
"20130601","20180101","Legacy with covariate 2013-2018","cycl_only",TRUE,TRUE,"genus_fun","entoloma","Taxonomic","cycl_only_entoloma_20130601_20180101"
"20130601","20180101","Legacy with covariate 2013-2018","env_cov",TRUE,TRUE,"genus_fun","entoloma","Taxonomic","env_cov_entoloma_20130601_20180101"
"20130601","20180101","Legacy with covariate 2013-2018","env_cycl",TRUE,TRUE,"genus_fun","entoloma","Taxonomic","env_cycl_entoloma_20130601_20180101"
"20151101","20180101","2 year current methods","cycl_only",TRUE,TRUE,"genus_fun","entoloma","Taxonomic","cycl_only_entoloma_20151101_20180101"
"20151101","20180101","2 year current methods","env_cov",TRUE,TRUE,"genus_fun","entoloma","Taxonomic","env_cov_entoloma_20151101_20180101"
"20151101","20180101","2 year current methods","env_cycl",TRUE,TRUE,"genus_fun","entoloma","Taxonomic","env_cycl_entoloma_20151101_20180101"
"20151101","20180101","Legacy with covariate 2013-2018","cycl_only",TRUE,TRUE,"genus_fun","entoloma","Taxonomic","cycl_only_entoloma_20130601_20180101"
"20151101","20180101","Legacy with covariate 2013-2018","env_cov",TRUE,TRUE,"genus_fun","entoloma","Taxonomic","env_cov_entoloma_20130601_20180101"
"20151101","20180101","Legacy with covariate 2013-2018","env_cycl",TRUE,TRUE,"genus_fun","entoloma","Taxonomic","env_cycl_entoloma_20130601_20180101"
"20151101","20200101","Full dataset","cycl_only",TRUE,TRUE,"genus_fun","entoloma","Taxonomic","cycl_only_entoloma_20151101_20200101"
"20151101","20200101","Full dataset","env_cov",TRUE,TRUE,"genus_fun","entoloma","Taxonomic","env_cov_entoloma_20151101_20200101"
"20151101","20200101","Full dataset","env_cycl",TRUE,TRUE,"genus_fun","entoloma","Taxonomic","env_cycl_entoloma_20151101_20200101"
"20130601","20151101","Legacy only","cycl_only",TRUE,TRUE,"genus_fun","exophiala","Taxonomic","cycl_only_exophiala_20130601_20151101"
"20130601","20151101","Legacy only","env_cov",TRUE,TRUE,"genus_fun","exophiala","Taxonomic","env_cov_exophiala_20130601_20151101"
"20130601","20151101","Legacy only","env_cycl",TRUE,TRUE,"genus_fun","exophiala","Taxonomic","env_cycl_exophiala_20130601_20151101"
"20130601","20170101","Legacy + 1 year current methods","cycl_only",TRUE,TRUE,"genus_fun","exophiala","Taxonomic","cycl_only_exophiala_20130601_20170101"
"20130601","20170101","Legacy + 1 year current methods","env_cov",TRUE,TRUE,"genus_fun","exophiala","Taxonomic","env_cov_exophiala_20130601_20170101"
"20130601","20170101","Legacy + 1 year current methods","env_cycl",TRUE,TRUE,"genus_fun","exophiala","Taxonomic","env_cycl_exophiala_20130601_20170101"
"20130601","20180101","Legacy with covariate 2013-2018","cycl_only",TRUE,TRUE,"genus_fun","exophiala","Taxonomic","cycl_only_exophiala_20130601_20180101"
"20130601","20180101","Legacy with covariate 2013-2018","env_cov",TRUE,TRUE,"genus_fun","exophiala","Taxonomic","env_cov_exophiala_20130601_20180101"
"20130601","20180101","Legacy with covariate 2013-2018","env_cycl",TRUE,TRUE,"genus_fun","exophiala","Taxonomic","env_cycl_exophiala_20130601_20180101"
"20151101","20180101","2 year current methods","cycl_only",TRUE,TRUE,"genus_fun","exophiala","Taxonomic","cycl_only_exophiala_20151101_20180101"
"20151101","20180101","2 year current methods","env_cov",TRUE,TRUE,"genus_fun","exophiala","Taxonomic","env_cov_exophiala_20151101_20180101"
"20151101","20180101","2 year current methods","env_cycl",TRUE,TRUE,"genus_fun","exophiala","Taxonomic","env_cycl_exophiala_20151101_20180101"
"20151101","20180101","Legacy with covariate 2013-2018","cycl_only",TRUE,TRUE,"genus_fun","exophiala","Taxonomic","cycl_only_exophiala_20130601_20180101"
"20151101","20180101","Legacy with covariate 2013-2018","env_cov",TRUE,TRUE,"genus_fun","exophiala","Taxonomic","env_cov_exophiala_20130601_20180101"
"20151101","20180101","Legacy with covariate 2013-2018","env_cycl",TRUE,TRUE,"genus_fun","exophiala","Taxonomic","env_cycl_exophiala_20130601_20180101"
"20151101","20200101","Full dataset","cycl_only",TRUE,TRUE,"genus_fun","exophiala","Taxonomic","cycl_only_exophiala_20151101_20200101"
"20151101","20200101","Full dataset","env_cov",TRUE,TRUE,"genus_fun","exophiala","Taxonomic","env_cov_exophiala_20151101_20200101"
"20151101","20200101","Full dataset","env_cycl",TRUE,TRUE,"genus_fun","exophiala","Taxonomic","env_cycl_exophiala_20151101_20200101"
"20130601","20151101","Legacy only","cycl_only",TRUE,TRUE,"genus_fun","fusarium","Taxonomic","cycl_only_fusarium_20130601_20151101"
"20130601","20151101","Legacy only","env_cov",TRUE,TRUE,"genus_fun","fusarium","Taxonomic","env_cov_fusarium_20130601_20151101"
"20130601","20151101","Legacy only","env_cycl",TRUE,TRUE,"genus_fun","fusarium","Taxonomic","env_cycl_fusarium_20130601_20151101"
"20130601","20170101","Legacy + 1 year current methods","cycl_only",TRUE,TRUE,"genus_fun","fusarium","Taxonomic","cycl_only_fusarium_20130601_20170101"
"20130601","20170101","Legacy + 1 year current methods","env_cov",TRUE,TRUE,"genus_fun","fusarium","Taxonomic","env_cov_fusarium_20130601_20170101"
"20130601","20170101","Legacy + 1 year current methods","env_cycl",TRUE,TRUE,"genus_fun","fusarium","Taxonomic","env_cycl_fusarium_20130601_20170101"
"20130601","20180101","Legacy with covariate 2013-2018","cycl_only",TRUE,TRUE,"genus_fun","fusarium","Taxonomic","cycl_only_fusarium_20130601_20180101"
"20130601","20180101","Legacy with covariate 2013-2018","env_cov",TRUE,TRUE,"genus_fun","fusarium","Taxonomic","env_cov_fusarium_20130601_20180101"
"20130601","20180101","Legacy with covariate 2013-2018","env_cycl",TRUE,TRUE,"genus_fun","fusarium","Taxonomic","env_cycl_fusarium_20130601_20180101"
"20151101","20180101","2 year current methods","cycl_only",TRUE,TRUE,"genus_fun","fusarium","Taxonomic","cycl_only_fusarium_20151101_20180101"
"20151101","20180101","2 year current methods","env_cov",TRUE,TRUE,"genus_fun","fusarium","Taxonomic","env_cov_fusarium_20151101_20180101"
"20151101","20180101","2 year current methods","env_cycl",TRUE,TRUE,"genus_fun","fusarium","Taxonomic","env_cycl_fusarium_20151101_20180101"
"20151101","20180101","Legacy with covariate 2013-2018","cycl_only",TRUE,TRUE,"genus_fun","fusarium","Taxonomic","cycl_only_fusarium_20130601_20180101"
"20151101","20180101","Legacy with covariate 2013-2018","env_cov",TRUE,TRUE,"genus_fun","fusarium","Taxonomic","env_cov_fusarium_20130601_20180101"
"20151101","20180101","Legacy with covariate 2013-2018","env_cycl",TRUE,TRUE,"genus_fun","fusarium","Taxonomic","env_cycl_fusarium_20130601_20180101"
"20151101","20200101","Full dataset","cycl_only",TRUE,TRUE,"genus_fun","fusarium","Taxonomic","cycl_only_fusarium_20151101_20200101"
"20151101","20200101","Full dataset","env_cov",TRUE,TRUE,"genus_fun","fusarium","Taxonomic","env_cov_fusarium_20151101_20200101"
"20151101","20200101","Full dataset","env_cycl",TRUE,TRUE,"genus_fun","fusarium","Taxonomic","env_cycl_fusarium_20151101_20200101"
"20130601","20151101","Legacy only","cycl_only",TRUE,TRUE,"genus_fun","glomus","Taxonomic","cycl_only_glomus_20130601_20151101"
"20130601","20151101","Legacy only","env_cov",TRUE,TRUE,"genus_fun","glomus","Taxonomic","env_cov_glomus_20130601_20151101"
"20130601","20151101","Legacy only","env_cycl",TRUE,TRUE,"genus_fun","glomus","Taxonomic","env_cycl_glomus_20130601_20151101"
"20130601","20170101","Legacy + 1 year current methods","cycl_only",TRUE,TRUE,"genus_fun","glomus","Taxonomic","cycl_only_glomus_20130601_20170101"
"20130601","20170101","Legacy + 1 year current methods","env_cov",TRUE,TRUE,"genus_fun","glomus","Taxonomic","env_cov_glomus_20130601_20170101"
"20130601","20170101","Legacy + 1 year current methods","env_cycl",TRUE,TRUE,"genus_fun","glomus","Taxonomic","env_cycl_glomus_20130601_20170101"
"20130601","20180101","Legacy with covariate 2013-2018","cycl_only",TRUE,TRUE,"genus_fun","glomus","Taxonomic","cycl_only_glomus_20130601_20180101"
"20130601","20180101","Legacy with covariate 2013-2018","env_cov",TRUE,TRUE,"genus_fun","glomus","Taxonomic","env_cov_glomus_20130601_20180101"
"20130601","20180101","Legacy with covariate 2013-2018","env_cycl",TRUE,TRUE,"genus_fun","glomus","Taxonomic","env_cycl_glomus_20130601_20180101"
"20151101","20180101","2 year current methods","cycl_only",TRUE,TRUE,"genus_fun","glomus","Taxonomic","cycl_only_glomus_20151101_20180101"
"20151101","20180101","2 year current methods","env_cov",TRUE,TRUE,"genus_fun","glomus","Taxonomic","env_cov_glomus_20151101_20180101"
"20151101","20180101","2 year current methods","env_cycl",TRUE,TRUE,"genus_fun","glomus","Taxonomic","env_cycl_glomus_20151101_20180101"
"20151101","20180101","Legacy with covariate 2013-2018","cycl_only",TRUE,TRUE,"genus_fun","glomus","Taxonomic","cycl_only_glomus_20130601_20180101"
"20151101","20180101","Legacy with covariate 2013-2018","env_cov",TRUE,TRUE,"genus_fun","glomus","Taxonomic","env_cov_glomus_20130601_20180101"
"20151101","20180101","Legacy with covariate 2013-2018","env_cycl",TRUE,TRUE,"genus_fun","glomus","Taxonomic","env_cycl_glomus_20130601_20180101"
"20151101","20200101","Full dataset","cycl_only",TRUE,TRUE,"genus_fun","glomus","Taxonomic","cycl_only_glomus_20151101_20200101"
"20151101","20200101","Full dataset","env_cov",TRUE,TRUE,"genus_fun","glomus","Taxonomic","env_cov_glomus_20151101_20200101"
"20151101","20200101","Full dataset","env_cycl",TRUE,TRUE,"genus_fun","glomus","Taxonomic","env_cycl_glomus_20151101_20200101"
"20130601","20151101","Legacy only","cycl_only",TRUE,TRUE,"genus_fun","metarhizium","Taxonomic","cycl_only_metarhizium_20130601_20151101"
"20130601","20151101","Legacy only","env_cov",TRUE,TRUE,"genus_fun","metarhizium","Taxonomic","env_cov_metarhizium_20130601_20151101"
"20130601","20151101","Legacy only","env_cycl",TRUE,TRUE,"genus_fun","metarhizium","Taxonomic","env_cycl_metarhizium_20130601_20151101"
"20130601","20170101","Legacy + 1 year current methods","cycl_only",TRUE,TRUE,"genus_fun","metarhizium","Taxonomic","cycl_only_metarhizium_20130601_20170101"
"20130601","20170101","Legacy + 1 year current methods","env_cov",TRUE,TRUE,"genus_fun","metarhizium","Taxonomic","env_cov_metarhizium_20130601_20170101"
"20130601","20170101","Legacy + 1 year current methods","env_cycl",TRUE,TRUE,"genus_fun","metarhizium","Taxonomic","env_cycl_metarhizium_20130601_20170101"
"20130601","20180101","Legacy with covariate 2013-2018","cycl_only",TRUE,TRUE,"genus_fun","metarhizium","Taxonomic","cycl_only_metarhizium_20130601_20180101"
"20130601","20180101","Legacy with covariate 2013-2018","env_cov",TRUE,TRUE,"genus_fun","metarhizium","Taxonomic","env_cov_metarhizium_20130601_20180101"
"20130601","20180101","Legacy with covariate 2013-2018","env_cycl",TRUE,TRUE,"genus_fun","metarhizium","Taxonomic","env_cycl_metarhizium_20130601_20180101"
"20151101","20180101","2 year current methods","cycl_only",TRUE,TRUE,"genus_fun","metarhizium","Taxonomic","cycl_only_metarhizium_20151101_20180101"
"20151101","20180101","2 year current methods","env_cov",TRUE,TRUE,"genus_fun","metarhizium","Taxonomic","env_cov_metarhizium_20151101_20180101"
"20151101","20180101","2 year current methods","env_cycl",TRUE,TRUE,"genus_fun","metarhizium","Taxonomic","env_cycl_metarhizium_20151101_20180101"
"20151101","20180101","Legacy with covariate 2013-2018","cycl_only",TRUE,TRUE,"genus_fun","metarhizium","Taxonomic","cycl_only_metarhizium_20130601_20180101"
"20151101","20180101","Legacy with covariate 2013-2018","env_cov",TRUE,TRUE,"genus_fun","metarhizium","Taxonomic","env_cov_metarhizium_20130601_20180101"
"20151101","20180101","Legacy with covariate 2013-2018","env_cycl",TRUE,TRUE,"genus_fun","metarhizium","Taxonomic","env_cycl_metarhizium_20130601_20180101"
"20151101","20200101","Full dataset","cycl_only",TRUE,TRUE,"genus_fun","metarhizium","Taxonomic","cycl_only_metarhizium_20151101_20200101"
"20151101","20200101","Full dataset","env_cov",TRUE,TRUE,"genus_fun","metarhizium","Taxonomic","env_cov_metarhizium_20151101_20200101"
"20151101","20200101","Full dataset","env_cycl",TRUE,TRUE,"genus_fun","metarhizium","Taxonomic","env_cycl_metarhizium_20151101_20200101"
"20130601","20151101","Legacy only","cycl_only",TRUE,TRUE,"genus_fun","mortierella","Taxonomic","cycl_only_mortierella_20130601_20151101"
"20130601","20151101","Legacy only","env_cov",TRUE,TRUE,"genus_fun","mortierella","Taxonomic","env_cov_mortierella_20130601_20151101"
"20130601","20151101","Legacy only","env_cycl",TRUE,TRUE,"genus_fun","mortierella","Taxonomic","env_cycl_mortierella_20130601_20151101"
"20130601","20170101","Legacy + 1 year current methods","cycl_only",TRUE,TRUE,"genus_fun","mortierella","Taxonomic","cycl_only_mortierella_20130601_20170101"
"20130601","20170101","Legacy + 1 year current methods","env_cov",TRUE,TRUE,"genus_fun","mortierella","Taxonomic","env_cov_mortierella_20130601_20170101"
"20130601","20170101","Legacy + 1 year current methods","env_cycl",TRUE,TRUE,"genus_fun","mortierella","Taxonomic","env_cycl_mortierella_20130601_20170101"
"20130601","20180101","Legacy with covariate 2013-2018","cycl_only",TRUE,TRUE,"genus_fun","mortierella","Taxonomic","cycl_only_mortierella_20130601_20180101"
"20130601","20180101","Legacy with covariate 2013-2018","env_cov",TRUE,TRUE,"genus_fun","mortierella","Taxonomic","env_cov_mortierella_20130601_20180101"
"20130601","20180101","Legacy with covariate 2013-2018","env_cycl",TRUE,TRUE,"genus_fun","mortierella","Taxonomic","env_cycl_mortierella_20130601_20180101"
"20151101","20180101","2 year current methods","cycl_only",TRUE,TRUE,"genus_fun","mortierella","Taxonomic","cycl_only_mortierella_20151101_20180101"
"20151101","20180101","2 year current methods","env_cov",TRUE,TRUE,"genus_fun","mortierella","Taxonomic","env_cov_mortierella_20151101_20180101"
"20151101","20180101","2 year current methods","env_cycl",TRUE,TRUE,"genus_fun","mortierella","Taxonomic","env_cycl_mortierella_20151101_20180101"
"20151101","20180101","Legacy with covariate 2013-2018","cycl_only",TRUE,TRUE,"genus_fun","mortierella","Taxonomic","cycl_only_mortierella_20130601_20180101"
"20151101","20180101","Legacy with covariate 2013-2018","env_cov",TRUE,TRUE,"genus_fun","mortierella","Taxonomic","env_cov_mortierella_20130601_20180101"
"20151101","20180101","Legacy with covariate 2013-2018","env_cycl",TRUE,TRUE,"genus_fun","mortierella","Taxonomic","env_cycl_mortierella_20130601_20180101"
"20151101","20200101","Full dataset","cycl_only",TRUE,TRUE,"genus_fun","mortierella","Taxonomic","cycl_only_mortierella_20151101_20200101"
"20151101","20200101","Full dataset","env_cov",TRUE,TRUE,"genus_fun","mortierella","Taxonomic","env_cov_mortierella_20151101_20200101"
"20151101","20200101","Full dataset","env_cycl",TRUE,TRUE,"genus_fun","mortierella","Taxonomic","env_cycl_mortierella_20151101_20200101"
"20130601","20151101","Legacy only","cycl_only",TRUE,TRUE,"genus_fun","oidiodendron","Taxonomic","cycl_only_oidiodendron_20130601_20151101"
"20130601","20151101","Legacy only","env_cov",TRUE,TRUE,"genus_fun","oidiodendron","Taxonomic","env_cov_oidiodendron_20130601_20151101"
"20130601","20151101","Legacy only","env_cycl",TRUE,TRUE,"genus_fun","oidiodendron","Taxonomic","env_cycl_oidiodendron_20130601_20151101"
"20130601","20170101","Legacy + 1 year current methods","cycl_only",TRUE,TRUE,"genus_fun","oidiodendron","Taxonomic","cycl_only_oidiodendron_20130601_20170101"
"20130601","20170101","Legacy + 1 year current methods","env_cov",TRUE,TRUE,"genus_fun","oidiodendron","Taxonomic","env_cov_oidiodendron_20130601_20170101"
"20130601","20170101","Legacy + 1 year current methods","env_cycl",TRUE,TRUE,"genus_fun","oidiodendron","Taxonomic","env_cycl_oidiodendron_20130601_20170101"
"20130601","20180101","Legacy with covariate 2013-2018","cycl_only",TRUE,TRUE,"genus_fun","oidiodendron","Taxonomic","cycl_only_oidiodendron_20130601_20180101"
"20130601","20180101","Legacy with covariate 2013-2018","env_cov",TRUE,TRUE,"genus_fun","oidiodendron","Taxonomic","env_cov_oidiodendron_20130601_20180101"
"20130601","20180101","Legacy with covariate 2013-2018","env_cycl",TRUE,TRUE,"genus_fun","oidiodendron","Taxonomic","env_cycl_oidiodendron_20130601_20180101"
"20151101","20180101","2 year current methods","cycl_only",TRUE,TRUE,"genus_fun","oidiodendron","Taxonomic","cycl_only_oidiodendron_20151101_20180101"
"20151101","20180101","2 year current methods","env_cov",TRUE,TRUE,"genus_fun","oidiodendron","Taxonomic","env_cov_oidiodendron_20151101_20180101"
"20151101","20180101","2 year current methods","env_cycl",TRUE,TRUE,"genus_fun","oidiodendron","Taxonomic","env_cycl_oidiodendron_20151101_20180101"
"20151101","20180101","Legacy with covariate 2013-2018","cycl_only",TRUE,TRUE,"genus_fun","oidiodendron","Taxonomic","cycl_only_oidiodendron_20130601_20180101"
"20151101","20180101","Legacy with covariate 2013-2018","env_cov",TRUE,TRUE,"genus_fun","oidiodendron","Taxonomic","env_cov_oidiodendron_20130601_20180101"
"20151101","20180101","Legacy with covariate 2013-2018","env_cycl",TRUE,TRUE,"genus_fun","oidiodendron","Taxonomic","env_cycl_oidiodendron_20130601_20180101"
"20151101","20200101","Full dataset","cycl_only",TRUE,TRUE,"genus_fun","oidiodendron","Taxonomic","cycl_only_oidiodendron_20151101_20200101"
"20151101","20200101","Full dataset","env_cov",TRUE,TRUE,"genus_fun","oidiodendron","Taxonomic","env_cov_oidiodendron_20151101_20200101"
"20151101","20200101","Full dataset","env_cycl",TRUE,TRUE,"genus_fun","oidiodendron","Taxonomic","env_cycl_oidiodendron_20151101_20200101"
"20130601","20151101","Legacy only","cycl_only",TRUE,TRUE,"genus_fun","penicillium","Taxonomic","cycl_only_penicillium_20130601_20151101"
"20130601","20151101","Legacy only","env_cov",TRUE,TRUE,"genus_fun","penicillium","Taxonomic","env_cov_penicillium_20130601_20151101"
"20130601","20151101","Legacy only","env_cycl",TRUE,TRUE,"genus_fun","penicillium","Taxonomic","env_cycl_penicillium_20130601_20151101"
"20130601","20170101","Legacy + 1 year current methods","cycl_only",TRUE,TRUE,"genus_fun","penicillium","Taxonomic","cycl_only_penicillium_20130601_20170101"
"20130601","20170101","Legacy + 1 year current methods","env_cov",TRUE,TRUE,"genus_fun","penicillium","Taxonomic","env_cov_penicillium_20130601_20170101"
"20130601","20170101","Legacy + 1 year current methods","env_cycl",TRUE,TRUE,"genus_fun","penicillium","Taxonomic","env_cycl_penicillium_20130601_20170101"
"20130601","20180101","Legacy with covariate 2013-2018","cycl_only",TRUE,TRUE,"genus_fun","penicillium","Taxonomic","cycl_only_penicillium_20130601_20180101"
"20130601","20180101","Legacy with covariate 2013-2018","env_cov",TRUE,TRUE,"genus_fun","penicillium","Taxonomic","env_cov_penicillium_20130601_20180101"
"20130601","20180101","Legacy with covariate 2013-2018","env_cycl",TRUE,TRUE,"genus_fun","penicillium","Taxonomic","env_cycl_penicillium_20130601_20180101"
"20151101","20180101","2 year current methods","cycl_only",TRUE,TRUE,"genus_fun","penicillium","Taxonomic","cycl_only_penicillium_20151101_20180101"
"20151101","20180101","2 year current methods","env_cov",TRUE,TRUE,"genus_fun","penicillium","Taxonomic","env_cov_penicillium_20151101_20180101"
"20151101","20180101","2 year current methods","env_cycl",TRUE,TRUE,"genus_fun","penicillium","Taxonomic","env_cycl_penicillium_20151101_20180101"
"20151101","20180101","Legacy with covariate 2013-2018","cycl_only",TRUE,TRUE,"genus_fun","penicillium","Taxonomic","cycl_only_penicillium_20130601_20180101"
"20151101","20180101","Legacy with covariate 2013-2018","env_cov",TRUE,TRUE,"genus_fun","penicillium","Taxonomic","env_cov_penicillium_20130601_20180101"
"20151101","20180101","Legacy with covariate 2013-2018","env_cycl",TRUE,TRUE,"genus_fun","penicillium","Taxonomic","env_cycl_penicillium_20130601_20180101"
"20151101","20200101","Full dataset","cycl_only",TRUE,TRUE,"genus_fun","penicillium","Taxonomic","cycl_only_penicillium_20151101_20200101"
"20151101","20200101","Full dataset","env_cov",TRUE,TRUE,"genus_fun","penicillium","Taxonomic","env_cov_penicillium_20151101_20200101"
"20151101","20200101","Full dataset","env_cycl",TRUE,TRUE,"genus_fun","penicillium","Taxonomic","env_cycl_penicillium_20151101_20200101"
"20130601","20151101","Legacy only","cycl_only",TRUE,TRUE,"genus_fun","russula","Taxonomic","cycl_only_russula_20130601_20151101"
"20130601","20151101","Legacy only","env_cov",TRUE,TRUE,"genus_fun","russula","Taxonomic","env_cov_russula_20130601_20151101"
"20130601","20151101","Legacy only","env_cycl",TRUE,TRUE,"genus_fun","russula","Taxonomic","env_cycl_russula_20130601_20151101"
"20130601","20170101","Legacy + 1 year current methods","cycl_only",TRUE,TRUE,"genus_fun","russula","Taxonomic","cycl_only_russula_20130601_20170101"
"20130601","20170101","Legacy + 1 year current methods","env_cov",TRUE,TRUE,"genus_fun","russula","Taxonomic","env_cov_russula_20130601_20170101"
"20130601","20170101","Legacy + 1 year current methods","env_cycl",TRUE,TRUE,"genus_fun","russula","Taxonomic","env_cycl_russula_20130601_20170101"
"20130601","20180101","Legacy with covariate 2013-2018","cycl_only",TRUE,TRUE,"genus_fun","russula","Taxonomic","cycl_only_russula_20130601_20180101"
"20130601","20180101","Legacy with covariate 2013-2018","env_cov",TRUE,TRUE,"genus_fun","russula","Taxonomic","env_cov_russula_20130601_20180101"
"20130601","20180101","Legacy with covariate 2013-2018","env_cycl",TRUE,TRUE,"genus_fun","russula","Taxonomic","env_cycl_russula_20130601_20180101"
"20151101","20180101","2 year current methods","cycl_only",TRUE,TRUE,"genus_fun","russula","Taxonomic","cycl_only_russula_20151101_20180101"
"20151101","20180101","2 year current methods","env_cov",TRUE,TRUE,"genus_fun","russula","Taxonomic","env_cov_russula_20151101_20180101"
"20151101","20180101","2 year current methods","env_cycl",TRUE,TRUE,"genus_fun","russula","Taxonomic","env_cycl_russula_20151101_20180101"
"20151101","20180101","Legacy with covariate 2013-2018","cycl_only",TRUE,TRUE,"genus_fun","russula","Taxonomic","cycl_only_russula_20130601_20180101"
"20151101","20180101","Legacy with covariate 2013-2018","env_cov",TRUE,TRUE,"genus_fun","russula","Taxonomic","env_cov_russula_20130601_20180101"
"20151101","20180101","Legacy with covariate 2013-2018","env_cycl",TRUE,TRUE,"genus_fun","russula","Taxonomic","env_cycl_russula_20130601_20180101"
"20151101","20200101","Full dataset","cycl_only",TRUE,TRUE,"genus_fun","russula","Taxonomic","cycl_only_russula_20151101_20200101"
"20151101","20200101","Full dataset","env_cov",TRUE,TRUE,"genus_fun","russula","Taxonomic","env_cov_russula_20151101_20200101"
"20151101","20200101","Full dataset","env_cycl",TRUE,TRUE,"genus_fun","russula","Taxonomic","env_cycl_russula_20151101_20200101"
"20130601","20151101","Legacy only","cycl_only",TRUE,TRUE,"genus_fun","talaromyces","Taxonomic","cycl_only_talaromyces_20130601_20151101"
"20130601","20151101","Legacy only","env_cov",TRUE,TRUE,"genus_fun","talaromyces","Taxonomic","env_cov_talaromyces_20130601_20151101"
"20130601","20151101","Legacy only","env_cycl",TRUE,TRUE,"genus_fun","talaromyces","Taxonomic","env_cycl_talaromyces_20130601_20151101"
"20130601","20170101","Legacy + 1 year current methods","cycl_only",TRUE,TRUE,"genus_fun","talaromyces","Taxonomic","cycl_only_talaromyces_20130601_20170101"
"20130601","20170101","Legacy + 1 year current methods","env_cov",TRUE,TRUE,"genus_fun","talaromyces","Taxonomic","env_cov_talaromyces_20130601_20170101"
"20130601","20170101","Legacy + 1 year current methods","env_cycl",TRUE,TRUE,"genus_fun","talaromyces","Taxonomic","env_cycl_talaromyces_20130601_20170101"
"20130601","20180101","Legacy with covariate 2013-2018","cycl_only",TRUE,TRUE,"genus_fun","talaromyces","Taxonomic","cycl_only_talaromyces_20130601_20180101"
"20130601","20180101","Legacy with covariate 2013-2018","env_cov",TRUE,TRUE,"genus_fun","talaromyces","Taxonomic","env_cov_talaromyces_20130601_20180101"
"20130601","20180101","Legacy with covariate 2013-2018","env_cycl",TRUE,TRUE,"genus_fun","talaromyces","Taxonomic","env_cycl_talaromyces_20130601_20180101"
"20151101","20180101","2 year current methods","cycl_only",TRUE,TRUE,"genus_fun","talaromyces","Taxonomic","cycl_only_talaromyces_20151101_20180101"
"20151101","20180101","2 year current methods","env_cov",TRUE,TRUE,"genus_fun","talaromyces","Taxonomic","env_cov_talaromyces_20151101_20180101"
"20151101","20180101","2 year current methods","env_cycl",TRUE,TRUE,"genus_fun","talaromyces","Taxonomic","env_cycl_talaromyces_20151101_20180101"
"20151101","20180101","Legacy with covariate 2013-2018","cycl_only",TRUE,TRUE,"genus_fun","talaromyces","Taxonomic","cycl_only_talaromyces_20130601_20180101"
"20151101","20180101","Legacy with covariate 2013-2018","env_cov",TRUE,TRUE,"genus_fun","talaromyces","Taxonomic","env_cov_talaromyces_20130601_20180101"
"20151101","20180101","Legacy with covariate 2013-2018","env_cycl",TRUE,TRUE,"genus_fun","talaromyces","Taxonomic","env_cycl_talaromyces_20130601_20180101"
"20151101","20200101","Full dataset","cycl_only",TRUE,TRUE,"genus_fun","talaromyces","Taxonomic","cycl_only_talaromyces_20151101_20200101"
"20151101","20200101","Full dataset","env_cov",TRUE,TRUE,"genus_fun","talaromyces","Taxonomic","env_cov_talaromyces_20151101_20200101"
"20151101","20200101","Full dataset","env_cycl",TRUE,TRUE,"genus_fun","talaromyces","Taxonomic","env_cycl_talaromyces_20151101_20200101"
"20130601","20151101","Legacy only","cycl_only",TRUE,TRUE,"genus_fun","trichoderma","Taxonomic","cycl_only_trichoderma_20130601_20151101"
"20130601","20151101","Legacy only","env_cov",TRUE,TRUE,"genus_fun","trichoderma","Taxonomic","env_cov_trichoderma_20130601_20151101"
"20130601","20151101","Legacy only","env_cycl",TRUE,TRUE,"genus_fun","trichoderma","Taxonomic","env_cycl_trichoderma_20130601_20151101"
"20130601","20170101","Legacy + 1 year current methods","cycl_only",TRUE,TRUE,"genus_fun","trichoderma","Taxonomic","cycl_only_trichoderma_20130601_20170101"
"20130601","20170101","Legacy + 1 year current methods","env_cov",TRUE,TRUE,"genus_fun","trichoderma","Taxonomic","env_cov_trichoderma_20130601_20170101"
"20130601","20170101","Legacy + 1 year current methods","env_cycl",TRUE,TRUE,"genus_fun","trichoderma","Taxonomic","env_cycl_trichoderma_20130601_20170101"
"20130601","20180101","Legacy with covariate 2013-2018","cycl_only",TRUE,TRUE,"genus_fun","trichoderma","Taxonomic","cycl_only_trichoderma_20130601_20180101"
"20130601","20180101","Legacy with covariate 2013-2018","env_cov",TRUE,TRUE,"genus_fun","trichoderma","Taxonomic","env_cov_trichoderma_20130601_20180101"
"20130601","20180101","Legacy with covariate 2013-2018","env_cycl",TRUE,TRUE,"genus_fun","trichoderma","Taxonomic","env_cycl_trichoderma_20130601_20180101"
"20151101","20180101","2 year current methods","cycl_only",TRUE,TRUE,"genus_fun","trichoderma","Taxonomic","cycl_only_trichoderma_20151101_20180101"
"20151101","20180101","2 year current methods","env_cov",TRUE,TRUE,"genus_fun","trichoderma","Taxonomic","env_cov_trichoderma_20151101_20180101"
"20151101","20180101","2 year current methods","env_cycl",TRUE,TRUE,"genus_fun","trichoderma","Taxonomic","env_cycl_trichoderma_20151101_20180101"
"20151101","20180101","Legacy with covariate 2013-2018","cycl_only",TRUE,TRUE,"genus_fun","trichoderma","Taxonomic","cycl_only_trichoderma_20130601_20180101"
"20151101","20180101","Legacy with covariate 2013-2018","env_cov",TRUE,TRUE,"genus_fun","trichoderma","Taxonomic","env_cov_trichoderma_20130601_20180101"
"20151101","20180101","Legacy with covariate 2013-2018","env_cycl",TRUE,TRUE,"genus_fun","trichoderma","Taxonomic","env_cycl_trichoderma_20130601_20180101"
"20151101","20200101","Full dataset","cycl_only",TRUE,TRUE,"genus_fun","trichoderma","Taxonomic","cycl_only_trichoderma_20151101_20200101"
"20151101","20200101","Full dataset","env_cov",TRUE,TRUE,"genus_fun","trichoderma","Taxonomic","env_cov_trichoderma_20151101_20200101"
"20151101","20200101","Full dataset","env_cycl",TRUE,TRUE,"genus_fun","trichoderma","Taxonomic","env_cycl_trichoderma_20151101_20200101"
"20130601","20151101","Legacy only","cycl_only",TRUE,TRUE,"genus_fun","umbelopsis","Taxonomic","cycl_only_umbelopsis_20130601_20151101"
"20130601","20151101","Legacy only","env_cov",TRUE,TRUE,"genus_fun","umbelopsis","Taxonomic","env_cov_umbelopsis_20130601_20151101"
"20130601","20151101","Legacy only","env_cycl",TRUE,TRUE,"genus_fun","umbelopsis","Taxonomic","env_cycl_umbelopsis_20130601_20151101"
"20130601","20170101","Legacy + 1 year current methods","cycl_only",TRUE,TRUE,"genus_fun","umbelopsis","Taxonomic","cycl_only_umbelopsis_20130601_20170101"
"20130601","20170101","Legacy + 1 year current methods","env_cov",TRUE,TRUE,"genus_fun","umbelopsis","Taxonomic","env_cov_umbelopsis_20130601_20170101"
"20130601","20170101","Legacy + 1 year current methods","env_cycl",TRUE,TRUE,"genus_fun","umbelopsis","Taxonomic","env_cycl_umbelopsis_20130601_20170101"
"20130601","20180101","Legacy with covariate 2013-2018","cycl_only",TRUE,TRUE,"genus_fun","umbelopsis","Taxonomic","cycl_only_umbelopsis_20130601_20180101"
"20130601","20180101","Legacy with covariate 2013-2018","env_cov",TRUE,TRUE,"genus_fun","umbelopsis","Taxonomic","env_cov_umbelopsis_20130601_20180101"
"20130601","20180101","Legacy with covariate 2013-2018","env_cycl",TRUE,TRUE,"genus_fun","umbelopsis","Taxonomic","env_cycl_umbelopsis_20130601_20180101"
"20151101","20180101","2 year current methods","cycl_only",TRUE,TRUE,"genus_fun","umbelopsis","Taxonomic","cycl_only_umbelopsis_20151101_20180101"
"20151101","20180101","2 year current methods","env_cov",TRUE,TRUE,"genus_fun","umbelopsis","Taxonomic","env_cov_umbelopsis_20151101_20180101"
"20151101","20180101","2 year current methods","env_cycl",TRUE,TRUE,"genus_fun","umbelopsis","Taxonomic","env_cycl_umbelopsis_20151101_20180101"
"20151101","20180101","Legacy with covariate 2013-2018","cycl_only",TRUE,TRUE,"genus_fun","umbelopsis","Taxonomic","cycl_only_umbelopsis_20130601_20180101"
"20151101","20180101","Legacy with covariate 2013-2018","env_cov",TRUE,TRUE,"genus_fun","umbelopsis","Taxonomic","env_cov_umbelopsis_20130601_20180101"
"20151101","20180101","Legacy with covariate 2013-2018","env_cycl",TRUE,TRUE,"genus_fun","umbelopsis","Taxonomic","env_cycl_umbelopsis_20130601_20180101"
"20151101","20200101","Full dataset","cycl_only",TRUE,TRUE,"genus_fun","umbelopsis","Taxonomic","cycl_only_umbelopsis_20151101_20200101"
"20151101","20200101","Full dataset","env_cov",TRUE,TRUE,"genus_fun","umbelopsis","Taxonomic","env_cov_umbelopsis_20151101_20200101"
"20151101","20200101","Full dataset","env_cycl",TRUE,TRUE,"genus_fun","umbelopsis","Taxonomic","env_cycl_umbelopsis_20151101_20200101"
